      100.000   7.2994146e-18
      101.000   7.4733649e-18
      102.000   7.6497846e-18
      103.000   7.8286136e-18
      104.000   8.0097898e-18
      105.000   8.1932502e-18
      106.000   8.3789300e-18
      107.000   8.5667637e-18
      108.000   8.7566847e-18
      109.000   8.9486255e-18
      110.000   9.1425181e-18
      111.000   9.3382939e-18
      112.000   9.5358837e-18
      113.000   9.7352184e-18
      114.000   9.9362283e-18
      115.000   1.0138844e-17
      116.000   1.0342996e-17
      117.000   1.0548614e-17
      118.000   1.0755630e-17
      119.000   1.0963974e-17
      120.000   1.1173578e-17
      121.000   1.1384374e-17
      122.000   1.1596294e-17
      123.000   1.1809271e-17
      124.000   1.2023239e-17
      125.000   1.2238133e-17
      126.000   1.2453886e-17
      127.000   1.2670435e-17
      128.000   1.2887717e-17
      129.000   1.3105670e-17
      130.000   1.3324231e-17
      131.000   1.3543341e-17
      132.000   1.3762939e-17
      133.000   1.3982968e-17
      134.000   1.4203369e-17
      135.000   1.4424086e-17
      136.000   1.4645064e-17
      137.000   1.4866248e-17
      138.000   1.5087585e-17
      139.000   1.5309023e-17
      140.000   1.5530511e-17
      141.000   1.5751999e-17
      142.000   1.5973437e-17
      143.000   1.6194779e-17
      144.000   1.6415977e-17
      145.000   1.6636987e-17
      146.000   1.6857763e-17
      147.000   1.7078263e-17
      148.000   1.7298445e-17
      149.000   1.7518267e-17
      150.000   1.7737689e-17
      151.000   1.7956673e-17
      152.000   1.8175181e-17
      153.000   1.8393177e-17
      154.000   1.8610624e-17
      155.000   1.8827488e-17
      156.000   1.9043736e-17
      157.000   1.9259335e-17
      158.000   1.9474253e-17
      159.000   1.9688460e-17
      160.000   1.9901927e-17
      161.000   2.0114625e-17
      162.000   2.0326527e-17
      163.000   2.0537605e-17
      164.000   2.0747835e-17
      165.000   2.0957190e-17
      166.000   2.1165648e-17
      167.000   2.1373186e-17
      168.000   2.1579780e-17
      169.000   2.1785410e-17
      170.000   2.1990056e-17
      171.000   2.2193697e-17
      172.000   2.2396315e-17
      173.000   2.2597892e-17
      174.000   2.2798410e-17
      175.000   2.2997852e-17
      176.000   2.3196204e-17
      177.000   2.3393449e-17
      178.000   2.3589573e-17
      179.000   2.3784563e-17
      180.000   2.3978405e-17
      181.000   2.4171087e-17
      182.000   2.4362597e-17
      183.000   2.4552924e-17
      184.000   2.4742058e-17
      185.000   2.4929988e-17
      186.000   2.5116705e-17
      187.000   2.5302200e-17
      188.000   2.5486466e-17
      189.000   2.5669493e-17
      190.000   2.5851275e-17
      191.000   2.6031806e-17
      192.000   2.6211079e-17
      193.000   2.6389087e-17
      194.000   2.6565827e-17
      195.000   2.6741294e-17
      196.000   2.6915482e-17
      197.000   2.7088387e-17
      198.000   2.7260008e-17
      199.000   2.7430339e-17
      200.000   2.7599379e-17
      201.000   2.7767126e-17
      202.000   2.7933576e-17
      203.000   2.8098730e-17
      204.000   2.8262584e-17
      205.000   2.8425139e-17
      206.000   2.8586394e-17
      207.000   2.8746349e-17
      208.000   2.8905004e-17
      209.000   2.9062358e-17
      210.000   2.9218413e-17
      211.000   2.9373170e-17
      212.000   2.9526630e-17
      213.000   2.9678794e-17
      214.000   2.9829664e-17
      215.000   2.9979242e-17
      216.000   3.0127530e-17
      217.000   3.0274530e-17
      218.000   3.0420246e-17
      219.000   3.0564679e-17
      220.000   3.0707834e-17
      221.000   3.0849713e-17
      222.000   3.0990320e-17
      223.000   3.1129659e-17
      224.000   3.1267732e-17
      225.000   3.1404545e-17
      226.000   3.1540102e-17
      227.000   3.1674406e-17
      228.000   3.1807462e-17
      229.000   3.1939275e-17
      230.000   3.2069849e-17
      231.000   3.2199190e-17
      232.000   3.2327302e-17
      233.000   3.2454191e-17
      234.000   3.2579861e-17
      235.000   3.2704319e-17
      236.000   3.2827569e-17
      237.000   3.2949617e-17
      238.000   3.3070470e-17
      239.000   3.3190131e-17
      240.000   3.3308609e-17
      241.000   3.3425907e-17
      242.000   3.3542033e-17
      243.000   3.3656993e-17
      244.000   3.3770792e-17
      245.000   3.3883438e-17
      246.000   3.3994935e-17
      247.000   3.4105291e-17
      248.000   3.4214512e-17
      249.000   3.4322605e-17
      250.000   3.4429575e-17
      251.000   3.4535430e-17
      252.000   3.4640177e-17
      253.000   3.4743821e-17
      254.000   3.4846369e-17
      255.000   3.4947829e-17
      256.000   3.5048208e-17
      257.000   3.5147510e-17
      258.000   3.5245745e-17
      259.000   3.5342918e-17
      260.000   3.5439037e-17
      261.000   3.5534108e-17
      262.000   3.5628138e-17
      263.000   3.5721134e-17
      264.000   3.5813103e-17
      265.000   3.5904052e-17
      266.000   3.5993988e-17
      267.000   3.6082918e-17
      268.000   3.6170849e-17
      269.000   3.6257788e-17
      270.000   3.6343742e-17
      271.000   3.6428717e-17
      272.000   3.6512722e-17
      273.000   3.6595762e-17
      274.000   3.6677845e-17
      275.000   3.6758977e-17
      276.000   3.6839166e-17
      277.000   3.6918419e-17
      278.000   3.6996742e-17
      279.000   3.7074143e-17
      280.000   3.7150628e-17
      281.000   3.7226205e-17
      282.000   3.7300879e-17
      283.000   3.7374659e-17
      284.000   3.7447550e-17
      285.000   3.7519560e-17
      286.000   3.7590695e-17
      287.000   3.7660963e-17
      288.000   3.7730370e-17
      289.000   3.7798922e-17
      290.000   3.7866627e-17
      291.000   3.7933491e-17
      292.000   3.7999521e-17
      293.000   3.8064724e-17
      294.000   3.8129105e-17
      295.000   3.8192672e-17
      296.000   3.8255432e-17
      297.000   3.8317390e-17
      298.000   3.8378554e-17
      299.000   3.8438929e-17
      300.000   3.8498523e-17
      301.000   3.8557341e-17
      302.000   3.8615390e-17
      303.000   3.8672677e-17
      304.000   3.8729207e-17
      305.000   3.8784988e-17
      306.000   3.8840024e-17
      307.000   3.8894323e-17
      308.000   3.8947891e-17
      309.000   3.9000734e-17
      310.000   3.9052858e-17
      311.000   3.9104268e-17
      312.000   3.9154972e-17
      313.000   3.9204975e-17
      314.000   3.9254283e-17
      315.000   3.9302903e-17
      316.000   3.9350839e-17
      317.000   3.9398098e-17
      318.000   3.9444686e-17
      319.000   3.9490609e-17
      320.000   3.9535871e-17
      321.000   3.9580480e-17
      322.000   3.9624441e-17
      323.000   3.9667759e-17
      324.000   3.9710440e-17
      325.000   3.9752490e-17
      326.000   3.9793914e-17
      327.000   3.9834717e-17
      328.000   3.9874906e-17
      329.000   3.9914486e-17
      330.000   3.9953461e-17
      331.000   3.9991838e-17
      332.000   4.0029622e-17
      333.000   4.0066818e-17
      334.000   4.0103431e-17
      335.000   4.0139467e-17
      336.000   4.0174931e-17
      337.000   4.0209827e-17
      338.000   4.0244162e-17
      339.000   4.0277939e-17
      340.000   4.0311165e-17
      341.000   4.0343844e-17
      342.000   4.0375981e-17
      343.000   4.0407581e-17
      344.000   4.0438649e-17
      345.000   4.0469190e-17
      346.000   4.0499208e-17
      347.000   4.0528709e-17
      348.000   4.0557697e-17
      349.000   4.0586177e-17
      350.000   4.0614154e-17
      351.000   4.0641631e-17
      352.000   4.0668615e-17
      353.000   4.0695109e-17
      354.000   4.0721118e-17
      355.000   4.0746646e-17
      356.000   4.0771698e-17
      357.000   4.0796279e-17
      358.000   4.0820392e-17
      359.000   4.0844043e-17
      360.000   4.0867235e-17
      361.000   4.0889973e-17
      362.000   4.0912260e-17
      363.000   4.0934102e-17
      364.000   4.0955503e-17
      365.000   4.0976466e-17
      366.000   4.0996996e-17
      367.000   4.1017096e-17
      368.000   4.1036772e-17
      369.000   4.1056026e-17
      370.000   4.1074864e-17
      371.000   4.1093288e-17
      372.000   4.1111303e-17
      373.000   4.1128913e-17
      374.000   4.1146121e-17
      375.000   4.1162932e-17
      376.000   4.1179349e-17
      377.000   4.1195377e-17
      378.000   4.1211018e-17
      379.000   4.1226276e-17
      380.000   4.1241156e-17
      381.000   4.1255660e-17
      382.000   4.1269793e-17
      383.000   4.1283558e-17
      384.000   4.1296959e-17
      385.000   4.1309999e-17
      386.000   4.1322681e-17
      387.000   4.1335010e-17
      388.000   4.1346988e-17
      389.000   4.1358619e-17
      390.000   4.1369906e-17
      391.000   4.1380853e-17
      392.000   4.1391464e-17
      393.000   4.1401740e-17
      394.000   4.1411687e-17
      395.000   4.1421306e-17
      396.000   4.1430601e-17
      397.000   4.1439576e-17
      398.000   4.1448233e-17
      399.000   4.1456575e-17
      400.000   4.1464607e-17
      401.000   4.1472330e-17
      402.000   4.1479748e-17
      403.000   4.1486864e-17
      404.000   4.1493681e-17
      405.000   4.1500201e-17
      406.000   4.1506429e-17
      407.000   4.1512366e-17
      408.000   4.1518016e-17
      409.000   4.1523382e-17
      410.000   4.1528466e-17
      411.000   4.1533271e-17
      412.000   4.1537800e-17
      413.000   4.1542056e-17
      414.000   4.1546041e-17
      415.000   4.1549759e-17
      416.000   4.1553212e-17
      417.000   4.1556403e-17
      418.000   4.1559334e-17
      419.000   4.1562008e-17
      420.000   4.1564427e-17
      421.000   4.1566595e-17
      422.000   4.1568513e-17
      423.000   4.1570185e-17
      424.000   4.1571613e-17
      425.000   4.1572799e-17
      426.000   4.1573746e-17
      427.000   4.1574456e-17
      428.000   4.1574932e-17
      429.000   4.1575176e-17
      430.000   4.1575190e-17
      431.000   4.1574978e-17
      432.000   4.1574541e-17
      433.000   4.1573881e-17
      434.000   4.1573001e-17
      435.000   4.1571904e-17
      436.000   4.1570591e-17
      437.000   4.1569064e-17
      438.000   4.1567327e-17
      439.000   4.1565381e-17
      440.000   4.1563228e-17
      441.000   4.1560871e-17
      442.000   4.1558311e-17
      443.000   4.1555552e-17
      444.000   4.1552594e-17
      445.000   4.1549440e-17
      446.000   4.1546093e-17
      447.000   4.1542553e-17
      448.000   4.1538824e-17
      449.000   4.1534907e-17
      450.000   4.1530804e-17
      451.000   4.1526518e-17
      452.000   4.1522050e-17
      453.000   4.1517402e-17
      454.000   4.1512576e-17
      455.000   4.1507574e-17
      456.000   4.1502398e-17
      457.000   4.1497050e-17
      458.000   4.1491531e-17
      459.000   4.1485844e-17
      460.000   4.1479991e-17
      461.000   4.1473972e-17
      462.000   4.1467791e-17
      463.000   4.1461448e-17
      464.000   4.1454946e-17
      465.000   4.1448287e-17
      466.000   4.1441471e-17
      467.000   4.1434501e-17
      468.000   4.1427378e-17
      469.000   4.1420105e-17
      470.000   4.1412682e-17
      471.000   4.1405112e-17
      472.000   4.1397396e-17
      473.000   4.1389536e-17
      474.000   4.1381534e-17
      475.000   4.1373390e-17
      476.000   4.1365107e-17
      477.000   4.1356686e-17
      478.000   4.1348129e-17
      479.000   4.1339437e-17
      480.000   4.1330611e-17
      481.000   4.1321655e-17
      482.000   4.1312568e-17
      483.000   4.1303352e-17
      484.000   4.1294009e-17
      485.000   4.1284541e-17
      486.000   4.1274948e-17
      487.000   4.1265232e-17
      488.000   4.1255395e-17
      489.000   4.1245438e-17
      490.000   4.1235363e-17
      491.000   4.1225170e-17
      492.000   4.1214861e-17
      493.000   4.1204438e-17
      494.000   4.1193902e-17
      495.000   4.1183254e-17
      496.000   4.1172495e-17
      497.000   4.1161628e-17
      498.000   4.1150652e-17
      499.000   4.1139570e-17
      500.000   4.1128383e-17
      501.000   4.1117092e-17
      502.000   4.1105698e-17
      503.000   4.1094203e-17
      504.000   4.1082608e-17
      505.000   4.1070913e-17
      506.000   4.1059121e-17
      507.000   4.1047232e-17
      508.000   4.1035247e-17
      509.000   4.1023169e-17
      510.000   4.1010997e-17
      511.000   4.0998734e-17
      512.000   4.0986379e-17
      513.000   4.0973935e-17
      514.000   4.0961403e-17
      515.000   4.0948783e-17
      516.000   4.0936077e-17
      517.000   4.0923286e-17
      518.000   4.0910411e-17
      519.000   4.0897453e-17
      520.000   4.0884413e-17
      521.000   4.0871292e-17
      522.000   4.0858091e-17
      523.000   4.0844812e-17
      524.000   4.0831455e-17
      525.000   4.0818021e-17
      526.000   4.0804511e-17
      527.000   4.0790927e-17
      528.000   4.0777269e-17
      529.000   4.0763538e-17
      530.000   4.0749736e-17
      531.000   4.0735862e-17
      532.000   4.0721919e-17
      533.000   4.0707907e-17
      534.000   4.0693828e-17
      535.000   4.0679681e-17
      536.000   4.0665468e-17
      537.000   4.0651190e-17
      538.000   4.0636848e-17
      539.000   4.0622442e-17
      540.000   4.0607974e-17
      541.000   4.0593445e-17
      542.000   4.0578854e-17
      543.000   4.0564204e-17
      544.000   4.0549495e-17
      545.000   4.0534728e-17
      546.000   4.0519904e-17
      547.000   4.0505023e-17
      548.000   4.0490087e-17
      549.000   4.0475096e-17
      550.000   4.0460051e-17
      551.000   4.0444953e-17
      552.000   4.0429802e-17
      553.000   4.0414600e-17
      554.000   4.0399347e-17
      555.000   4.0384045e-17
      556.000   4.0368693e-17
      557.000   4.0353292e-17
      558.000   4.0337844e-17
      559.000   4.0322349e-17
      560.000   4.0306808e-17
      561.000   4.0291221e-17
      562.000   4.0275590e-17
      563.000   4.0259914e-17
      564.000   4.0244196e-17
      565.000   4.0228434e-17
      566.000   4.0212631e-17
      567.000   4.0196787e-17
      568.000   4.0180902e-17
      569.000   4.0164978e-17
      570.000   4.0149014e-17
      571.000   4.0133012e-17
      572.000   4.0116972e-17
      573.000   4.0100895e-17
      574.000   4.0084781e-17
      575.000   4.0068632e-17
      576.000   4.0052448e-17
      577.000   4.0036229e-17
      578.000   4.0019976e-17
      579.000   4.0003690e-17
      580.000   3.9987371e-17
      581.000   3.9971021e-17
      582.000   3.9954638e-17
      583.000   3.9938225e-17
      584.000   3.9921782e-17
      585.000   3.9905309e-17
      586.000   3.9888808e-17
      587.000   3.9872277e-17
      588.000   3.9855719e-17
      589.000   3.9839133e-17
      590.000   3.9822521e-17
      591.000   3.9805883e-17
      592.000   3.9789219e-17
      593.000   3.9772530e-17
      594.000   3.9755816e-17
      595.000   3.9739078e-17
      596.000   3.9722317e-17
      597.000   3.9705533e-17
      598.000   3.9688727e-17
      599.000   3.9671898e-17
      600.000   3.9655049e-17
      601.000   3.9638178e-17
      602.000   3.9621287e-17
      603.000   3.9604377e-17
      604.000   3.9587447e-17
      605.000   3.9570498e-17
      606.000   3.9553531e-17
      607.000   3.9536546e-17
      608.000   3.9519543e-17
      609.000   3.9502524e-17
      610.000   3.9485488e-17
      611.000   3.9468436e-17
      612.000   3.9451369e-17
      613.000   3.9434286e-17
      614.000   3.9417189e-17
      615.000   3.9400078e-17
      616.000   3.9382954e-17
      617.000   3.9365815e-17
      618.000   3.9348664e-17
      619.000   3.9331501e-17
      620.000   3.9314326e-17
      621.000   3.9297139e-17
      622.000   3.9279941e-17
      623.000   3.9262732e-17
      624.000   3.9245513e-17
      625.000   3.9228285e-17
      626.000   3.9211046e-17
      627.000   3.9193799e-17
      628.000   3.9176543e-17
      629.000   3.9159279e-17
      630.000   3.9142006e-17
      631.000   3.9124727e-17
      632.000   3.9107440e-17
      633.000   3.9090146e-17
      634.000   3.9072846e-17
      635.000   3.9055541e-17
      636.000   3.9038229e-17
      637.000   3.9020912e-17
      638.000   3.9003591e-17
      639.000   3.8986265e-17
      640.000   3.8968934e-17
      641.000   3.8951600e-17
      642.000   3.8934263e-17
      643.000   3.8916922e-17
      644.000   3.8899579e-17
      645.000   3.8882233e-17
      646.000   3.8864885e-17
      647.000   3.8847535e-17
      648.000   3.8830184e-17
      649.000   3.8812832e-17
      650.000   3.8795479e-17
      651.000   3.8778125e-17
      652.000   3.8760771e-17
      653.000   3.8743418e-17
      654.000   3.8726065e-17
      655.000   3.8708713e-17
      656.000   3.8691362e-17
      657.000   3.8674012e-17
      658.000   3.8656664e-17
      659.000   3.8639318e-17
      660.000   3.8621975e-17
      661.000   3.8604634e-17
      662.000   3.8587295e-17
      663.000   3.8569960e-17
      664.000   3.8552629e-17
      665.000   3.8535301e-17
      666.000   3.8517977e-17
      667.000   3.8500658e-17
      668.000   3.8483343e-17
      669.000   3.8466033e-17
      670.000   3.8448728e-17
      671.000   3.8431428e-17
      672.000   3.8414134e-17
      673.000   3.8396846e-17
      674.000   3.8379564e-17
      675.000   3.8362288e-17
      676.000   3.8345020e-17
      677.000   3.8327758e-17
      678.000   3.8310503e-17
      679.000   3.8293255e-17
      680.000   3.8276016e-17
      681.000   3.8258784e-17
      682.000   3.8241560e-17
      683.000   3.8224344e-17
      684.000   3.8207138e-17
      685.000   3.8189940e-17
      686.000   3.8172751e-17
      687.000   3.8155571e-17
      688.000   3.8138401e-17
      689.000   3.8121240e-17
      690.000   3.8104090e-17
      691.000   3.8086950e-17
      692.000   3.8069820e-17
      693.000   3.8052700e-17
      694.000   3.8035592e-17
      695.000   3.8018494e-17
      696.000   3.8001408e-17
      697.000   3.7984333e-17
      698.000   3.7967270e-17
      699.000   3.7950219e-17
      700.000   3.7933180e-17
      701.000   3.7916153e-17
      702.000   3.7899138e-17
      703.000   3.7882136e-17
      704.000   3.7865147e-17
      705.000   3.7848171e-17
      706.000   3.7831208e-17
      707.000   3.7814258e-17
      708.000   3.7797322e-17
      709.000   3.7780400e-17
      710.000   3.7763491e-17
      711.000   3.7746597e-17
      712.000   3.7729717e-17
      713.000   3.7712852e-17
      714.000   3.7696001e-17
      715.000   3.7679165e-17
      716.000   3.7662344e-17
      717.000   3.7645538e-17
      718.000   3.7628747e-17
      719.000   3.7611972e-17
      720.000   3.7595213e-17
      721.000   3.7578469e-17
      722.000   3.7561741e-17
      723.000   3.7545030e-17
      724.000   3.7528334e-17
      725.000   3.7511656e-17
      726.000   3.7494993e-17
      727.000   3.7478348e-17
      728.000   3.7461719e-17
      729.000   3.7445107e-17
      730.000   3.7428513e-17
      731.000   3.7411936e-17
      732.000   3.7395376e-17
      733.000   3.7378834e-17
      734.000   3.7362310e-17
      735.000   3.7345803e-17
      736.000   3.7329315e-17
      737.000   3.7312844e-17
      738.000   3.7296392e-17
      739.000   3.7279959e-17
      740.000   3.7263544e-17
      741.000   3.7247148e-17
      742.000   3.7230770e-17
      743.000   3.7214412e-17
      744.000   3.7198072e-17
      745.000   3.7181752e-17
      746.000   3.7165451e-17
      747.000   3.7149170e-17
      748.000   3.7132908e-17
      749.000   3.7116666e-17
      750.000   3.7100443e-17
      751.000   3.7084241e-17
      752.000   3.7068059e-17
      753.000   3.7051896e-17
      754.000   3.7035754e-17
      755.000   3.7019633e-17
      756.000   3.7003531e-17
      757.000   3.6987451e-17
      758.000   3.6971391e-17
      759.000   3.6955352e-17
      760.000   3.6939334e-17
      761.000   3.6923337e-17
      762.000   3.6907361e-17
      763.000   3.6891406e-17
      764.000   3.6875473e-17
      765.000   3.6859561e-17
      766.000   3.6843671e-17
      767.000   3.6827802e-17
      768.000   3.6811955e-17
      769.000   3.6796129e-17
      770.000   3.6780326e-17
      771.000   3.6764545e-17
      772.000   3.6748785e-17
      773.000   3.6733048e-17
      774.000   3.6717334e-17
      775.000   3.6701641e-17
      776.000   3.6685971e-17
      777.000   3.6670324e-17
      778.000   3.6654699e-17
      779.000   3.6639097e-17
      780.000   3.6623517e-17
      781.000   3.6607961e-17
      782.000   3.6592427e-17
      783.000   3.6576917e-17
      784.000   3.6561430e-17
      785.000   3.6545966e-17
      786.000   3.6530525e-17
      787.000   3.6515107e-17
      788.000   3.6499713e-17
      789.000   3.6484342e-17
      790.000   3.6468995e-17
      791.000   3.6453672e-17
      792.000   3.6438372e-17
      793.000   3.6423097e-17
      794.000   3.6407845e-17
      795.000   3.6392616e-17
      796.000   3.6377412e-17
      797.000   3.6362232e-17
      798.000   3.6347076e-17
      799.000   3.6331945e-17
      800.000   3.6316837e-17
      801.000   3.6301754e-17
      802.000   3.6286695e-17
      803.000   3.6271661e-17
      804.000   3.6256651e-17
      805.000   3.6241666e-17
      806.000   3.6226705e-17
      807.000   3.6211770e-17
      808.000   3.6196858e-17
      809.000   3.6181972e-17
      810.000   3.6167111e-17
      811.000   3.6152274e-17
      812.000   3.6137462e-17
      813.000   3.6122676e-17
      814.000   3.6107914e-17
      815.000   3.6093178e-17
      816.000   3.6078467e-17
      817.000   3.6063781e-17
      818.000   3.6049120e-17
      819.000   3.6034485e-17
      820.000   3.6019875e-17
      821.000   3.6005290e-17
      822.000   3.5990731e-17
      823.000   3.5976197e-17
      824.000   3.5961689e-17
      825.000   3.5947207e-17
      826.000   3.5932750e-17
      827.000   3.5918319e-17
      828.000   3.5903914e-17
      829.000   3.5889535e-17
      830.000   3.5875181e-17
      831.000   3.5860853e-17
      832.000   3.5846551e-17
      833.000   3.5832275e-17
      834.000   3.5818025e-17
      835.000   3.5803802e-17
      836.000   3.5789604e-17
      837.000   3.5775432e-17
      838.000   3.5761286e-17
      839.000   3.5747167e-17
      840.000   3.5733074e-17
      841.000   3.5719007e-17
      842.000   3.5704966e-17
      843.000   3.5690952e-17
      844.000   3.5676964e-17
      845.000   3.5663002e-17
      846.000   3.5649067e-17
      847.000   3.5635158e-17
      848.000   3.5621276e-17
      849.000   3.5607420e-17
      850.000   3.5593590e-17
      851.000   3.5579788e-17
      852.000   3.5566012e-17
      853.000   3.5552262e-17
      854.000   3.5538539e-17
      855.000   3.5524843e-17
      856.000   3.5511173e-17
      857.000   3.5497531e-17
      858.000   3.5483914e-17
      859.000   3.5470325e-17
      860.000   3.5456763e-17
      861.000   3.5443227e-17
      862.000   3.5429718e-17
      863.000   3.5416236e-17
      864.000   3.5402781e-17
      865.000   3.5389353e-17
      866.000   3.5375952e-17
      867.000   3.5362577e-17
      868.000   3.5349230e-17
      869.000   3.5335910e-17
      870.000   3.5322616e-17
      871.000   3.5309350e-17
      872.000   3.5296111e-17
      873.000   3.5282898e-17
      874.000   3.5269713e-17
      875.000   3.5256555e-17
      876.000   3.5243424e-17
      877.000   3.5230320e-17
      878.000   3.5217244e-17
      879.000   3.5204194e-17
      880.000   3.5191172e-17
      881.000   3.5178176e-17
      882.000   3.5165209e-17
      883.000   3.5152268e-17
      884.000   3.5139354e-17
      885.000   3.5126468e-17
      886.000   3.5113609e-17
      887.000   3.5100777e-17
      888.000   3.5087972e-17
      889.000   3.5075195e-17
      890.000   3.5062445e-17
      891.000   3.5049722e-17
      892.000   3.5037027e-17
      893.000   3.5024359e-17
      894.000   3.5011718e-17
      895.000   3.4999105e-17
      896.000   3.4986519e-17
      897.000   3.4973960e-17
      898.000   3.4961429e-17
      899.000   3.4948925e-17
      900.000   3.4936448e-17
      901.000   3.4923999e-17
      902.000   3.4911577e-17
      903.000   3.4899182e-17
      904.000   3.4886815e-17
      905.000   3.4874476e-17
      906.000   3.4862163e-17
      907.000   3.4849878e-17
      908.000   3.4837621e-17
      909.000   3.4825391e-17
      910.000   3.4813188e-17
      911.000   3.4801013e-17
      912.000   3.4788865e-17
      913.000   3.4776745e-17
      914.000   3.4764652e-17
      915.000   3.4752586e-17
      916.000   3.4740548e-17
      917.000   3.4728537e-17
      918.000   3.4716554e-17
      919.000   3.4704598e-17
      920.000   3.4692669e-17
      921.000   3.4680768e-17
      922.000   3.4668895e-17
      923.000   3.4657048e-17
      924.000   3.4645229e-17
      925.000   3.4633438e-17
      926.000   3.4621674e-17
      927.000   3.4609937e-17
      928.000   3.4598228e-17
      929.000   3.4586546e-17
      930.000   3.4574892e-17
      931.000   3.4563265e-17
      932.000   3.4551665e-17
      933.000   3.4540093e-17
      934.000   3.4528548e-17
      935.000   3.4517031e-17
      936.000   3.4505541e-17
      937.000   3.4494078e-17
      938.000   3.4482643e-17
      939.000   3.4471235e-17
      940.000   3.4459854e-17
      941.000   3.4448501e-17
      942.000   3.4437175e-17
      943.000   3.4425876e-17
      944.000   3.4414605e-17
      945.000   3.4403361e-17
      946.000   3.4392144e-17
      947.000   3.4380954e-17
      948.000   3.4369792e-17
      949.000   3.4358657e-17
      950.000   3.4347550e-17
      951.000   3.4336469e-17
      952.000   3.4325416e-17
      953.000   3.4314391e-17
      954.000   3.4303392e-17
      955.000   3.4292421e-17
      956.000   3.4281476e-17
      957.000   3.4270559e-17
      958.000   3.4259670e-17
      959.000   3.4248807e-17
      960.000   3.4237972e-17
      961.000   3.4227163e-17
      962.000   3.4216382e-17
      963.000   3.4205628e-17
      964.000   3.4194901e-17
      965.000   3.4184202e-17
      966.000   3.4173529e-17
      967.000   3.4162883e-17
      968.000   3.4152265e-17
      969.000   3.4141673e-17
      970.000   3.4131109e-17
      971.000   3.4120572e-17
      972.000   3.4110061e-17
      973.000   3.4099578e-17
      974.000   3.4089122e-17
      975.000   3.4078692e-17
      976.000   3.4068290e-17
      977.000   3.4057914e-17
      978.000   3.4047566e-17
      979.000   3.4037244e-17
      980.000   3.4026950e-17
      981.000   3.4016682e-17
      982.000   3.4006441e-17
      983.000   3.3996227e-17
      984.000   3.3986040e-17
      985.000   3.3975879e-17
      986.000   3.3965746e-17
      987.000   3.3955639e-17
      988.000   3.3945559e-17
      989.000   3.3935506e-17
      990.000   3.3925479e-17
      991.000   3.3915480e-17
      992.000   3.3905507e-17
      993.000   3.3895560e-17
      994.000   3.3885641e-17
      995.000   3.3875748e-17
      996.000   3.3865881e-17
      997.000   3.3856042e-17
      998.000   3.3846229e-17
      999.000   3.3836442e-17
      1000.00   3.3826682e-17
      1001.00   3.3816949e-17
      1002.00   3.3807242e-17
      1003.00   3.3797562e-17
      1004.00   3.3787908e-17
      1005.00   3.3778280e-17
      1006.00   3.3768679e-17
      1007.00   3.3759105e-17
      1008.00   3.3749557e-17
      1009.00   3.3740035e-17
      1010.00   3.3730540e-17
      1011.00   3.3721071e-17
      1012.00   3.3711629e-17
      1013.00   3.3702212e-17
      1014.00   3.3692822e-17
      1015.00   3.3683459e-17
      1016.00   3.3674121e-17
      1017.00   3.3664810e-17
      1018.00   3.3655525e-17
      1019.00   3.3646266e-17
      1020.00   3.3637034e-17
      1021.00   3.3627827e-17
      1022.00   3.3618647e-17
      1023.00   3.3609493e-17
      1024.00   3.3600365e-17
      1025.00   3.3591263e-17
      1026.00   3.3582187e-17
      1027.00   3.3573137e-17
      1028.00   3.3564113e-17
      1029.00   3.3555115e-17
      1030.00   3.3546143e-17
      1031.00   3.3537197e-17
      1032.00   3.3528277e-17
      1033.00   3.3519383e-17
      1034.00   3.3510514e-17
      1035.00   3.3501672e-17
      1036.00   3.3492855e-17
      1037.00   3.3484064e-17
      1038.00   3.3475299e-17
      1039.00   3.3466560e-17
      1040.00   3.3457846e-17
      1041.00   3.3449158e-17
      1042.00   3.3440496e-17
      1043.00   3.3431860e-17
      1044.00   3.3423249e-17
      1045.00   3.3414664e-17
      1046.00   3.3406104e-17
      1047.00   3.3397570e-17
      1048.00   3.3389061e-17
      1049.00   3.3380578e-17
      1050.00   3.3372121e-17
      1051.00   3.3363689e-17
      1052.00   3.3355282e-17
      1053.00   3.3346901e-17
      1054.00   3.3338545e-17
      1055.00   3.3330215e-17
      1056.00   3.3321909e-17
      1057.00   3.3313630e-17
      1058.00   3.3305375e-17
      1059.00   3.3297146e-17
      1060.00   3.3288942e-17
      1061.00   3.3280764e-17
      1062.00   3.3272610e-17
      1063.00   3.3264482e-17
      1064.00   3.3256379e-17
      1065.00   3.3248301e-17
      1066.00   3.3240248e-17
      1067.00   3.3232220e-17
      1068.00   3.3224217e-17
      1069.00   3.3216239e-17
      1070.00   3.3208287e-17
      1071.00   3.3200359e-17
      1072.00   3.3192456e-17
      1073.00   3.3184578e-17
      1074.00   3.3176725e-17
      1075.00   3.3168897e-17
      1076.00   3.3161094e-17
      1077.00   3.3153315e-17
      1078.00   3.3145562e-17
      1079.00   3.3137833e-17
      1080.00   3.3130129e-17
      1081.00   3.3122449e-17
      1082.00   3.3114794e-17
      1083.00   3.3107164e-17
      1084.00   3.3099559e-17
      1085.00   3.3091978e-17
      1086.00   3.3084422e-17
      1087.00   3.3076890e-17
      1088.00   3.3069383e-17
      1089.00   3.3061900e-17
      1090.00   3.3054442e-17
      1091.00   3.3047008e-17
      1092.00   3.3039599e-17
      1093.00   3.3032214e-17
      1094.00   3.3024854e-17
      1095.00   3.3017517e-17
      1096.00   3.3010205e-17
      1097.00   3.3002918e-17
      1098.00   3.2995655e-17
      1099.00   3.2988415e-17
      1100.00   3.2981200e-17
      1101.00   3.2974010e-17
      1102.00   3.2966843e-17
      1103.00   3.2959701e-17
      1104.00   3.2952582e-17
      1105.00   3.2945488e-17
      1106.00   3.2938418e-17
      1107.00   3.2931372e-17
      1108.00   3.2924349e-17
      1109.00   3.2917351e-17
      1110.00   3.2910377e-17
      1111.00   3.2903426e-17
      1112.00   3.2896500e-17
      1113.00   3.2889597e-17
      1114.00   3.2882718e-17
      1115.00   3.2875863e-17
      1116.00   3.2869032e-17
      1117.00   3.2862224e-17
      1118.00   3.2855440e-17
      1119.00   3.2848680e-17
      1120.00   3.2841943e-17
      1121.00   3.2835231e-17
      1122.00   3.2828541e-17
      1123.00   3.2821875e-17
      1124.00   3.2815233e-17
      1125.00   3.2808614e-17
      1126.00   3.2802019e-17
      1127.00   3.2795447e-17
      1128.00   3.2788899e-17
      1129.00   3.2782374e-17
      1130.00   3.2775873e-17
      1131.00   3.2769394e-17
      1132.00   3.2762939e-17
      1133.00   3.2756508e-17
      1134.00   3.2750099e-17
      1135.00   3.2743714e-17
      1136.00   3.2737352e-17
      1137.00   3.2731014e-17
      1138.00   3.2724698e-17
      1139.00   3.2718405e-17
      1140.00   3.2712136e-17
      1141.00   3.2705890e-17
      1142.00   3.2699666e-17
      1143.00   3.2693466e-17
      1144.00   3.2687289e-17
      1145.00   3.2681134e-17
      1146.00   3.2675003e-17
      1147.00   3.2668894e-17
      1148.00   3.2662808e-17
      1149.00   3.2656745e-17
      1150.00   3.2650705e-17
      1151.00   3.2644688e-17
      1152.00   3.2638693e-17
      1153.00   3.2632721e-17
      1154.00   3.2626772e-17
      1155.00   3.2620846e-17
      1156.00   3.2614942e-17
      1157.00   3.2609060e-17
      1158.00   3.2603202e-17
      1159.00   3.2597365e-17
      1160.00   3.2591552e-17
      1161.00   3.2585760e-17
      1162.00   3.2579992e-17
      1163.00   3.2574245e-17
      1164.00   3.2568521e-17
      1165.00   3.2562820e-17
      1166.00   3.2557141e-17
      1167.00   3.2551484e-17
      1168.00   3.2545849e-17
      1169.00   3.2540237e-17
      1170.00   3.2534646e-17
      1171.00   3.2529078e-17
      1172.00   3.2523533e-17
      1173.00   3.2518009e-17
      1174.00   3.2512507e-17
      1175.00   3.2507028e-17
      1176.00   3.2501570e-17
      1177.00   3.2496135e-17
      1178.00   3.2490722e-17
      1179.00   3.2485330e-17
      1180.00   3.2479961e-17
      1181.00   3.2474613e-17
      1182.00   3.2469287e-17
      1183.00   3.2463983e-17
      1184.00   3.2458701e-17
      1185.00   3.2453441e-17
      1186.00   3.2448202e-17
      1187.00   3.2442985e-17
      1188.00   3.2437790e-17
      1189.00   3.2432617e-17
      1190.00   3.2427465e-17
      1191.00   3.2422335e-17
      1192.00   3.2417226e-17
      1193.00   3.2412139e-17
      1194.00   3.2407074e-17
      1195.00   3.2402030e-17
      1196.00   3.2397007e-17
      1197.00   3.2392006e-17
      1198.00   3.2387026e-17
      1199.00   3.2382068e-17
      1200.00   3.2377131e-17
      1201.00   3.2372215e-17
      1202.00   3.2367321e-17
      1203.00   3.2362448e-17
      1204.00   3.2357596e-17
      1205.00   3.2352765e-17
      1206.00   3.2347956e-17
      1207.00   3.2343167e-17
      1208.00   3.2338400e-17
      1209.00   3.2333654e-17
      1210.00   3.2328929e-17
      1211.00   3.2324225e-17
      1212.00   3.2319542e-17
      1213.00   3.2314880e-17
      1214.00   3.2310239e-17
      1215.00   3.2305619e-17
      1216.00   3.2301019e-17
      1217.00   3.2296441e-17
      1218.00   3.2291883e-17
      1219.00   3.2287347e-17
      1220.00   3.2282831e-17
      1221.00   3.2278335e-17
      1222.00   3.2273861e-17
      1223.00   3.2269407e-17
      1224.00   3.2264974e-17
      1225.00   3.2260561e-17
      1226.00   3.2256169e-17
      1227.00   3.2251797e-17
      1228.00   3.2247447e-17
      1229.00   3.2243116e-17
      1230.00   3.2238806e-17
      1231.00   3.2234517e-17
      1232.00   3.2230248e-17
      1233.00   3.2225999e-17
      1234.00   3.2221771e-17
      1235.00   3.2217563e-17
      1236.00   3.2213375e-17
      1237.00   3.2209208e-17
      1238.00   3.2205061e-17
      1239.00   3.2200934e-17
      1240.00   3.2196828e-17
      1241.00   3.2192741e-17
      1242.00   3.2188675e-17
      1243.00   3.2184628e-17
      1244.00   3.2180602e-17
      1245.00   3.2176596e-17
      1246.00   3.2172610e-17
      1247.00   3.2168644e-17
      1248.00   3.2164698e-17
      1249.00   3.2160772e-17
      1250.00   3.2156865e-17
      1251.00   3.2152979e-17
      1252.00   3.2149112e-17
      1253.00   3.2145266e-17
      1254.00   3.2141439e-17
      1255.00   3.2137632e-17
      1256.00   3.2133844e-17
      1257.00   3.2130077e-17
      1258.00   3.2126329e-17
      1259.00   3.2122600e-17
      1260.00   3.2118891e-17
      1261.00   3.2115202e-17
      1262.00   3.2111533e-17
      1263.00   3.2107883e-17
      1264.00   3.2104252e-17
      1265.00   3.2100641e-17
      1266.00   3.2097049e-17
      1267.00   3.2093477e-17
      1268.00   3.2089924e-17
      1269.00   3.2086391e-17
      1270.00   3.2082877e-17
      1271.00   3.2079382e-17
      1272.00   3.2075907e-17
      1273.00   3.2072450e-17
      1274.00   3.2069013e-17
      1275.00   3.2065596e-17
      1276.00   3.2062197e-17
      1277.00   3.2058818e-17
      1278.00   3.2055457e-17
      1279.00   3.2052116e-17
      1280.00   3.2048794e-17
      1281.00   3.2045490e-17
      1282.00   3.2042206e-17
      1283.00   3.2038941e-17
      1284.00   3.2035695e-17
      1285.00   3.2032467e-17
      1286.00   3.2029259e-17
      1287.00   3.2026069e-17
      1288.00   3.2022899e-17
      1289.00   3.2019747e-17
      1290.00   3.2016614e-17
      1291.00   3.2013499e-17
      1292.00   3.2010403e-17
      1293.00   3.2007326e-17
      1294.00   3.2004268e-17
      1295.00   3.2001228e-17
      1296.00   3.1998207e-17
      1297.00   3.1995205e-17
      1298.00   3.1992221e-17
      1299.00   3.1989256e-17
      1300.00   3.1986309e-17
      1301.00   3.1983380e-17
      1302.00   3.1980470e-17
      1303.00   3.1977579e-17
      1304.00   3.1974706e-17
      1305.00   3.1971851e-17
      1306.00   3.1969014e-17
      1307.00   3.1966196e-17
      1308.00   3.1963396e-17
      1309.00   3.1960615e-17
      1310.00   3.1957851e-17
      1311.00   3.1955106e-17
      1312.00   3.1952379e-17
      1313.00   3.1949670e-17
      1314.00   3.1946980e-17
      1315.00   3.1944307e-17
      1316.00   3.1941652e-17
      1317.00   3.1939016e-17
      1318.00   3.1936397e-17
      1319.00   3.1933797e-17
      1320.00   3.1931214e-17
      1321.00   3.1928649e-17
      1322.00   3.1926103e-17
      1323.00   3.1923574e-17
      1324.00   3.1921063e-17
      1325.00   3.1918570e-17
      1326.00   3.1916094e-17
      1327.00   3.1913636e-17
      1328.00   3.1911197e-17
      1329.00   3.1908774e-17
      1330.00   3.1906370e-17
      1331.00   3.1903983e-17
      1332.00   3.1901614e-17
      1333.00   3.1899262e-17
      1334.00   3.1896928e-17
      1335.00   3.1894611e-17
      1336.00   3.1892312e-17
      1337.00   3.1890031e-17
      1338.00   3.1887767e-17
      1339.00   3.1885520e-17
      1340.00   3.1883291e-17
      1341.00   3.1881079e-17
      1342.00   3.1878885e-17
      1343.00   3.1876708e-17
      1344.00   3.1874548e-17
      1345.00   3.1872406e-17
      1346.00   3.1870281e-17
      1347.00   3.1868173e-17
      1348.00   3.1866082e-17
      1349.00   3.1864008e-17
      1350.00   3.1861952e-17
      1351.00   3.1859913e-17
      1352.00   3.1857890e-17
      1353.00   3.1855885e-17
      1354.00   3.1853897e-17
      1355.00   3.1851926e-17
      1356.00   3.1849972e-17
      1357.00   3.1848035e-17
      1358.00   3.1846115e-17
      1359.00   3.1844212e-17
      1360.00   3.1842325e-17
      1361.00   3.1840456e-17
      1362.00   3.1838603e-17
      1363.00   3.1836767e-17
      1364.00   3.1834948e-17
      1365.00   3.1833146e-17
      1366.00   3.1831361e-17
      1367.00   3.1829592e-17
      1368.00   3.1827840e-17
      1369.00   3.1826104e-17
      1370.00   3.1824385e-17
      1371.00   3.1822683e-17
      1372.00   3.1820997e-17
      1373.00   3.1819328e-17
      1374.00   3.1817676e-17
      1375.00   3.1816040e-17
      1376.00   3.1814420e-17
      1377.00   3.1812817e-17
      1378.00   3.1811230e-17
      1379.00   3.1809660e-17
      1380.00   3.1808106e-17
      1381.00   3.1806568e-17
      1382.00   3.1805047e-17
      1383.00   3.1803542e-17
      1384.00   3.1802054e-17
      1385.00   3.1800581e-17
      1386.00   3.1799125e-17
      1387.00   3.1797685e-17
      1388.00   3.1796261e-17
      1389.00   3.1794853e-17
      1390.00   3.1793462e-17
      1391.00   3.1792086e-17
      1392.00   3.1790727e-17
      1393.00   3.1789384e-17
      1394.00   3.1788056e-17
      1395.00   3.1786745e-17
      1396.00   3.1785450e-17
      1397.00   3.1784170e-17
      1398.00   3.1782907e-17
      1399.00   3.1781659e-17
      1400.00   3.1780428e-17
      1401.00   3.1779212e-17
      1402.00   3.1778012e-17
      1403.00   3.1776828e-17
      1404.00   3.1775659e-17
      1405.00   3.1774506e-17
      1406.00   3.1773369e-17
      1407.00   3.1772248e-17
      1408.00   3.1771142e-17
      1409.00   3.1770053e-17
      1410.00   3.1768978e-17
      1411.00   3.1767919e-17
      1412.00   3.1766876e-17
      1413.00   3.1765849e-17
      1414.00   3.1764837e-17
      1415.00   3.1763840e-17
      1416.00   3.1762859e-17
      1417.00   3.1761893e-17
      1418.00   3.1760943e-17
      1419.00   3.1760008e-17
      1420.00   3.1759089e-17
      1421.00   3.1758185e-17
      1422.00   3.1757296e-17
      1423.00   3.1756423e-17
      1424.00   3.1755565e-17
      1425.00   3.1754722e-17
      1426.00   3.1753894e-17
      1427.00   3.1753082e-17
      1428.00   3.1752285e-17
      1429.00   3.1751502e-17
      1430.00   3.1750736e-17
      1431.00   3.1749984e-17
      1432.00   3.1749247e-17
      1433.00   3.1748525e-17
      1434.00   3.1747819e-17
      1435.00   3.1747127e-17
      1436.00   3.1746451e-17
      1437.00   3.1745789e-17
      1438.00   3.1745142e-17
      1439.00   3.1744511e-17
      1440.00   3.1743894e-17
      1441.00   3.1743292e-17
      1442.00   3.1742705e-17
      1443.00   3.1742133e-17
      1444.00   3.1741575e-17
      1445.00   3.1741033e-17
      1446.00   3.1740505e-17
      1447.00   3.1739992e-17
      1448.00   3.1739493e-17
      1449.00   3.1739009e-17
      1450.00   3.1738540e-17
      1451.00   3.1738086e-17
      1452.00   3.1737646e-17
      1453.00   3.1737221e-17
      1454.00   3.1736810e-17
      1455.00   3.1736414e-17
      1456.00   3.1736033e-17
      1457.00   3.1735665e-17
      1458.00   3.1735313e-17
      1459.00   3.1734975e-17
      1460.00   3.1734651e-17
      1461.00   3.1734342e-17
      1462.00   3.1734047e-17
      1463.00   3.1733767e-17
      1464.00   3.1733500e-17
      1465.00   3.1733249e-17
      1466.00   3.1733011e-17
      1467.00   3.1732788e-17
      1468.00   3.1732579e-17
      1469.00   3.1732384e-17
      1470.00   3.1732203e-17
      1471.00   3.1732037e-17
      1472.00   3.1731885e-17
      1473.00   3.1731747e-17
      1474.00   3.1731623e-17
      1475.00   3.1731513e-17
      1476.00   3.1731417e-17
      1477.00   3.1731335e-17
      1478.00   3.1731268e-17
      1479.00   3.1731214e-17
      1480.00   3.1731174e-17
      1481.00   3.1731149e-17
      1482.00   3.1731137e-17
      1483.00   3.1731139e-17
      1484.00   3.1731155e-17
      1485.00   3.1731185e-17
      1486.00   3.1731228e-17
      1487.00   3.1731286e-17
      1488.00   3.1731357e-17
      1489.00   3.1731442e-17
      1490.00   3.1731541e-17
      1491.00   3.1731654e-17
      1492.00   3.1731780e-17
      1493.00   3.1731920e-17
      1494.00   3.1732074e-17
      1495.00   3.1732241e-17
      1496.00   3.1732422e-17
      1497.00   3.1732617e-17
      1498.00   3.1732825e-17
      1499.00   3.1733047e-17
      1500.00   3.1733282e-17
      1501.00   3.1733531e-17
      1502.00   3.1733793e-17
      1503.00   3.1734069e-17
      1504.00   3.1734358e-17
      1505.00   3.1734661e-17
      1506.00   3.1734977e-17
      1507.00   3.1735307e-17
      1508.00   3.1735650e-17
      1509.00   3.1736006e-17
      1510.00   3.1736375e-17
      1511.00   3.1736758e-17
      1512.00   3.1737154e-17
      1513.00   3.1737564e-17
      1514.00   3.1737986e-17
      1515.00   3.1738422e-17
      1516.00   3.1738871e-17
      1517.00   3.1739333e-17
      1518.00   3.1739809e-17
      1519.00   3.1740297e-17
      1520.00   3.1740799e-17
      1521.00   3.1741313e-17
      1522.00   3.1741841e-17
      1523.00   3.1742382e-17
      1524.00   3.1742936e-17
      1525.00   3.1743503e-17
      1526.00   3.1744083e-17
      1527.00   3.1744675e-17
      1528.00   3.1745281e-17
      1529.00   3.1745900e-17
      1530.00   3.1746531e-17
      1531.00   3.1747176e-17
      1532.00   3.1747833e-17
      1533.00   3.1748503e-17
      1534.00   3.1749186e-17
      1535.00   3.1749882e-17
      1536.00   3.1750591e-17
      1537.00   3.1751312e-17
      1538.00   3.1752046e-17
      1539.00   3.1752793e-17
      1540.00   3.1753552e-17
      1541.00   3.1754325e-17
      1542.00   3.1755109e-17
      1543.00   3.1755907e-17
      1544.00   3.1756717e-17
      1545.00   3.1757540e-17
      1546.00   3.1758375e-17
      1547.00   3.1759223e-17
      1548.00   3.1760083e-17
      1549.00   3.1760956e-17
      1550.00   3.1761841e-17
      1551.00   3.1762739e-17
      1552.00   3.1763649e-17
      1553.00   3.1764572e-17
      1554.00   3.1765507e-17
      1555.00   3.1766454e-17
      1556.00   3.1767414e-17
      1557.00   3.1768386e-17
      1558.00   3.1769371e-17
      1559.00   3.1770368e-17
      1560.00   3.1771377e-17
      1561.00   3.1772398e-17
      1562.00   3.1773432e-17
      1563.00   3.1774478e-17
      1564.00   3.1775536e-17
      1565.00   3.1776606e-17
      1566.00   3.1777689e-17
      1567.00   3.1778784e-17
      1568.00   3.1779890e-17
      1569.00   3.1781009e-17
      1570.00   3.1782140e-17
      1571.00   3.1783283e-17
      1572.00   3.1784438e-17
      1573.00   3.1785606e-17
      1574.00   3.1786785e-17
      1575.00   3.1787976e-17
      1576.00   3.1789179e-17
      1577.00   3.1790394e-17
      1578.00   3.1791621e-17
      1579.00   3.1792860e-17
      1580.00   3.1794111e-17
      1581.00   3.1795374e-17
      1582.00   3.1796648e-17
      1583.00   3.1797935e-17
      1584.00   3.1799233e-17
      1585.00   3.1800543e-17
      1586.00   3.1801865e-17
      1587.00   3.1803199e-17
      1588.00   3.1804544e-17
      1589.00   3.1805901e-17
      1590.00   3.1807270e-17
      1591.00   3.1808651e-17
      1592.00   3.1810043e-17
      1593.00   3.1811447e-17
      1594.00   3.1812862e-17
      1595.00   3.1814289e-17
      1596.00   3.1815728e-17
      1597.00   3.1817178e-17
      1598.00   3.1818640e-17
      1599.00   3.1820113e-17
      1600.00   3.1821598e-17
      1601.00   3.1823095e-17
      1602.00   3.1824602e-17
      1603.00   3.1826122e-17
      1604.00   3.1827652e-17
      1605.00   3.1829195e-17
      1606.00   3.1830748e-17
      1607.00   3.1832313e-17
      1608.00   3.1833890e-17
      1609.00   3.1835477e-17
      1610.00   3.1837076e-17
      1611.00   3.1838687e-17
      1612.00   3.1840309e-17
      1613.00   3.1841941e-17
      1614.00   3.1843586e-17
      1615.00   3.1845241e-17
      1616.00   3.1846908e-17
      1617.00   3.1848586e-17
      1618.00   3.1850275e-17
      1619.00   3.1851975e-17
      1620.00   3.1853686e-17
      1621.00   3.1855409e-17
      1622.00   3.1857143e-17
      1623.00   3.1858887e-17
      1624.00   3.1860643e-17
      1625.00   3.1862410e-17
      1626.00   3.1864188e-17
      1627.00   3.1865977e-17
      1628.00   3.1867777e-17
      1629.00   3.1869588e-17
      1630.00   3.1871410e-17
      1631.00   3.1873243e-17
      1632.00   3.1875087e-17
      1633.00   3.1876941e-17
      1634.00   3.1878807e-17
      1635.00   3.1880684e-17
      1636.00   3.1882571e-17
      1637.00   3.1884469e-17
      1638.00   3.1886378e-17
      1639.00   3.1888298e-17
      1640.00   3.1890229e-17
      1641.00   3.1892170e-17
      1642.00   3.1894123e-17
      1643.00   3.1896086e-17
      1644.00   3.1898059e-17
      1645.00   3.1900044e-17
      1646.00   3.1902039e-17
      1647.00   3.1904045e-17
      1648.00   3.1906061e-17
      1649.00   3.1908088e-17
      1650.00   3.1910126e-17
      1651.00   3.1912174e-17
      1652.00   3.1914233e-17
      1653.00   3.1916302e-17
      1654.00   3.1918383e-17
      1655.00   3.1920473e-17
      1656.00   3.1922574e-17
      1657.00   3.1924686e-17
      1658.00   3.1926808e-17
      1659.00   3.1928940e-17
      1660.00   3.1931083e-17
      1661.00   3.1933237e-17
      1662.00   3.1935400e-17
      1663.00   3.1937575e-17
      1664.00   3.1939759e-17
      1665.00   3.1941954e-17
      1666.00   3.1944159e-17
      1667.00   3.1946375e-17
      1668.00   3.1948601e-17
      1669.00   3.1950837e-17
      1670.00   3.1953084e-17
      1671.00   3.1955341e-17
      1672.00   3.1957608e-17
      1673.00   3.1959885e-17
      1674.00   3.1962173e-17
      1675.00   3.1964470e-17
      1676.00   3.1966778e-17
      1677.00   3.1969096e-17
      1678.00   3.1971424e-17
      1679.00   3.1973763e-17
      1680.00   3.1976111e-17
      1681.00   3.1978470e-17
      1682.00   3.1980838e-17
      1683.00   3.1983217e-17
      1684.00   3.1985606e-17
      1685.00   3.1988004e-17
      1686.00   3.1990413e-17
      1687.00   3.1992832e-17
      1688.00   3.1995261e-17
      1689.00   3.1997700e-17
      1690.00   3.2000148e-17
      1691.00   3.2002607e-17
      1692.00   3.2005075e-17
      1693.00   3.2007554e-17
      1694.00   3.2010042e-17
      1695.00   3.2012540e-17
      1696.00   3.2015049e-17
      1697.00   3.2017566e-17
      1698.00   3.2020094e-17
      1699.00   3.2022632e-17
      1700.00   3.2025179e-17
      1701.00   3.2027736e-17
      1702.00   3.2030303e-17
      1703.00   3.2032880e-17
      1704.00   3.2035466e-17
      1705.00   3.2038062e-17
      1706.00   3.2040668e-17
      1707.00   3.2043283e-17
      1708.00   3.2045908e-17
      1709.00   3.2048543e-17
      1710.00   3.2051188e-17
      1711.00   3.2053842e-17
      1712.00   3.2056505e-17
      1713.00   3.2059178e-17
      1714.00   3.2061861e-17
      1715.00   3.2064554e-17
      1716.00   3.2067255e-17
      1717.00   3.2069967e-17
      1718.00   3.2072688e-17
      1719.00   3.2075418e-17
      1720.00   3.2078158e-17
      1721.00   3.2080907e-17
      1722.00   3.2083666e-17
      1723.00   3.2086434e-17
      1724.00   3.2089212e-17
      1725.00   3.2091999e-17
      1726.00   3.2094796e-17
      1727.00   3.2097601e-17
      1728.00   3.2100417e-17
      1729.00   3.2103241e-17
      1730.00   3.2106075e-17
      1731.00   3.2108918e-17
      1732.00   3.2111770e-17
      1733.00   3.2114632e-17
      1734.00   3.2117503e-17
      1735.00   3.2120383e-17
      1736.00   3.2123273e-17
      1737.00   3.2126172e-17
      1738.00   3.2129079e-17
      1739.00   3.2131996e-17
      1740.00   3.2134923e-17
      1741.00   3.2137858e-17
      1742.00   3.2140803e-17
      1743.00   3.2143756e-17
      1744.00   3.2146719e-17
      1745.00   3.2149691e-17
      1746.00   3.2152672e-17
      1747.00   3.2155662e-17
      1748.00   3.2158661e-17
      1749.00   3.2161670e-17
      1750.00   3.2164687e-17
      1751.00   3.2167713e-17
      1752.00   3.2170748e-17
      1753.00   3.2173792e-17
      1754.00   3.2176846e-17
      1755.00   3.2179908e-17
      1756.00   3.2182979e-17
      1757.00   3.2186059e-17
      1758.00   3.2189148e-17
      1759.00   3.2192246e-17
      1760.00   3.2195352e-17
      1761.00   3.2198468e-17
      1762.00   3.2201592e-17
      1763.00   3.2204726e-17
      1764.00   3.2207868e-17
      1765.00   3.2211019e-17
      1766.00   3.2214178e-17
      1767.00   3.2217347e-17
      1768.00   3.2220524e-17
      1769.00   3.2223710e-17
      1770.00   3.2226905e-17
      1771.00   3.2230108e-17
      1772.00   3.2233320e-17
      1773.00   3.2236541e-17
      1774.00   3.2239771e-17
      1775.00   3.2243009e-17
      1776.00   3.2246256e-17
      1777.00   3.2249511e-17
      1778.00   3.2252776e-17
      1779.00   3.2256048e-17
      1780.00   3.2259330e-17
      1781.00   3.2262620e-17
      1782.00   3.2265918e-17
      1783.00   3.2269225e-17
      1784.00   3.2272541e-17
      1785.00   3.2275865e-17
      1786.00   3.2279198e-17
      1787.00   3.2282539e-17
      1788.00   3.2285889e-17
      1789.00   3.2289247e-17
      1790.00   3.2292613e-17
      1791.00   3.2295988e-17
      1792.00   3.2299372e-17
      1793.00   3.2302764e-17
      1794.00   3.2306164e-17
      1795.00   3.2309573e-17
      1796.00   3.2312990e-17
      1797.00   3.2316415e-17
      1798.00   3.2319849e-17
      1799.00   3.2323291e-17
      1800.00   3.2326742e-17
      1801.00   3.2330200e-17
      1802.00   3.2333668e-17
      1803.00   3.2337143e-17
      1804.00   3.2340627e-17
      1805.00   3.2344118e-17
      1806.00   3.2347619e-17
      1807.00   3.2351127e-17
      1808.00   3.2354644e-17
      1809.00   3.2358168e-17
      1810.00   3.2361701e-17
      1811.00   3.2365243e-17
      1812.00   3.2368792e-17
      1813.00   3.2372349e-17
      1814.00   3.2375915e-17
      1815.00   3.2379489e-17
      1816.00   3.2383071e-17
      1817.00   3.2386661e-17
      1818.00   3.2390259e-17
      1819.00   3.2393865e-17
      1820.00   3.2397479e-17
      1821.00   3.2401101e-17
      1822.00   3.2404732e-17
      1823.00   3.2408370e-17
      1824.00   3.2412016e-17
      1825.00   3.2415671e-17
      1826.00   3.2419333e-17
      1827.00   3.2423003e-17
      1828.00   3.2426681e-17
      1829.00   3.2430367e-17
      1830.00   3.2434062e-17
      1831.00   3.2437764e-17
      1832.00   3.2441474e-17
      1833.00   3.2445191e-17
      1834.00   3.2448917e-17
      1835.00   3.2452651e-17
      1836.00   3.2456392e-17
      1837.00   3.2460141e-17
      1838.00   3.2463898e-17
      1839.00   3.2467663e-17
      1840.00   3.2471436e-17
      1841.00   3.2475217e-17
      1842.00   3.2479005e-17
      1843.00   3.2482801e-17
      1844.00   3.2486605e-17
      1845.00   3.2490416e-17
      1846.00   3.2494236e-17
      1847.00   3.2498063e-17
      1848.00   3.2501897e-17
      1849.00   3.2505740e-17
      1850.00   3.2509590e-17
      1851.00   3.2513448e-17
      1852.00   3.2517313e-17
      1853.00   3.2521186e-17
      1854.00   3.2525067e-17
      1855.00   3.2528955e-17
      1856.00   3.2532851e-17
      1857.00   3.2536754e-17
      1858.00   3.2540666e-17
      1859.00   3.2544584e-17
      1860.00   3.2548510e-17
      1861.00   3.2552444e-17
      1862.00   3.2556386e-17
      1863.00   3.2560334e-17
      1864.00   3.2564291e-17
      1865.00   3.2568255e-17
      1866.00   3.2572226e-17
      1867.00   3.2576205e-17
      1868.00   3.2580191e-17
      1869.00   3.2584185e-17
      1870.00   3.2588186e-17
      1871.00   3.2592194e-17
      1872.00   3.2596210e-17
      1873.00   3.2600234e-17
      1874.00   3.2604264e-17
      1875.00   3.2608303e-17
      1876.00   3.2612348e-17
      1877.00   3.2616401e-17
      1878.00   3.2620461e-17
      1879.00   3.2624529e-17
      1880.00   3.2628604e-17
      1881.00   3.2632686e-17
      1882.00   3.2636775e-17
      1883.00   3.2640872e-17
      1884.00   3.2644976e-17
      1885.00   3.2649087e-17
      1886.00   3.2653206e-17
      1887.00   3.2657332e-17
      1888.00   3.2661465e-17
      1889.00   3.2665605e-17
      1890.00   3.2669752e-17
      1891.00   3.2673907e-17
      1892.00   3.2678069e-17
      1893.00   3.2682238e-17
      1894.00   3.2686414e-17
      1895.00   3.2690597e-17
      1896.00   3.2694787e-17
      1897.00   3.2698985e-17
      1898.00   3.2703190e-17
      1899.00   3.2707401e-17
      1900.00   3.2711620e-17
      1901.00   3.2715846e-17
      1902.00   3.2720079e-17
      1903.00   3.2724319e-17
      1904.00   3.2728566e-17
      1905.00   3.2732820e-17
      1906.00   3.2737081e-17
      1907.00   3.2741350e-17
      1908.00   3.2745625e-17
      1909.00   3.2749907e-17
      1910.00   3.2754196e-17
      1911.00   3.2758492e-17
      1912.00   3.2762795e-17
      1913.00   3.2767105e-17
      1914.00   3.2771422e-17
      1915.00   3.2775746e-17
      1916.00   3.2780076e-17
      1917.00   3.2784414e-17
      1918.00   3.2788758e-17
      1919.00   3.2793110e-17
      1920.00   3.2797468e-17
      1921.00   3.2801833e-17
      1922.00   3.2806205e-17
      1923.00   3.2810584e-17
      1924.00   3.2814969e-17
      1925.00   3.2819362e-17
      1926.00   3.2823761e-17
      1927.00   3.2828167e-17
      1928.00   3.2832580e-17
      1929.00   3.2836999e-17
      1930.00   3.2841426e-17
      1931.00   3.2845859e-17
      1932.00   3.2850299e-17
      1933.00   3.2854745e-17
      1934.00   3.2859198e-17
      1935.00   3.2863658e-17
      1936.00   3.2868125e-17
      1937.00   3.2872598e-17
      1938.00   3.2877078e-17
      1939.00   3.2881565e-17
      1940.00   3.2886058e-17
      1941.00   3.2890558e-17
      1942.00   3.2895065e-17
      1943.00   3.2899578e-17
      1944.00   3.2904098e-17
      1945.00   3.2908624e-17
      1946.00   3.2913157e-17
      1947.00   3.2917696e-17
      1948.00   3.2922243e-17
      1949.00   3.2926795e-17
      1950.00   3.2931354e-17
      1951.00   3.2935920e-17
      1952.00   3.2940493e-17
      1953.00   3.2945071e-17
      1954.00   3.2949657e-17
      1955.00   3.2954248e-17
      1956.00   3.2958847e-17
      1957.00   3.2963451e-17
      1958.00   3.2968063e-17
      1959.00   3.2972680e-17
      1960.00   3.2977304e-17
      1961.00   3.2981935e-17
      1962.00   3.2986572e-17
      1963.00   3.2991215e-17
      1964.00   3.2995865e-17
      1965.00   3.3000521e-17
      1966.00   3.3005184e-17
      1967.00   3.3009853e-17
      1968.00   3.3014528e-17
      1969.00   3.3019210e-17
      1970.00   3.3023898e-17
      1971.00   3.3028592e-17
      1972.00   3.3033293e-17
      1973.00   3.3038000e-17
      1974.00   3.3042713e-17
      1975.00   3.3047432e-17
      1976.00   3.3052158e-17
      1977.00   3.3056890e-17
      1978.00   3.3061629e-17
      1979.00   3.3066373e-17
      1980.00   3.3071124e-17
      1981.00   3.3075881e-17
      1982.00   3.3080644e-17
      1983.00   3.3085414e-17
      1984.00   3.3090190e-17
      1985.00   3.3094972e-17
      1986.00   3.3099760e-17
      1987.00   3.3104554e-17
      1988.00   3.3109354e-17
      1989.00   3.3114161e-17
      1990.00   3.3118974e-17
      1991.00   3.3123793e-17
      1992.00   3.3128618e-17
      1993.00   3.3133449e-17
      1994.00   3.3138286e-17
      1995.00   3.3143129e-17
      1996.00   3.3147979e-17
      1997.00   3.3152834e-17
      1998.00   3.3157696e-17
      1999.00   3.3162563e-17
      2000.00   3.3167437e-17
      2001.00   3.3172317e-17
      2002.00   3.3177202e-17
      2003.00   3.3182094e-17
      2004.00   3.3186992e-17
      2005.00   3.3191896e-17
      2006.00   3.3196805e-17
      2007.00   3.3201721e-17
      2008.00   3.3206643e-17
      2009.00   3.3211570e-17
      2010.00   3.3216504e-17
      2011.00   3.3221444e-17
      2012.00   3.3226389e-17
      2013.00   3.3231340e-17
      2014.00   3.3236298e-17
      2015.00   3.3241261e-17
      2016.00   3.3246230e-17
      2017.00   3.3251205e-17
      2018.00   3.3256186e-17
      2019.00   3.3261173e-17
      2020.00   3.3266165e-17
      2021.00   3.3271164e-17
      2022.00   3.3276168e-17
      2023.00   3.3281178e-17
      2024.00   3.3286194e-17
      2025.00   3.3291216e-17
      2026.00   3.3296244e-17
      2027.00   3.3301277e-17
      2028.00   3.3306316e-17
      2029.00   3.3311361e-17
      2030.00   3.3316412e-17
      2031.00   3.3321469e-17
      2032.00   3.3326531e-17
      2033.00   3.3331599e-17
      2034.00   3.3336673e-17
      2035.00   3.3341752e-17
      2036.00   3.3346837e-17
      2037.00   3.3351928e-17
      2038.00   3.3357025e-17
      2039.00   3.3362127e-17
      2040.00   3.3367235e-17
      2041.00   3.3372349e-17
      2042.00   3.3377468e-17
      2043.00   3.3382593e-17
      2044.00   3.3387724e-17
      2045.00   3.3392860e-17
      2046.00   3.3398002e-17
      2047.00   3.3403149e-17
      2048.00   3.3408302e-17
      2049.00   3.3413461e-17
      2050.00   3.3418625e-17
      2051.00   3.3423795e-17
      2052.00   3.3428970e-17
      2053.00   3.3434151e-17
      2054.00   3.3439338e-17
      2055.00   3.3444530e-17
      2056.00   3.3449728e-17
      2057.00   3.3454931e-17
      2058.00   3.3460140e-17
      2059.00   3.3465354e-17
      2060.00   3.3470574e-17
      2061.00   3.3475799e-17
      2062.00   3.3481029e-17
      2063.00   3.3486266e-17
      2064.00   3.3491507e-17
      2065.00   3.3496754e-17
      2066.00   3.3502007e-17
      2067.00   3.3507265e-17
      2068.00   3.3512529e-17
      2069.00   3.3517797e-17
      2070.00   3.3523072e-17
      2071.00   3.3528351e-17
      2072.00   3.3533637e-17
      2073.00   3.3538927e-17
      2074.00   3.3544223e-17
      2075.00   3.3549524e-17
      2076.00   3.3554831e-17
      2077.00   3.3560143e-17
      2078.00   3.3565460e-17
      2079.00   3.3570783e-17
      2080.00   3.3576111e-17
      2081.00   3.3581445e-17
      2082.00   3.3586783e-17
      2083.00   3.3592127e-17
      2084.00   3.3597477e-17
      2085.00   3.3602831e-17
      2086.00   3.3608191e-17
      2087.00   3.3613557e-17
      2088.00   3.3618927e-17
      2089.00   3.3624303e-17
      2090.00   3.3629684e-17
      2091.00   3.3635070e-17
      2092.00   3.3640461e-17
      2093.00   3.3645858e-17
      2094.00   3.3651260e-17
      2095.00   3.3656667e-17
      2096.00   3.3662080e-17
      2097.00   3.3667497e-17
      2098.00   3.3672920e-17
      2099.00   3.3678348e-17
      2100.00   3.3683781e-17
      2101.00   3.3689219e-17
      2102.00   3.3694663e-17
      2103.00   3.3700111e-17
      2104.00   3.3705565e-17
      2105.00   3.3711024e-17
      2106.00   3.3716488e-17
      2107.00   3.3721957e-17
      2108.00   3.3727431e-17
      2109.00   3.3732911e-17
      2110.00   3.3738395e-17
      2111.00   3.3743885e-17
      2112.00   3.3749379e-17
      2113.00   3.3754879e-17
      2114.00   3.3760384e-17
      2115.00   3.3765893e-17
      2116.00   3.3771408e-17
      2117.00   3.3776928e-17
      2118.00   3.3782453e-17
      2119.00   3.3787983e-17
      2120.00   3.3793518e-17
      2121.00   3.3799058e-17
      2122.00   3.3804603e-17
      2123.00   3.3810153e-17
      2124.00   3.3815708e-17
      2125.00   3.3821268e-17
      2126.00   3.3826833e-17
      2127.00   3.3832402e-17
      2128.00   3.3837977e-17
      2129.00   3.3843557e-17
      2130.00   3.3849142e-17
      2131.00   3.3854731e-17
      2132.00   3.3860326e-17
      2133.00   3.3865926e-17
      2134.00   3.3871530e-17
      2135.00   3.3877139e-17
      2136.00   3.3882754e-17
      2137.00   3.3888373e-17
      2138.00   3.3893997e-17
      2139.00   3.3899625e-17
      2140.00   3.3905259e-17
      2141.00   3.3910898e-17
      2142.00   3.3916541e-17
      2143.00   3.3922190e-17
      2144.00   3.3927843e-17
      2145.00   3.3933501e-17
      2146.00   3.3939163e-17
      2147.00   3.3944831e-17
      2148.00   3.3950503e-17
      2149.00   3.3956181e-17
      2150.00   3.3961863e-17
      2151.00   3.3967549e-17
      2152.00   3.3973241e-17
      2153.00   3.3978937e-17
      2154.00   3.3984638e-17
      2155.00   3.3990344e-17
      2156.00   3.3996055e-17
      2157.00   3.4001770e-17
      2158.00   3.4007490e-17
      2159.00   3.4013215e-17
      2160.00   3.4018945e-17
      2161.00   3.4024679e-17
      2162.00   3.4030418e-17
      2163.00   3.4036161e-17
      2164.00   3.4041910e-17
      2165.00   3.4047663e-17
      2166.00   3.4053421e-17
      2167.00   3.4059183e-17
      2168.00   3.4064950e-17
      2169.00   3.4070722e-17
      2170.00   3.4076498e-17
      2171.00   3.4082279e-17
      2172.00   3.4088065e-17
      2173.00   3.4093855e-17
      2174.00   3.4099650e-17
      2175.00   3.4105449e-17
      2176.00   3.4111253e-17
      2177.00   3.4117062e-17
      2178.00   3.4122875e-17
      2179.00   3.4128693e-17
      2180.00   3.4134516e-17
      2181.00   3.4140343e-17
      2182.00   3.4146174e-17
      2183.00   3.4152011e-17
      2184.00   3.4157851e-17
      2185.00   3.4163697e-17
      2186.00   3.4169546e-17
      2187.00   3.4175401e-17
      2188.00   3.4181259e-17
      2189.00   3.4187123e-17
      2190.00   3.4192991e-17
      2191.00   3.4198863e-17
      2192.00   3.4204740e-17
      2193.00   3.4210621e-17
      2194.00   3.4216507e-17
      2195.00   3.4222398e-17
      2196.00   3.4228292e-17
      2197.00   3.4234192e-17
      2198.00   3.4240095e-17
      2199.00   3.4246004e-17
      2200.00   3.4251916e-17
      2201.00   3.4257833e-17
      2202.00   3.4263755e-17
      2203.00   3.4269681e-17
      2204.00   3.4275611e-17
      2205.00   3.4281546e-17
      2206.00   3.4287485e-17
      2207.00   3.4293429e-17
      2208.00   3.4299376e-17
      2209.00   3.4305329e-17
      2210.00   3.4311285e-17
      2211.00   3.4317247e-17
      2212.00   3.4323212e-17
      2213.00   3.4329182e-17
      2214.00   3.4335156e-17
      2215.00   3.4341134e-17
      2216.00   3.4347117e-17
      2217.00   3.4353104e-17
      2218.00   3.4359096e-17
      2219.00   3.4365092e-17
      2220.00   3.4371092e-17
      2221.00   3.4377096e-17
      2222.00   3.4383105e-17
      2223.00   3.4389118e-17
      2224.00   3.4395135e-17
      2225.00   3.4401157e-17
      2226.00   3.4407183e-17
      2227.00   3.4413213e-17
      2228.00   3.4419247e-17
      2229.00   3.4425286e-17
      2230.00   3.4431329e-17
      2231.00   3.4437376e-17
      2232.00   3.4443427e-17
      2233.00   3.4449483e-17
      2234.00   3.4455543e-17
      2235.00   3.4461607e-17
      2236.00   3.4467675e-17
      2237.00   3.4473748e-17
      2238.00   3.4479824e-17
      2239.00   3.4485905e-17
      2240.00   3.4491990e-17
      2241.00   3.4498079e-17
      2242.00   3.4504173e-17
      2243.00   3.4510270e-17
      2244.00   3.4516372e-17
      2245.00   3.4522478e-17
      2246.00   3.4528588e-17
      2247.00   3.4534702e-17
      2248.00   3.4540820e-17
      2249.00   3.4546943e-17
      2250.00   3.4553069e-17
      2251.00   3.4559200e-17
      2252.00   3.4565335e-17
      2253.00   3.4571474e-17
      2254.00   3.4577617e-17
      2255.00   3.4583764e-17
      2256.00   3.4589915e-17
      2257.00   3.4596070e-17
      2258.00   3.4602230e-17
      2259.00   3.4608393e-17
      2260.00   3.4614560e-17
      2261.00   3.4620732e-17
      2262.00   3.4626908e-17
      2263.00   3.4633087e-17
      2264.00   3.4639271e-17
      2265.00   3.4645459e-17
      2266.00   3.4651650e-17
      2267.00   3.4657846e-17
      2268.00   3.4664046e-17
      2269.00   3.4670250e-17
      2270.00   3.4676457e-17
      2271.00   3.4682669e-17
      2272.00   3.4688885e-17
      2273.00   3.4695105e-17
      2274.00   3.4701328e-17
      2275.00   3.4707556e-17
      2276.00   3.4713788e-17
      2277.00   3.4720023e-17
      2278.00   3.4726263e-17
      2279.00   3.4732507e-17
      2280.00   3.4738754e-17
      2281.00   3.4745005e-17
      2282.00   3.4751261e-17
      2283.00   3.4757520e-17
      2284.00   3.4763783e-17
      2285.00   3.4770050e-17
      2286.00   3.4776322e-17
      2287.00   3.4782596e-17
      2288.00   3.4788875e-17
      2289.00   3.4795158e-17
      2290.00   3.4801445e-17
      2291.00   3.4807735e-17
      2292.00   3.4814030e-17
      2293.00   3.4820328e-17
      2294.00   3.4826630e-17
      2295.00   3.4832936e-17
      2296.00   3.4839246e-17
      2297.00   3.4845560e-17
      2298.00   3.4851877e-17
      2299.00   3.4858199e-17
      2300.00   3.4864524e-17
      2301.00   3.4870853e-17
      2302.00   3.4877186e-17
      2303.00   3.4883522e-17
      2304.00   3.4889863e-17
      2305.00   3.4896207e-17
      2306.00   3.4902555e-17
      2307.00   3.4908907e-17
      2308.00   3.4915263e-17
      2309.00   3.4921622e-17
      2310.00   3.4927985e-17
      2311.00   3.4934352e-17
      2312.00   3.4940723e-17
      2313.00   3.4947098e-17
      2314.00   3.4953476e-17
      2315.00   3.4959858e-17
      2316.00   3.4966244e-17
      2317.00   3.4972633e-17
      2318.00   3.4979027e-17
      2319.00   3.4985424e-17
      2320.00   3.4991824e-17
      2321.00   3.4998229e-17
      2322.00   3.5004637e-17
      2323.00   3.5011049e-17
      2324.00   3.5017464e-17
      2325.00   3.5023883e-17
      2326.00   3.5030306e-17
      2327.00   3.5036733e-17
      2328.00   3.5043163e-17
      2329.00   3.5049597e-17
      2330.00   3.5056035e-17
      2331.00   3.5062476e-17
      2332.00   3.5068921e-17
      2333.00   3.5075370e-17
      2334.00   3.5081822e-17
      2335.00   3.5088278e-17
      2336.00   3.5094737e-17
      2337.00   3.5101201e-17
      2338.00   3.5107667e-17
      2339.00   3.5114138e-17
      2340.00   3.5120612e-17
      2341.00   3.5127089e-17
      2342.00   3.5133571e-17
      2343.00   3.5140055e-17
      2344.00   3.5146544e-17
      2345.00   3.5153036e-17
      2346.00   3.5159532e-17
      2347.00   3.5166031e-17
      2348.00   3.5172534e-17
      2349.00   3.5179040e-17
      2350.00   3.5185550e-17
      2351.00   3.5192063e-17
      2352.00   3.5198580e-17
      2353.00   3.5205101e-17
      2354.00   3.5211625e-17
      2355.00   3.5218153e-17
      2356.00   3.5224684e-17
      2357.00   3.5231219e-17
      2358.00   3.5237757e-17
      2359.00   3.5244299e-17
      2360.00   3.5250844e-17
      2361.00   3.5257393e-17
      2362.00   3.5263945e-17
      2363.00   3.5270501e-17
      2364.00   3.5277060e-17
      2365.00   3.5283623e-17
      2366.00   3.5290189e-17
      2367.00   3.5296759e-17
      2368.00   3.5303332e-17
      2369.00   3.5309909e-17
      2370.00   3.5316489e-17
      2371.00   3.5323072e-17
      2372.00   3.5329659e-17
      2373.00   3.5336250e-17
      2374.00   3.5342844e-17
      2375.00   3.5349441e-17
      2376.00   3.5356042e-17
      2377.00   3.5362646e-17
      2378.00   3.5369254e-17
      2379.00   3.5375865e-17
      2380.00   3.5382480e-17
      2381.00   3.5389098e-17
      2382.00   3.5395719e-17
      2383.00   3.5402344e-17
      2384.00   3.5408972e-17
      2385.00   3.5415603e-17
      2386.00   3.5422238e-17
      2387.00   3.5428877e-17
      2388.00   3.5435518e-17
      2389.00   3.5442163e-17
      2390.00   3.5448812e-17
      2391.00   3.5455464e-17
      2392.00   3.5462119e-17
      2393.00   3.5468777e-17
      2394.00   3.5475439e-17
      2395.00   3.5482104e-17
      2396.00   3.5488773e-17
      2397.00   3.5495445e-17
      2398.00   3.5502120e-17
      2399.00   3.5508798e-17
      2400.00   3.5515480e-17
      2401.00   3.5522165e-17
      2402.00   3.5528854e-17
      2403.00   3.5535546e-17
      2404.00   3.5542241e-17
      2405.00   3.5548939e-17
      2406.00   3.5555641e-17
      2407.00   3.5562346e-17
      2408.00   3.5569054e-17
      2409.00   3.5575766e-17
      2410.00   3.5582480e-17
      2411.00   3.5589198e-17
      2412.00   3.5595920e-17
      2413.00   3.5602644e-17
      2414.00   3.5609372e-17
      2415.00   3.5616103e-17
      2416.00   3.5622838e-17
      2417.00   3.5629575e-17
      2418.00   3.5636316e-17
      2419.00   3.5643060e-17
      2420.00   3.5649807e-17
      2421.00   3.5656558e-17
      2422.00   3.5663312e-17
      2423.00   3.5670069e-17
      2424.00   3.5676829e-17
      2425.00   3.5683592e-17
      2426.00   3.5690359e-17
      2427.00   3.5697128e-17
      2428.00   3.5703901e-17
      2429.00   3.5710678e-17
      2430.00   3.5717457e-17
      2431.00   3.5724239e-17
      2432.00   3.5731025e-17
      2433.00   3.5737814e-17
      2434.00   3.5744606e-17
      2435.00   3.5751401e-17
      2436.00   3.5758200e-17
      2437.00   3.5765001e-17
      2438.00   3.5771806e-17
      2439.00   3.5778613e-17
      2440.00   3.5785424e-17
      2441.00   3.5792238e-17
      2442.00   3.5799056e-17
      2443.00   3.5805876e-17
      2444.00   3.5812699e-17
      2445.00   3.5819526e-17
      2446.00   3.5826356e-17
      2447.00   3.5833189e-17
      2448.00   3.5840024e-17
      2449.00   3.5846863e-17
      2450.00   3.5853706e-17
      2451.00   3.5860551e-17
      2452.00   3.5867399e-17
      2453.00   3.5874250e-17
      2454.00   3.5881105e-17
      2455.00   3.5887962e-17
      2456.00   3.5894823e-17
      2457.00   3.5901687e-17
      2458.00   3.5908554e-17
      2459.00   3.5915423e-17
      2460.00   3.5922296e-17
      2461.00   3.5929172e-17
      2462.00   3.5936051e-17
      2463.00   3.5942933e-17
      2464.00   3.5949818e-17
      2465.00   3.5956706e-17
      2466.00   3.5963597e-17
      2467.00   3.5970491e-17
      2468.00   3.5977389e-17
      2469.00   3.5984289e-17
      2470.00   3.5991192e-17
      2471.00   3.5998098e-17
      2472.00   3.6005007e-17
      2473.00   3.6011919e-17
      2474.00   3.6018835e-17
      2475.00   3.6025753e-17
      2476.00   3.6032674e-17
      2477.00   3.6039598e-17
      2478.00   3.6046525e-17
      2479.00   3.6053455e-17
      2480.00   3.6060389e-17
      2481.00   3.6067325e-17
      2482.00   3.6074264e-17
      2483.00   3.6081206e-17
      2484.00   3.6088151e-17
      2485.00   3.6095099e-17
      2486.00   3.6102049e-17
      2487.00   3.6109003e-17
      2488.00   3.6115960e-17
      2489.00   3.6122920e-17
      2490.00   3.6129882e-17
      2491.00   3.6136848e-17
      2492.00   3.6143816e-17
      2493.00   3.6150788e-17
      2494.00   3.6157762e-17
      2495.00   3.6164739e-17
      2496.00   3.6171719e-17
      2497.00   3.6178702e-17
      2498.00   3.6185688e-17
      2499.00   3.6192677e-17
      2500.00   3.6199669e-17
      2501.00   3.6206663e-17
      2502.00   3.6213661e-17
      2503.00   3.6220661e-17
      2504.00   3.6227665e-17
      2505.00   3.6234671e-17
      2506.00   3.6241680e-17
      2507.00   3.6248692e-17
      2508.00   3.6255706e-17
      2509.00   3.6262724e-17
      2510.00   3.6269744e-17
      2511.00   3.6276768e-17
      2512.00   3.6283794e-17
      2513.00   3.6290823e-17
      2514.00   3.6297855e-17
      2515.00   3.6304889e-17
      2516.00   3.6311927e-17
      2517.00   3.6318967e-17
      2518.00   3.6326010e-17
      2519.00   3.6333056e-17
      2520.00   3.6340105e-17
      2521.00   3.6347157e-17
      2522.00   3.6354211e-17
      2523.00   3.6361269e-17
      2524.00   3.6368329e-17
      2525.00   3.6375391e-17
      2526.00   3.6382457e-17
      2527.00   3.6389526e-17
      2528.00   3.6396597e-17
      2529.00   3.6403671e-17
      2530.00   3.6410748e-17
      2531.00   3.6417827e-17
      2532.00   3.6424909e-17
      2533.00   3.6431994e-17
      2534.00   3.6439082e-17
      2535.00   3.6446173e-17
      2536.00   3.6453266e-17
      2537.00   3.6460362e-17
      2538.00   3.6467461e-17
      2539.00   3.6474563e-17
      2540.00   3.6481667e-17
      2541.00   3.6488775e-17
      2542.00   3.6495884e-17
      2543.00   3.6502997e-17
      2544.00   3.6510112e-17
      2545.00   3.6517230e-17
      2546.00   3.6524351e-17
      2547.00   3.6531475e-17
      2548.00   3.6538601e-17
      2549.00   3.6545730e-17
      2550.00   3.6552861e-17
      2551.00   3.6559996e-17
      2552.00   3.6567133e-17
      2553.00   3.6574272e-17
      2554.00   3.6581415e-17
      2555.00   3.6588560e-17
      2556.00   3.6595708e-17
      2557.00   3.6602858e-17
      2558.00   3.6610011e-17
      2559.00   3.6617167e-17
      2560.00   3.6624326e-17
      2561.00   3.6631487e-17
      2562.00   3.6638651e-17
      2563.00   3.6645817e-17
      2564.00   3.6652986e-17
      2565.00   3.6660158e-17
      2566.00   3.6667333e-17
      2567.00   3.6674510e-17
      2568.00   3.6681690e-17
      2569.00   3.6688872e-17
      2570.00   3.6696057e-17
      2571.00   3.6703245e-17
      2572.00   3.6710435e-17
      2573.00   3.6717628e-17
      2574.00   3.6724824e-17
      2575.00   3.6732022e-17
      2576.00   3.6739223e-17
      2577.00   3.6746426e-17
      2578.00   3.6753632e-17
      2579.00   3.6760841e-17
      2580.00   3.6768052e-17
      2581.00   3.6775266e-17
      2582.00   3.6782482e-17
      2583.00   3.6789701e-17
      2584.00   3.6796923e-17
      2585.00   3.6804147e-17
      2586.00   3.6811374e-17
      2587.00   3.6818603e-17
      2588.00   3.6825835e-17
      2589.00   3.6833070e-17
      2590.00   3.6840307e-17
      2591.00   3.6847547e-17
      2592.00   3.6854789e-17
      2593.00   3.6862034e-17
      2594.00   3.6869281e-17
      2595.00   3.6876531e-17
      2596.00   3.6883784e-17
      2597.00   3.6891039e-17
      2598.00   3.6898296e-17
      2599.00   3.6905556e-17
      2600.00   3.6912819e-17
      2601.00   3.6920084e-17
      2602.00   3.6927352e-17
      2603.00   3.6934622e-17
      2604.00   3.6941895e-17
      2605.00   3.6949170e-17
      2606.00   3.6956448e-17
      2607.00   3.6963728e-17
      2608.00   3.6971011e-17
      2609.00   3.6978296e-17
      2610.00   3.6985584e-17
      2611.00   3.6992875e-17
      2612.00   3.7000167e-17
      2613.00   3.7007463e-17
      2614.00   3.7014761e-17
      2615.00   3.7022061e-17
      2616.00   3.7029364e-17
      2617.00   3.7036669e-17
      2618.00   3.7043977e-17
      2619.00   3.7051287e-17
      2620.00   3.7058600e-17
      2621.00   3.7065915e-17
      2622.00   3.7073233e-17
      2623.00   3.7080553e-17
      2624.00   3.7087875e-17
      2625.00   3.7095201e-17
      2626.00   3.7102528e-17
      2627.00   3.7109858e-17
      2628.00   3.7117190e-17
      2629.00   3.7124525e-17
      2630.00   3.7131863e-17
      2631.00   3.7139202e-17
      2632.00   3.7146545e-17
      2633.00   3.7153889e-17
      2634.00   3.7161236e-17
      2635.00   3.7168586e-17
      2636.00   3.7175938e-17
      2637.00   3.7183292e-17
      2638.00   3.7190649e-17
      2639.00   3.7198008e-17
      2640.00   3.7205370e-17
      2641.00   3.7212734e-17
      2642.00   3.7220100e-17
      2643.00   3.7227469e-17
      2644.00   3.7234840e-17
      2645.00   3.7242214e-17
      2646.00   3.7249590e-17
      2647.00   3.7256968e-17
      2648.00   3.7264349e-17
      2649.00   3.7271732e-17
      2650.00   3.7279118e-17
      2651.00   3.7286505e-17
      2652.00   3.7293896e-17
      2653.00   3.7301288e-17
      2654.00   3.7308684e-17
      2655.00   3.7316081e-17
      2656.00   3.7323481e-17
      2657.00   3.7330883e-17
      2658.00   3.7338287e-17
      2659.00   3.7345694e-17
      2660.00   3.7353104e-17
      2661.00   3.7360515e-17
      2662.00   3.7367929e-17
      2663.00   3.7375345e-17
      2664.00   3.7382764e-17
      2665.00   3.7390185e-17
      2666.00   3.7397608e-17
      2667.00   3.7405034e-17
      2668.00   3.7412462e-17
      2669.00   3.7419892e-17
      2670.00   3.7427325e-17
      2671.00   3.7434760e-17
      2672.00   3.7442197e-17
      2673.00   3.7449637e-17
      2674.00   3.7457078e-17
      2675.00   3.7464523e-17
      2676.00   3.7471969e-17
      2677.00   3.7479418e-17
      2678.00   3.7486869e-17
      2679.00   3.7494323e-17
      2680.00   3.7501778e-17
      2681.00   3.7509236e-17
      2682.00   3.7516697e-17
      2683.00   3.7524159e-17
      2684.00   3.7531624e-17
      2685.00   3.7539091e-17
      2686.00   3.7546561e-17
      2687.00   3.7554032e-17
      2688.00   3.7561506e-17
      2689.00   3.7568983e-17
      2690.00   3.7576461e-17
      2691.00   3.7583942e-17
      2692.00   3.7591425e-17
      2693.00   3.7598910e-17
      2694.00   3.7606398e-17
      2695.00   3.7613888e-17
      2696.00   3.7621380e-17
      2697.00   3.7628874e-17
      2698.00   3.7636371e-17
      2699.00   3.7643870e-17
      2700.00   3.7651371e-17
      2701.00   3.7658874e-17
      2702.00   3.7666380e-17
      2703.00   3.7673888e-17
      2704.00   3.7681398e-17
      2705.00   3.7688910e-17
      2706.00   3.7696424e-17
      2707.00   3.7703941e-17
      2708.00   3.7711460e-17
      2709.00   3.7718981e-17
      2710.00   3.7726504e-17
      2711.00   3.7734030e-17
      2712.00   3.7741558e-17
      2713.00   3.7749088e-17
      2714.00   3.7756620e-17
      2715.00   3.7764154e-17
      2716.00   3.7771691e-17
      2717.00   3.7779230e-17
      2718.00   3.7786771e-17
      2719.00   3.7794314e-17
      2720.00   3.7801859e-17
      2721.00   3.7809407e-17
      2722.00   3.7816957e-17
      2723.00   3.7824509e-17
      2724.00   3.7832063e-17
      2725.00   3.7839619e-17
      2726.00   3.7847178e-17
      2727.00   3.7854738e-17
      2728.00   3.7862301e-17
      2729.00   3.7869866e-17
      2730.00   3.7877433e-17
      2731.00   3.7885002e-17
      2732.00   3.7892574e-17
      2733.00   3.7900147e-17
      2734.00   3.7907723e-17
      2735.00   3.7915301e-17
      2736.00   3.7922881e-17
      2737.00   3.7930463e-17
      2738.00   3.7938048e-17
      2739.00   3.7945634e-17
      2740.00   3.7953223e-17
      2741.00   3.7960814e-17
      2742.00   3.7968407e-17
      2743.00   3.7976002e-17
      2744.00   3.7983599e-17
      2745.00   3.7991198e-17
      2746.00   3.7998799e-17
      2747.00   3.8006403e-17
      2748.00   3.8014009e-17
      2749.00   3.8021616e-17
      2750.00   3.8029226e-17
      2751.00   3.8036838e-17
      2752.00   3.8044452e-17
      2753.00   3.8052069e-17
      2754.00   3.8059687e-17
      2755.00   3.8067307e-17
      2756.00   3.8074930e-17
      2757.00   3.8082554e-17
      2758.00   3.8090181e-17
      2759.00   3.8097810e-17
      2760.00   3.8105441e-17
      2761.00   3.8113074e-17
      2762.00   3.8120709e-17
      2763.00   3.8128346e-17
      2764.00   3.8135985e-17
      2765.00   3.8143627e-17
      2766.00   3.8151270e-17
      2767.00   3.8158915e-17
      2768.00   3.8166563e-17
      2769.00   3.8174212e-17
      2770.00   3.8181864e-17
      2771.00   3.8189518e-17
      2772.00   3.8197174e-17
      2773.00   3.8204831e-17
      2774.00   3.8212491e-17
      2775.00   3.8220153e-17
      2776.00   3.8227817e-17
      2777.00   3.8235483e-17
      2778.00   3.8243151e-17
      2779.00   3.8250822e-17
      2780.00   3.8258494e-17
      2781.00   3.8266168e-17
      2782.00   3.8273844e-17
      2783.00   3.8281522e-17
      2784.00   3.8289203e-17
      2785.00   3.8296885e-17
      2786.00   3.8304570e-17
      2787.00   3.8312256e-17
      2788.00   3.8319944e-17
      2789.00   3.8327635e-17
      2790.00   3.8335327e-17
      2791.00   3.8343022e-17
      2792.00   3.8350718e-17
      2793.00   3.8358417e-17
      2794.00   3.8366117e-17
      2795.00   3.8373820e-17
      2796.00   3.8381524e-17
      2797.00   3.8389231e-17
      2798.00   3.8396940e-17
      2799.00   3.8404650e-17
      2800.00   3.8412363e-17
      2801.00   3.8420077e-17
      2802.00   3.8427794e-17
      2803.00   3.8435512e-17
      2804.00   3.8443233e-17
      2805.00   3.8450955e-17
      2806.00   3.8458680e-17
      2807.00   3.8466406e-17
      2808.00   3.8474135e-17
      2809.00   3.8481865e-17
      2810.00   3.8489597e-17
      2811.00   3.8497332e-17
      2812.00   3.8505068e-17
      2813.00   3.8512806e-17
      2814.00   3.8520547e-17
      2815.00   3.8528289e-17
      2816.00   3.8536033e-17
      2817.00   3.8543779e-17
      2818.00   3.8551527e-17
      2819.00   3.8559277e-17
      2820.00   3.8567029e-17
      2821.00   3.8574783e-17
      2822.00   3.8582539e-17
      2823.00   3.8590297e-17
      2824.00   3.8598057e-17
      2825.00   3.8605819e-17
      2826.00   3.8613582e-17
      2827.00   3.8621348e-17
      2828.00   3.8629115e-17
      2829.00   3.8636885e-17
      2830.00   3.8644656e-17
      2831.00   3.8652430e-17
      2832.00   3.8660205e-17
      2833.00   3.8667982e-17
      2834.00   3.8675761e-17
      2835.00   3.8683542e-17
      2836.00   3.8691325e-17
      2837.00   3.8699110e-17
      2838.00   3.8706897e-17
      2839.00   3.8714686e-17
      2840.00   3.8722476e-17
      2841.00   3.8730269e-17
      2842.00   3.8738063e-17
      2843.00   3.8745860e-17
      2844.00   3.8753658e-17
      2845.00   3.8761458e-17
      2846.00   3.8769260e-17
      2847.00   3.8777064e-17
      2848.00   3.8784870e-17
      2849.00   3.8792678e-17
      2850.00   3.8800487e-17
      2851.00   3.8808299e-17
      2852.00   3.8816112e-17
      2853.00   3.8823927e-17
      2854.00   3.8831744e-17
      2855.00   3.8839563e-17
      2856.00   3.8847384e-17
      2857.00   3.8855207e-17
      2858.00   3.8863032e-17
      2859.00   3.8870858e-17
      2860.00   3.8878687e-17
      2861.00   3.8886517e-17
      2862.00   3.8894349e-17
      2863.00   3.8902183e-17
      2864.00   3.8910019e-17
      2865.00   3.8917857e-17
      2866.00   3.8925696e-17
      2867.00   3.8933538e-17
      2868.00   3.8941381e-17
      2869.00   3.8949226e-17
      2870.00   3.8957073e-17
      2871.00   3.8964922e-17
      2872.00   3.8972773e-17
      2873.00   3.8980625e-17
      2874.00   3.8988480e-17
      2875.00   3.8996336e-17
      2876.00   3.9004194e-17
      2877.00   3.9012054e-17
      2878.00   3.9019915e-17
      2879.00   3.9027779e-17
      2880.00   3.9035644e-17
      2881.00   3.9043512e-17
      2882.00   3.9051381e-17
      2883.00   3.9059251e-17
      2884.00   3.9067124e-17
      2885.00   3.9074999e-17
      2886.00   3.9082875e-17
      2887.00   3.9090753e-17
      2888.00   3.9098633e-17
      2889.00   3.9106515e-17
      2890.00   3.9114398e-17
      2891.00   3.9122284e-17
      2892.00   3.9130171e-17
      2893.00   3.9138060e-17
      2894.00   3.9145951e-17
      2895.00   3.9153843e-17
      2896.00   3.9161738e-17
      2897.00   3.9169634e-17
      2898.00   3.9177532e-17
      2899.00   3.9185432e-17
      2900.00   3.9193333e-17
      2901.00   3.9201237e-17
      2902.00   3.9209142e-17
      2903.00   3.9217049e-17
      2904.00   3.9224958e-17
      2905.00   3.9232868e-17
      2906.00   3.9240780e-17
      2907.00   3.9248695e-17
      2908.00   3.9256610e-17
      2909.00   3.9264528e-17
      2910.00   3.9272447e-17
      2911.00   3.9280369e-17
      2912.00   3.9288292e-17
      2913.00   3.9296216e-17
      2914.00   3.9304143e-17
      2915.00   3.9312071e-17
      2916.00   3.9320001e-17
      2917.00   3.9327933e-17
      2918.00   3.9335866e-17
      2919.00   3.9343802e-17
      2920.00   3.9351739e-17
      2921.00   3.9359678e-17
      2922.00   3.9367618e-17
      2923.00   3.9375561e-17
      2924.00   3.9383505e-17
      2925.00   3.9391450e-17
      2926.00   3.9399398e-17
      2927.00   3.9407347e-17
      2928.00   3.9415298e-17
      2929.00   3.9423251e-17
      2930.00   3.9431206e-17
      2931.00   3.9439162e-17
      2932.00   3.9447120e-17
      2933.00   3.9455080e-17
      2934.00   3.9463041e-17
      2935.00   3.9471004e-17
      2936.00   3.9478969e-17
      2937.00   3.9486936e-17
      2938.00   3.9494904e-17
      2939.00   3.9502874e-17
      2940.00   3.9510846e-17
      2941.00   3.9518820e-17
      2942.00   3.9526795e-17
      2943.00   3.9534772e-17
      2944.00   3.9542751e-17
      2945.00   3.9550731e-17
      2946.00   3.9558713e-17
      2947.00   3.9566697e-17
      2948.00   3.9574683e-17
      2949.00   3.9582670e-17
      2950.00   3.9590659e-17
      2951.00   3.9598649e-17
      2952.00   3.9606642e-17
      2953.00   3.9614636e-17
      2954.00   3.9622632e-17
      2955.00   3.9630629e-17
      2956.00   3.9638628e-17
      2957.00   3.9646629e-17
      2958.00   3.9654632e-17
      2959.00   3.9662636e-17
      2960.00   3.9670642e-17
      2961.00   3.9678649e-17
      2962.00   3.9686658e-17
      2963.00   3.9694669e-17
      2964.00   3.9702682e-17
      2965.00   3.9710696e-17
      2966.00   3.9718712e-17
      2967.00   3.9726730e-17
      2968.00   3.9734749e-17
      2969.00   3.9742770e-17
      2970.00   3.9750793e-17
      2971.00   3.9758817e-17
      2972.00   3.9766843e-17
      2973.00   3.9774871e-17
      2974.00   3.9782900e-17
      2975.00   3.9790931e-17
      2976.00   3.9798964e-17
      2977.00   3.9806998e-17
      2978.00   3.9815034e-17
      2979.00   3.9823072e-17
      2980.00   3.9831111e-17
      2981.00   3.9839152e-17
      2982.00   3.9847195e-17
      2983.00   3.9855239e-17
      2984.00   3.9863285e-17
      2985.00   3.9871333e-17
      2986.00   3.9879382e-17
      2987.00   3.9887433e-17
      2988.00   3.9895485e-17
      2989.00   3.9903539e-17
      2990.00   3.9911595e-17
      2991.00   3.9919653e-17
      2992.00   3.9927712e-17
      2993.00   3.9935772e-17
      2994.00   3.9943835e-17
      2995.00   3.9951899e-17
      2996.00   3.9959964e-17
      2997.00   3.9968031e-17
      2998.00   3.9976100e-17
      2999.00   3.9984171e-17
      3000.00   3.9992243e-17
      3001.00   4.0000317e-17
      3002.00   4.0008392e-17
      3003.00   4.0016469e-17
      3004.00   4.0024547e-17
      3005.00   4.0032628e-17
      3006.00   4.0040709e-17
      3007.00   4.0048793e-17
      3008.00   4.0056878e-17
      3009.00   4.0064964e-17
      3010.00   4.0073053e-17
      3011.00   4.0081143e-17
      3012.00   4.0089234e-17
      3013.00   4.0097327e-17
      3014.00   4.0105422e-17
      3015.00   4.0113518e-17
      3016.00   4.0121616e-17
      3017.00   4.0129715e-17
      3018.00   4.0137816e-17
      3019.00   4.0145919e-17
      3020.00   4.0154023e-17
      3021.00   4.0162129e-17
      3022.00   4.0170237e-17
      3023.00   4.0178346e-17
      3024.00   4.0186456e-17
      3025.00   4.0194568e-17
      3026.00   4.0202682e-17
      3027.00   4.0210798e-17
      3028.00   4.0218915e-17
      3029.00   4.0227033e-17
      3030.00   4.0235153e-17
      3031.00   4.0243275e-17
      3032.00   4.0251398e-17
      3033.00   4.0259523e-17
      3034.00   4.0267649e-17
      3035.00   4.0275777e-17
      3036.00   4.0283907e-17
      3037.00   4.0292038e-17
      3038.00   4.0300171e-17
      3039.00   4.0308305e-17
      3040.00   4.0316441e-17
      3041.00   4.0324578e-17
      3042.00   4.0332717e-17
      3043.00   4.0340858e-17
      3044.00   4.0349000e-17
      3045.00   4.0357143e-17
      3046.00   4.0365289e-17
      3047.00   4.0373435e-17
      3048.00   4.0381584e-17
      3049.00   4.0389734e-17
      3050.00   4.0397885e-17
      3051.00   4.0406038e-17
      3052.00   4.0414192e-17
      3053.00   4.0422348e-17
      3054.00   4.0430506e-17
      3055.00   4.0438665e-17
      3056.00   4.0446826e-17
      3057.00   4.0454988e-17
      3058.00   4.0463152e-17
      3059.00   4.0471317e-17
      3060.00   4.0479484e-17
      3061.00   4.0487652e-17
      3062.00   4.0495822e-17
      3063.00   4.0503994e-17
      3064.00   4.0512167e-17
      3065.00   4.0520341e-17
      3066.00   4.0528517e-17
      3067.00   4.0536695e-17
      3068.00   4.0544874e-17
      3069.00   4.0553055e-17
      3070.00   4.0561237e-17
      3071.00   4.0569420e-17
      3072.00   4.0577606e-17
      3073.00   4.0585792e-17
      3074.00   4.0593980e-17
      3075.00   4.0602170e-17
      3076.00   4.0610361e-17
      3077.00   4.0618554e-17
      3078.00   4.0626749e-17
      3079.00   4.0634944e-17
      3080.00   4.0643142e-17
      3081.00   4.0651340e-17
      3082.00   4.0659541e-17
      3083.00   4.0667743e-17
      3084.00   4.0675946e-17
      3085.00   4.0684151e-17
      3086.00   4.0692357e-17
      3087.00   4.0700565e-17
      3088.00   4.0708774e-17
      3089.00   4.0716985e-17
      3090.00   4.0725197e-17
      3091.00   4.0733411e-17
      3092.00   4.0741627e-17
      3093.00   4.0749843e-17
      3094.00   4.0758062e-17
      3095.00   4.0766282e-17
      3096.00   4.0774503e-17
      3097.00   4.0782726e-17
      3098.00   4.0790950e-17
      3099.00   4.0799176e-17
      3100.00   4.0807403e-17
      3101.00   4.0815632e-17
      3102.00   4.0823862e-17
      3103.00   4.0832094e-17
      3104.00   4.0840327e-17
      3105.00   4.0848561e-17
      3106.00   4.0856798e-17
      3107.00   4.0865035e-17
      3108.00   4.0873274e-17
      3109.00   4.0881515e-17
      3110.00   4.0889757e-17
      3111.00   4.0898000e-17
      3112.00   4.0906245e-17
      3113.00   4.0914492e-17
      3114.00   4.0922740e-17
      3115.00   4.0930989e-17
      3116.00   4.0939240e-17
      3117.00   4.0947492e-17
      3118.00   4.0955746e-17
      3119.00   4.0964001e-17
      3120.00   4.0972258e-17
      3121.00   4.0980516e-17
      3122.00   4.0988776e-17
      3123.00   4.0997037e-17
      3124.00   4.1005299e-17
      3125.00   4.1013563e-17
      3126.00   4.1021829e-17
      3127.00   4.1030096e-17
      3128.00   4.1038364e-17
      3129.00   4.1046634e-17
      3130.00   4.1054905e-17
      3131.00   4.1063178e-17
      3132.00   4.1071452e-17
      3133.00   4.1079727e-17
      3134.00   4.1088004e-17
      3135.00   4.1096283e-17
      3136.00   4.1104563e-17
      3137.00   4.1112844e-17
      3138.00   4.1121127e-17
      3139.00   4.1129411e-17
      3140.00   4.1137696e-17
      3141.00   4.1145984e-17
      3142.00   4.1154272e-17
      3143.00   4.1162562e-17
      3144.00   4.1170853e-17
      3145.00   4.1179146e-17
      3146.00   4.1187440e-17
      3147.00   4.1195736e-17
      3148.00   4.1204033e-17
      3149.00   4.1212332e-17
      3150.00   4.1220632e-17
      3151.00   4.1228933e-17
      3152.00   4.1237236e-17
      3153.00   4.1245540e-17
      3154.00   4.1253846e-17
      3155.00   4.1262153e-17
      3156.00   4.1270461e-17
      3157.00   4.1278771e-17
      3158.00   4.1287082e-17
      3159.00   4.1295395e-17
      3160.00   4.1303709e-17
      3161.00   4.1312025e-17
      3162.00   4.1320342e-17
      3163.00   4.1328660e-17
      3164.00   4.1336980e-17
      3165.00   4.1345301e-17
      3166.00   4.1353624e-17
      3167.00   4.1361948e-17
      3168.00   4.1370273e-17
      3169.00   4.1378600e-17
      3170.00   4.1386928e-17
      3171.00   4.1395258e-17
      3172.00   4.1403589e-17
      3173.00   4.1411921e-17
      3174.00   4.1420255e-17
      3175.00   4.1428590e-17
      3176.00   4.1436927e-17
      3177.00   4.1445265e-17
      3178.00   4.1453604e-17
      3179.00   4.1461945e-17
      3180.00   4.1470287e-17
      3181.00   4.1478630e-17
      3182.00   4.1486975e-17
      3183.00   4.1495322e-17
      3184.00   4.1503669e-17
      3185.00   4.1512019e-17
      3186.00   4.1520369e-17
      3187.00   4.1528721e-17
      3188.00   4.1537074e-17
      3189.00   4.1545429e-17
      3190.00   4.1553785e-17
      3191.00   4.1562142e-17
      3192.00   4.1570501e-17
      3193.00   4.1578861e-17
      3194.00   4.1587223e-17
      3195.00   4.1595586e-17
      3196.00   4.1603950e-17
      3197.00   4.1612316e-17
      3198.00   4.1620683e-17
      3199.00   4.1629051e-17
      3200.00   4.1637421e-17
      3201.00   4.1645792e-17
      3202.00   4.1654164e-17
      3203.00   4.1662538e-17
      3204.00   4.1670914e-17
      3205.00   4.1679290e-17
      3206.00   4.1687668e-17
      3207.00   4.1696047e-17
      3208.00   4.1704428e-17
      3209.00   4.1712810e-17
      3210.00   4.1721194e-17
      3211.00   4.1729578e-17
      3212.00   4.1737965e-17
      3213.00   4.1746352e-17
      3214.00   4.1754741e-17
      3215.00   4.1763131e-17
      3216.00   4.1771523e-17
      3217.00   4.1779916e-17
      3218.00   4.1788310e-17
      3219.00   4.1796705e-17
      3220.00   4.1805102e-17
      3221.00   4.1813501e-17
      3222.00   4.1821900e-17
      3223.00   4.1830301e-17
      3224.00   4.1838704e-17
      3225.00   4.1847107e-17
      3226.00   4.1855512e-17
      3227.00   4.1863919e-17
      3228.00   4.1872327e-17
      3229.00   4.1880736e-17
      3230.00   4.1889146e-17
      3231.00   4.1897558e-17
      3232.00   4.1905971e-17
      3233.00   4.1914385e-17
      3234.00   4.1922801e-17
      3235.00   4.1931218e-17
      3236.00   4.1939637e-17
      3237.00   4.1948056e-17
      3238.00   4.1956478e-17
      3239.00   4.1964900e-17
      3240.00   4.1973324e-17
      3241.00   4.1981749e-17
      3242.00   4.1990175e-17
      3243.00   4.1998603e-17
      3244.00   4.2007032e-17
      3245.00   4.2015462e-17
      3246.00   4.2023894e-17
      3247.00   4.2032327e-17
      3248.00   4.2040762e-17
      3249.00   4.2049197e-17
      3250.00   4.2057634e-17
      3251.00   4.2066073e-17
      3252.00   4.2074512e-17
      3253.00   4.2082953e-17
      3254.00   4.2091396e-17
      3255.00   4.2099839e-17
      3256.00   4.2108284e-17
      3257.00   4.2116730e-17
      3258.00   4.2125178e-17
      3259.00   4.2133627e-17
      3260.00   4.2142077e-17
      3261.00   4.2150528e-17
      3262.00   4.2158981e-17
      3263.00   4.2167435e-17
      3264.00   4.2175891e-17
      3265.00   4.2184347e-17
      3266.00   4.2192805e-17
      3267.00   4.2201265e-17
      3268.00   4.2209725e-17
      3269.00   4.2218187e-17
      3270.00   4.2226650e-17
      3271.00   4.2235115e-17
      3272.00   4.2243581e-17
      3273.00   4.2252048e-17
      3274.00   4.2260516e-17
      3275.00   4.2268986e-17
      3276.00   4.2277457e-17
      3277.00   4.2285930e-17
      3278.00   4.2294403e-17
      3279.00   4.2302878e-17
      3280.00   4.2311354e-17
      3281.00   4.2319832e-17
      3282.00   4.2328311e-17
      3283.00   4.2336791e-17
      3284.00   4.2345272e-17
      3285.00   4.2353755e-17
      3286.00   4.2362239e-17
      3287.00   4.2370724e-17
      3288.00   4.2379210e-17
      3289.00   4.2387698e-17
      3290.00   4.2396187e-17
      3291.00   4.2404678e-17
      3292.00   4.2413169e-17
      3293.00   4.2421662e-17
      3294.00   4.2430157e-17
      3295.00   4.2438652e-17
      3296.00   4.2447149e-17
      3297.00   4.2455647e-17
      3298.00   4.2464146e-17
      3299.00   4.2472647e-17
      3300.00   4.2481149e-17
      3301.00   4.2489652e-17
      3302.00   4.2498157e-17
      3303.00   4.2506662e-17
      3304.00   4.2515169e-17
      3305.00   4.2523678e-17
      3306.00   4.2532187e-17
      3307.00   4.2540698e-17
      3308.00   4.2549210e-17
      3309.00   4.2557723e-17
      3310.00   4.2566238e-17
      3311.00   4.2574754e-17
      3312.00   4.2583271e-17
      3313.00   4.2591789e-17
      3314.00   4.2600309e-17
      3315.00   4.2608830e-17
      3316.00   4.2617352e-17
      3317.00   4.2625876e-17
      3318.00   4.2634400e-17
      3319.00   4.2642926e-17
      3320.00   4.2651454e-17
      3321.00   4.2659982e-17
      3322.00   4.2668512e-17
      3323.00   4.2677043e-17
      3324.00   4.2685575e-17
      3325.00   4.2694109e-17
      3326.00   4.2702644e-17
      3327.00   4.2711180e-17
      3328.00   4.2719717e-17
      3329.00   4.2728256e-17
      3330.00   4.2736795e-17
      3331.00   4.2745336e-17
      3332.00   4.2753879e-17
      3333.00   4.2762422e-17
      3334.00   4.2770967e-17
      3335.00   4.2779513e-17
      3336.00   4.2788060e-17
      3337.00   4.2796609e-17
      3338.00   4.2805159e-17
      3339.00   4.2813710e-17
      3340.00   4.2822262e-17
      3341.00   4.2830816e-17
      3342.00   4.2839370e-17
      3343.00   4.2847926e-17
      3344.00   4.2856484e-17
      3345.00   4.2865042e-17
      3346.00   4.2873602e-17
      3347.00   4.2882163e-17
      3348.00   4.2890725e-17
      3349.00   4.2899288e-17
      3350.00   4.2907853e-17
      3351.00   4.2916419e-17
      3352.00   4.2924986e-17
      3353.00   4.2933554e-17
      3354.00   4.2942124e-17
      3355.00   4.2950695e-17
      3356.00   4.2959267e-17
      3357.00   4.2967840e-17
      3358.00   4.2976415e-17
      3359.00   4.2984990e-17
      3360.00   4.2993567e-17
      3361.00   4.3002146e-17
      3362.00   4.3010725e-17
      3363.00   4.3019306e-17
      3364.00   4.3027888e-17
      3365.00   4.3036471e-17
      3366.00   4.3045055e-17
      3367.00   4.3053641e-17
      3368.00   4.3062227e-17
      3369.00   4.3070815e-17
      3370.00   4.3079405e-17
      3371.00   4.3087995e-17
      3372.00   4.3096587e-17
      3373.00   4.3105180e-17
      3374.00   4.3113774e-17
      3375.00   4.3122369e-17
      3376.00   4.3130966e-17
      3377.00   4.3139563e-17
      3378.00   4.3148162e-17
      3379.00   4.3156762e-17
      3380.00   4.3165364e-17
      3381.00   4.3173966e-17
      3382.00   4.3182570e-17
      3383.00   4.3191175e-17
      3384.00   4.3199782e-17
      3385.00   4.3208389e-17
      3386.00   4.3216998e-17
      3387.00   4.3225608e-17
      3388.00   4.3234219e-17
      3389.00   4.3242831e-17
      3390.00   4.3251444e-17
      3391.00   4.3260059e-17
      3392.00   4.3268675e-17
      3393.00   4.3277292e-17
      3394.00   4.3285910e-17
      3395.00   4.3294530e-17
      3396.00   4.3303151e-17
      3397.00   4.3311772e-17
      3398.00   4.3320396e-17
      3399.00   4.3329020e-17
      3400.00   4.3337645e-17
      3401.00   4.3346272e-17
      3402.00   4.3354900e-17
      3403.00   4.3363529e-17
      3404.00   4.3372159e-17
      3405.00   4.3380791e-17
      3406.00   4.3389424e-17
      3407.00   4.3398057e-17
      3408.00   4.3406692e-17
      3409.00   4.3415329e-17
      3410.00   4.3423966e-17
      3411.00   4.3432605e-17
      3412.00   4.3441245e-17
      3413.00   4.3449886e-17
      3414.00   4.3458528e-17
      3415.00   4.3467171e-17
      3416.00   4.3475816e-17
      3417.00   4.3484462e-17
      3418.00   4.3493109e-17
      3419.00   4.3501757e-17
      3420.00   4.3510406e-17
      3421.00   4.3519057e-17
      3422.00   4.3527709e-17
      3423.00   4.3536361e-17
      3424.00   4.3545015e-17
      3425.00   4.3553671e-17
      3426.00   4.3562327e-17
      3427.00   4.3570985e-17
      3428.00   4.3579644e-17
      3429.00   4.3588304e-17
      3430.00   4.3596965e-17
      3431.00   4.3605627e-17
      3432.00   4.3614291e-17
      3433.00   4.3622955e-17
      3434.00   4.3631621e-17
      3435.00   4.3640288e-17
      3436.00   4.3648956e-17
      3437.00   4.3657626e-17
      3438.00   4.3666296e-17
      3439.00   4.3674968e-17
      3440.00   4.3683641e-17
      3441.00   4.3692315e-17
      3442.00   4.3700990e-17
      3443.00   4.3709667e-17
      3444.00   4.3718344e-17
      3445.00   4.3727023e-17
      3446.00   4.3735703e-17
      3447.00   4.3744384e-17
      3448.00   4.3753067e-17
      3449.00   4.3761750e-17
      3450.00   4.3770435e-17
      3451.00   4.3779120e-17
      3452.00   4.3787807e-17
      3453.00   4.3796495e-17
      3454.00   4.3805185e-17
      3455.00   4.3813875e-17
      3456.00   4.3822567e-17
      3457.00   4.3831259e-17
      3458.00   4.3839953e-17
      3459.00   4.3848648e-17
      3460.00   4.3857345e-17
      3461.00   4.3866042e-17
      3462.00   4.3874741e-17
      3463.00   4.3883440e-17
      3464.00   4.3892141e-17
      3465.00   4.3900843e-17
      3466.00   4.3909546e-17
      3467.00   4.3918251e-17
      3468.00   4.3926956e-17
      3469.00   4.3935663e-17
      3470.00   4.3944371e-17
      3471.00   4.3953080e-17
      3472.00   4.3961790e-17
      3473.00   4.3970501e-17
      3474.00   4.3979213e-17
      3475.00   4.3987927e-17
      3476.00   4.3996642e-17
      3477.00   4.4005357e-17
      3478.00   4.4014074e-17
      3479.00   4.4022793e-17
      3480.00   4.4031512e-17
      3481.00   4.4040232e-17
      3482.00   4.4048954e-17
      3483.00   4.4057677e-17
      3484.00   4.4066401e-17
      3485.00   4.4075126e-17
      3486.00   4.4083852e-17
      3487.00   4.4092579e-17
      3488.00   4.4101308e-17
      3489.00   4.4110037e-17
      3490.00   4.4118768e-17
      3491.00   4.4127500e-17
      3492.00   4.4136233e-17
      3493.00   4.4144967e-17
      3494.00   4.4153702e-17
      3495.00   4.4162439e-17
      3496.00   4.4171176e-17
      3497.00   4.4179915e-17
      3498.00   4.4188655e-17
      3499.00   4.4197396e-17
      3500.00   4.4206138e-17
      3501.00   4.4214881e-17
      3502.00   4.4223626e-17
      3503.00   4.4232371e-17
      3504.00   4.4241118e-17
      3505.00   4.4249866e-17
      3506.00   4.4258615e-17
      3507.00   4.4267365e-17
      3508.00   4.4276116e-17
      3509.00   4.4284868e-17
      3510.00   4.4293622e-17
      3511.00   4.4302376e-17
      3512.00   4.4311132e-17
      3513.00   4.4319889e-17
      3514.00   4.4328647e-17
      3515.00   4.4337406e-17
      3516.00   4.4346166e-17
      3517.00   4.4354928e-17
      3518.00   4.4363690e-17
      3519.00   4.4372454e-17
      3520.00   4.4381218e-17
      3521.00   4.4389984e-17
      3522.00   4.4398751e-17
      3523.00   4.4407519e-17
      3524.00   4.4416289e-17
      3525.00   4.4425059e-17
      3526.00   4.4433830e-17
      3527.00   4.4442603e-17
      3528.00   4.4451377e-17
      3529.00   4.4460152e-17
      3530.00   4.4468927e-17
      3531.00   4.4477705e-17
      3532.00   4.4486483e-17
      3533.00   4.4495262e-17
      3534.00   4.4504042e-17
      3535.00   4.4512824e-17
      3536.00   4.4521607e-17
      3537.00   4.4530390e-17
      3538.00   4.4539175e-17
      3539.00   4.4547961e-17
      3540.00   4.4556748e-17
      3541.00   4.4565537e-17
      3542.00   4.4574326e-17
      3543.00   4.4583117e-17
      3544.00   4.4591908e-17
      3545.00   4.4600701e-17
      3546.00   4.4609495e-17
      3547.00   4.4618289e-17
      3548.00   4.4627085e-17
      3549.00   4.4635883e-17
      3550.00   4.4644681e-17
      3551.00   4.4653480e-17
      3552.00   4.4662281e-17
      3553.00   4.4671082e-17
      3554.00   4.4679885e-17
      3555.00   4.4688689e-17
      3556.00   4.4697493e-17
      3557.00   4.4706299e-17
      3558.00   4.4715107e-17
      3559.00   4.4723915e-17
      3560.00   4.4732724e-17
      3561.00   4.4741534e-17
      3562.00   4.4750346e-17
      3563.00   4.4759159e-17
      3564.00   4.4767972e-17
      3565.00   4.4776787e-17
      3566.00   4.4785603e-17
      3567.00   4.4794420e-17
      3568.00   4.4803238e-17
      3569.00   4.4812057e-17
      3570.00   4.4820878e-17
      3571.00   4.4829699e-17
      3572.00   4.4838522e-17
      3573.00   4.4847345e-17
      3574.00   4.4856170e-17
      3575.00   4.4864996e-17
      3576.00   4.4873823e-17
      3577.00   4.4882651e-17
      3578.00   4.4891480e-17
      3579.00   4.4900310e-17
      3580.00   4.4909141e-17
      3581.00   4.4917973e-17
      3582.00   4.4926807e-17
      3583.00   4.4935641e-17
      3584.00   4.4944477e-17
      3585.00   4.4953314e-17
      3586.00   4.4962152e-17
      3587.00   4.4970991e-17
      3588.00   4.4979831e-17
      3589.00   4.4988672e-17
      3590.00   4.4997514e-17
      3591.00   4.5006357e-17
      3592.00   4.5015201e-17
      3593.00   4.5024047e-17
      3594.00   4.5032893e-17
      3595.00   4.5041741e-17
      3596.00   4.5050590e-17
      3597.00   4.5059440e-17
      3598.00   4.5068290e-17
      3599.00   4.5077142e-17
      3600.00   4.5085995e-17
      3601.00   4.5094850e-17
      3602.00   4.5103705e-17
      3603.00   4.5112561e-17
      3604.00   4.5121418e-17
      3605.00   4.5130277e-17
      3606.00   4.5139137e-17
      3607.00   4.5147997e-17
      3608.00   4.5156859e-17
      3609.00   4.5165722e-17
      3610.00   4.5174586e-17
      3611.00   4.5183450e-17
      3612.00   4.5192316e-17
      3613.00   4.5201184e-17
      3614.00   4.5210052e-17
      3615.00   4.5218921e-17
      3616.00   4.5227791e-17
      3617.00   4.5236663e-17
      3618.00   4.5245535e-17
      3619.00   4.5254409e-17
      3620.00   4.5263284e-17
      3621.00   4.5272159e-17
      3622.00   4.5281036e-17
      3623.00   4.5289914e-17
      3624.00   4.5298793e-17
      3625.00   4.5307673e-17
      3626.00   4.5316554e-17
      3627.00   4.5325436e-17
      3628.00   4.5334319e-17
      3629.00   4.5343204e-17
      3630.00   4.5352089e-17
      3631.00   4.5360975e-17
      3632.00   4.5369863e-17
      3633.00   4.5378752e-17
      3634.00   4.5387641e-17
      3635.00   4.5396532e-17
      3636.00   4.5405424e-17
      3637.00   4.5414317e-17
      3638.00   4.5423211e-17
      3639.00   4.5432106e-17
      3640.00   4.5441002e-17
      3641.00   4.5449899e-17
      3642.00   4.5458797e-17
      3643.00   4.5467696e-17
      3644.00   4.5476597e-17
      3645.00   4.5485498e-17
      3646.00   4.5494400e-17
      3647.00   4.5503304e-17
      3648.00   4.5512208e-17
      3649.00   4.5521114e-17
      3650.00   4.5530021e-17
      3651.00   4.5538929e-17
      3652.00   4.5547837e-17
      3653.00   4.5556747e-17
      3654.00   4.5565658e-17
      3655.00   4.5574570e-17
      3656.00   4.5583483e-17
      3657.00   4.5592397e-17
      3658.00   4.5601313e-17
      3659.00   4.5610229e-17
      3660.00   4.5619146e-17
      3661.00   4.5628065e-17
      3662.00   4.5636984e-17
      3663.00   4.5645905e-17
      3664.00   4.5654826e-17
      3665.00   4.5663749e-17
      3666.00   4.5672672e-17
      3667.00   4.5681597e-17
      3668.00   4.5690523e-17
      3669.00   4.5699450e-17
      3670.00   4.5708377e-17
      3671.00   4.5717306e-17
      3672.00   4.5726236e-17
      3673.00   4.5735167e-17
      3674.00   4.5744099e-17
      3675.00   4.5753033e-17
      3676.00   4.5761967e-17
      3677.00   4.5770902e-17
      3678.00   4.5779838e-17
      3679.00   4.5788776e-17
      3680.00   4.5797714e-17
      3681.00   4.5806653e-17
      3682.00   4.5815594e-17
      3683.00   4.5824536e-17
      3684.00   4.5833478e-17
      3685.00   4.5842422e-17
      3686.00   4.5851366e-17
      3687.00   4.5860312e-17
      3688.00   4.5869259e-17
      3689.00   4.5878207e-17
      3690.00   4.5887156e-17
      3691.00   4.5896106e-17
      3692.00   4.5905056e-17
      3693.00   4.5914009e-17
      3694.00   4.5922962e-17
      3695.00   4.5931916e-17
      3696.00   4.5940871e-17
      3697.00   4.5949827e-17
      3698.00   4.5958784e-17
      3699.00   4.5967742e-17
      3700.00   4.5976702e-17
      3701.00   4.5985662e-17
      3702.00   4.5994624e-17
      3703.00   4.6003586e-17
      3704.00   4.6012549e-17
      3705.00   4.6021514e-17
      3706.00   4.6030480e-17
      3707.00   4.6039446e-17
      3708.00   4.6048414e-17
      3709.00   4.6057382e-17
      3710.00   4.6066352e-17
      3711.00   4.6075323e-17
      3712.00   4.6084295e-17
      3713.00   4.6093268e-17
      3714.00   4.6102241e-17
      3715.00   4.6111216e-17
      3716.00   4.6120192e-17
      3717.00   4.6129169e-17
      3718.00   4.6138147e-17
      3719.00   4.6147126e-17
      3720.00   4.6156106e-17
      3721.00   4.6165088e-17
      3722.00   4.6174070e-17
      3723.00   4.6183053e-17
      3724.00   4.6192037e-17
      3725.00   4.6201022e-17
      3726.00   4.6210009e-17
      3727.00   4.6218996e-17
      3728.00   4.6227984e-17
      3729.00   4.6236974e-17
      3730.00   4.6245964e-17
      3731.00   4.6254956e-17
      3732.00   4.6263948e-17
      3733.00   4.6272942e-17
      3734.00   4.6281936e-17
      3735.00   4.6290932e-17
      3736.00   4.6299928e-17
      3737.00   4.6308926e-17
      3738.00   4.6317925e-17
      3739.00   4.6326924e-17
      3740.00   4.6335925e-17
      3741.00   4.6344927e-17
      3742.00   4.6353929e-17
      3743.00   4.6362933e-17
      3744.00   4.6371938e-17
      3745.00   4.6380944e-17
      3746.00   4.6389951e-17
      3747.00   4.6398959e-17
      3748.00   4.6407968e-17
      3749.00   4.6416977e-17
      3750.00   4.6425988e-17
      3751.00   4.6435000e-17
      3752.00   4.6444013e-17
      3753.00   4.6453028e-17
      3754.00   4.6462043e-17
      3755.00   4.6471059e-17
      3756.00   4.6480076e-17
      3757.00   4.6489094e-17
      3758.00   4.6498113e-17
      3759.00   4.6507133e-17
      3760.00   4.6516154e-17
      3761.00   4.6525177e-17
      3762.00   4.6534200e-17
      3763.00   4.6543224e-17
      3764.00   4.6552249e-17
      3765.00   4.6561276e-17
      3766.00   4.6570303e-17
      3767.00   4.6579331e-17
      3768.00   4.6588361e-17
      3769.00   4.6597391e-17
      3770.00   4.6606422e-17
      3771.00   4.6615455e-17
      3772.00   4.6624488e-17
      3773.00   4.6633523e-17
      3774.00   4.6642558e-17
      3775.00   4.6651595e-17
      3776.00   4.6660632e-17
      3777.00   4.6669671e-17
      3778.00   4.6678710e-17
      3779.00   4.6687751e-17
      3780.00   4.6696792e-17
      3781.00   4.6705835e-17
      3782.00   4.6714878e-17
      3783.00   4.6723923e-17
      3784.00   4.6732969e-17
      3785.00   4.6742015e-17
      3786.00   4.6751063e-17
      3787.00   4.6760111e-17
      3788.00   4.6769161e-17
      3789.00   4.6778212e-17
      3790.00   4.6787263e-17
      3791.00   4.6796316e-17
      3792.00   4.6805370e-17
      3793.00   4.6814425e-17
      3794.00   4.6823480e-17
      3795.00   4.6832537e-17
      3796.00   4.6841595e-17
      3797.00   4.6850653e-17
      3798.00   4.6859713e-17
      3799.00   4.6868774e-17
      3800.00   4.6877836e-17
      3801.00   4.6886899e-17
      3802.00   4.6895962e-17
      3803.00   4.6905027e-17
      3804.00   4.6914093e-17
      3805.00   4.6923160e-17
      3806.00   4.6932228e-17
      3807.00   4.6941296e-17
      3808.00   4.6950366e-17
      3809.00   4.6959437e-17
      3810.00   4.6968509e-17
      3811.00   4.6977582e-17
      3812.00   4.6986656e-17
      3813.00   4.6995730e-17
      3814.00   4.7004806e-17
      3815.00   4.7013883e-17
      3816.00   4.7022961e-17
      3817.00   4.7032040e-17
      3818.00   4.7041120e-17
      3819.00   4.7050201e-17
      3820.00   4.7059282e-17
      3821.00   4.7068365e-17
      3822.00   4.7077449e-17
      3823.00   4.7086534e-17
      3824.00   4.7095620e-17
      3825.00   4.7104707e-17
      3826.00   4.7113795e-17
      3827.00   4.7122883e-17
      3828.00   4.7131973e-17
      3829.00   4.7141064e-17
      3830.00   4.7150156e-17
      3831.00   4.7159249e-17
      3832.00   4.7168343e-17
      3833.00   4.7177438e-17
      3834.00   4.7186534e-17
      3835.00   4.7195630e-17
      3836.00   4.7204728e-17
      3837.00   4.7213827e-17
      3838.00   4.7222927e-17
      3839.00   4.7232028e-17
      3840.00   4.7241130e-17
      3841.00   4.7250233e-17
      3842.00   4.7259336e-17
      3843.00   4.7268441e-17
      3844.00   4.7277547e-17
      3845.00   4.7286654e-17
      3846.00   4.7295762e-17
      3847.00   4.7304870e-17
      3848.00   4.7313980e-17
      3849.00   4.7323091e-17
      3850.00   4.7332203e-17
      3851.00   4.7341316e-17
      3852.00   4.7350429e-17
      3853.00   4.7359544e-17
      3854.00   4.7368660e-17
      3855.00   4.7377777e-17
      3856.00   4.7386894e-17
      3857.00   4.7396013e-17
      3858.00   4.7405133e-17
      3859.00   4.7414254e-17
      3860.00   4.7423375e-17
      3861.00   4.7432498e-17
      3862.00   4.7441622e-17
      3863.00   4.7450746e-17
      3864.00   4.7459872e-17
      3865.00   4.7468999e-17
      3866.00   4.7478126e-17
      3867.00   4.7487255e-17
      3868.00   4.7496385e-17
      3869.00   4.7505515e-17
      3870.00   4.7514647e-17
      3871.00   4.7523779e-17
      3872.00   4.7532913e-17
      3873.00   4.7542048e-17
      3874.00   4.7551183e-17
      3875.00   4.7560320e-17
      3876.00   4.7569457e-17
      3877.00   4.7578596e-17
      3878.00   4.7587735e-17
      3879.00   4.7596876e-17
      3880.00   4.7606017e-17
      3881.00   4.7615160e-17
      3882.00   4.7624303e-17
      3883.00   4.7633447e-17
      3884.00   4.7642593e-17
      3885.00   4.7651739e-17
      3886.00   4.7660887e-17
      3887.00   4.7670035e-17
      3888.00   4.7679184e-17
      3889.00   4.7688335e-17
      3890.00   4.7697486e-17
      3891.00   4.7706638e-17
      3892.00   4.7715791e-17
      3893.00   4.7724946e-17
      3894.00   4.7734101e-17
      3895.00   4.7743257e-17
      3896.00   4.7752414e-17
      3897.00   4.7761572e-17
      3898.00   4.7770732e-17
      3899.00   4.7779892e-17
      3900.00   4.7789053e-17
      3901.00   4.7798215e-17
      3902.00   4.7807378e-17
      3903.00   4.7816542e-17
      3904.00   4.7825707e-17
      3905.00   4.7834873e-17
      3906.00   4.7844040e-17
      3907.00   4.7853208e-17
      3908.00   4.7862377e-17
      3909.00   4.7871547e-17
      3910.00   4.7880718e-17
      3911.00   4.7889890e-17
      3912.00   4.7899062e-17
      3913.00   4.7908236e-17
      3914.00   4.7917411e-17
      3915.00   4.7926587e-17
      3916.00   4.7935764e-17
      3917.00   4.7944941e-17
      3918.00   4.7954120e-17
      3919.00   4.7963300e-17
      3920.00   4.7972480e-17
      3921.00   4.7981662e-17
      3922.00   4.7990845e-17
      3923.00   4.8000028e-17
      3924.00   4.8009213e-17
      3925.00   4.8018398e-17
      3926.00   4.8027585e-17
      3927.00   4.8036772e-17
      3928.00   4.8045961e-17
      3929.00   4.8055150e-17
      3930.00   4.8064340e-17
      3931.00   4.8073532e-17
      3932.00   4.8082724e-17
      3933.00   4.8091917e-17
      3934.00   4.8101112e-17
      3935.00   4.8110307e-17
      3936.00   4.8119503e-17
      3937.00   4.8128700e-17
      3938.00   4.8137899e-17
      3939.00   4.8147098e-17
      3940.00   4.8156298e-17
      3941.00   4.8165499e-17
      3942.00   4.8174701e-17
      3943.00   4.8183904e-17
      3944.00   4.8193108e-17
      3945.00   4.8202313e-17
      3946.00   4.8211519e-17
      3947.00   4.8220726e-17
      3948.00   4.8229933e-17
      3949.00   4.8239142e-17
      3950.00   4.8248352e-17
      3951.00   4.8257563e-17
      3952.00   4.8266774e-17
      3953.00   4.8275987e-17
      3954.00   4.8285201e-17
      3955.00   4.8294415e-17
      3956.00   4.8303631e-17
      3957.00   4.8312848e-17
      3958.00   4.8322065e-17
      3959.00   4.8331284e-17
      3960.00   4.8340503e-17
      3961.00   4.8349723e-17
      3962.00   4.8358945e-17
      3963.00   4.8368167e-17
      3964.00   4.8377390e-17
      3965.00   4.8386615e-17
      3966.00   4.8395840e-17
      3967.00   4.8405066e-17
      3968.00   4.8414293e-17
      3969.00   4.8423521e-17
      3970.00   4.8432751e-17
      3971.00   4.8441981e-17
      3972.00   4.8451212e-17
      3973.00   4.8460444e-17
      3974.00   4.8469677e-17
      3975.00   4.8478910e-17
      3976.00   4.8488145e-17
      3977.00   4.8497381e-17
      3978.00   4.8506618e-17
      3979.00   4.8515856e-17
      3980.00   4.8525094e-17
      3981.00   4.8534334e-17
      3982.00   4.8543575e-17
      3983.00   4.8552816e-17
      3984.00   4.8562059e-17
      3985.00   4.8571302e-17
      3986.00   4.8580547e-17
      3987.00   4.8589792e-17
      3988.00   4.8599039e-17
      3989.00   4.8608286e-17
      3990.00   4.8617534e-17
      3991.00   4.8626784e-17
      3992.00   4.8636034e-17
      3993.00   4.8645285e-17
      3994.00   4.8654537e-17
      3995.00   4.8663790e-17
      3996.00   4.8673044e-17
      3997.00   4.8682299e-17
      3998.00   4.8691555e-17
      3999.00   4.8700812e-17
      4000.00   4.8710070e-17
      4001.00   4.8719329e-17
      4002.00   4.8728589e-17
      4003.00   4.8737849e-17
      4004.00   4.8747111e-17
      4005.00   4.8756374e-17
      4006.00   4.8765637e-17
      4007.00   4.8774902e-17
      4008.00   4.8784167e-17
      4009.00   4.8793434e-17
      4010.00   4.8802701e-17
      4011.00   4.8811970e-17
      4012.00   4.8821239e-17
      4013.00   4.8830509e-17
      4014.00   4.8839781e-17
      4015.00   4.8849053e-17
      4016.00   4.8858326e-17
      4017.00   4.8867600e-17
      4018.00   4.8876875e-17
      4019.00   4.8886151e-17
      4020.00   4.8895428e-17
      4021.00   4.8904706e-17
      4022.00   4.8913985e-17
      4023.00   4.8923265e-17
      4024.00   4.8932546e-17
      4025.00   4.8941827e-17
      4026.00   4.8951110e-17
      4027.00   4.8960394e-17
      4028.00   4.8969678e-17
      4029.00   4.8978964e-17
      4030.00   4.8988250e-17
      4031.00   4.8997538e-17
      4032.00   4.9006826e-17
      4033.00   4.9016115e-17
      4034.00   4.9025406e-17
      4035.00   4.9034697e-17
      4036.00   4.9043989e-17
      4037.00   4.9053282e-17
      4038.00   4.9062576e-17
      4039.00   4.9071871e-17
      4040.00   4.9081167e-17
      4041.00   4.9090464e-17
      4042.00   4.9099762e-17
      4043.00   4.9109061e-17
      4044.00   4.9118361e-17
      4045.00   4.9127661e-17
      4046.00   4.9136963e-17
      4047.00   4.9146266e-17
      4048.00   4.9155569e-17
      4049.00   4.9164874e-17
      4050.00   4.9174179e-17
      4051.00   4.9183485e-17
      4052.00   4.9192793e-17
      4053.00   4.9202101e-17
      4054.00   4.9211410e-17
      4055.00   4.9220720e-17
      4056.00   4.9230032e-17
      4057.00   4.9239344e-17
      4058.00   4.9248657e-17
      4059.00   4.9257971e-17
      4060.00   4.9267285e-17
      4061.00   4.9276601e-17
      4062.00   4.9285918e-17
      4063.00   4.9295236e-17
      4064.00   4.9304555e-17
      4065.00   4.9313874e-17
      4066.00   4.9323195e-17
      4067.00   4.9332516e-17
      4068.00   4.9341839e-17
      4069.00   4.9351162e-17
      4070.00   4.9360486e-17
      4071.00   4.9369812e-17
      4072.00   4.9379138e-17
      4073.00   4.9388465e-17
      4074.00   4.9397793e-17
      4075.00   4.9407122e-17
      4076.00   4.9416452e-17
      4077.00   4.9425783e-17
      4078.00   4.9435115e-17
      4079.00   4.9444448e-17
      4080.00   4.9453781e-17
      4081.00   4.9463116e-17
      4082.00   4.9472452e-17
      4083.00   4.9481788e-17
      4084.00   4.9491126e-17
      4085.00   4.9500464e-17
      4086.00   4.9509804e-17
      4087.00   4.9519144e-17
      4088.00   4.9528485e-17
      4089.00   4.9537827e-17
      4090.00   4.9547171e-17
      4091.00   4.9556515e-17
      4092.00   4.9565860e-17
      4093.00   4.9575206e-17
      4094.00   4.9584553e-17
      4095.00   4.9593900e-17
      4096.00   4.9603249e-17
      4097.00   4.9612599e-17
      4098.00   4.9621950e-17
      4099.00   4.9631301e-17
      4100.00   4.9640654e-17
      4101.00   4.9650007e-17
      4102.00   4.9659362e-17
      4103.00   4.9668717e-17
      4104.00   4.9678073e-17
      4105.00   4.9687430e-17
      4106.00   4.9696788e-17
      4107.00   4.9706148e-17
      4108.00   4.9715508e-17
      4109.00   4.9724869e-17
      4110.00   4.9734230e-17
      4111.00   4.9743593e-17
      4112.00   4.9752957e-17
      4113.00   4.9762322e-17
      4114.00   4.9771687e-17
      4115.00   4.9781054e-17
      4116.00   4.9790421e-17
      4117.00   4.9799790e-17
      4118.00   4.9809159e-17
      4119.00   4.9818529e-17
      4120.00   4.9827901e-17
      4121.00   4.9837273e-17
      4122.00   4.9846646e-17
      4123.00   4.9856020e-17
      4124.00   4.9865395e-17
      4125.00   4.9874771e-17
      4126.00   4.9884148e-17
      4127.00   4.9893525e-17
      4128.00   4.9902904e-17
      4129.00   4.9912284e-17
      4130.00   4.9921664e-17
      4131.00   4.9931046e-17
      4132.00   4.9940428e-17
      4133.00   4.9949811e-17
      4134.00   4.9959196e-17
      4135.00   4.9968581e-17
      4136.00   4.9977967e-17
      4137.00   4.9987354e-17
      4138.00   4.9996742e-17
      4139.00   5.0006131e-17
      4140.00   5.0015521e-17
      4141.00   5.0024912e-17
      4142.00   5.0034303e-17
      4143.00   5.0043696e-17
      4144.00   5.0053090e-17
      4145.00   5.0062484e-17
      4146.00   5.0071880e-17
      4147.00   5.0081276e-17
      4148.00   5.0090673e-17
      4149.00   5.0100071e-17
      4150.00   5.0109471e-17
      4151.00   5.0118871e-17
      4152.00   5.0128272e-17
      4153.00   5.0137674e-17
      4154.00   5.0147077e-17
      4155.00   5.0156480e-17
      4156.00   5.0165885e-17
      4157.00   5.0175291e-17
      4158.00   5.0184697e-17
      4159.00   5.0194105e-17
      4160.00   5.0203513e-17
      4161.00   5.0212923e-17
      4162.00   5.0222333e-17
      4163.00   5.0231744e-17
      4164.00   5.0241156e-17
      4165.00   5.0250569e-17
      4166.00   5.0259983e-17
      4167.00   5.0269398e-17
      4168.00   5.0278814e-17
      4169.00   5.0288231e-17
      4170.00   5.0297648e-17
      4171.00   5.0307067e-17
      4172.00   5.0316487e-17
      4173.00   5.0325907e-17
      4174.00   5.0335328e-17
      4175.00   5.0344751e-17
      4176.00   5.0354174e-17
      4177.00   5.0363598e-17
      4178.00   5.0373023e-17
      4179.00   5.0382449e-17
      4180.00   5.0391876e-17
      4181.00   5.0401304e-17
      4182.00   5.0410733e-17
      4183.00   5.0420162e-17
      4184.00   5.0429593e-17
      4185.00   5.0439025e-17
      4186.00   5.0448457e-17
      4187.00   5.0457890e-17
      4188.00   5.0467325e-17
      4189.00   5.0476760e-17
      4190.00   5.0486196e-17
      4191.00   5.0495633e-17
      4192.00   5.0505071e-17
      4193.00   5.0514510e-17
      4194.00   5.0523950e-17
      4195.00   5.0533391e-17
      4196.00   5.0542833e-17
      4197.00   5.0552275e-17
      4198.00   5.0561719e-17
      4199.00   5.0571163e-17
      4200.00   5.0580608e-17
      4201.00   5.0590055e-17
      4202.00   5.0599502e-17
      4203.00   5.0608950e-17
      4204.00   5.0618399e-17
      4205.00   5.0627849e-17
      4206.00   5.0637300e-17
      4207.00   5.0646752e-17
      4208.00   5.0656205e-17
      4209.00   5.0665658e-17
      4210.00   5.0675113e-17
      4211.00   5.0684568e-17
      4212.00   5.0694025e-17
      4213.00   5.0703482e-17
      4214.00   5.0712940e-17
      4215.00   5.0722399e-17
      4216.00   5.0731859e-17
      4217.00   5.0741320e-17
      4218.00   5.0750782e-17
      4219.00   5.0760245e-17
      4220.00   5.0769709e-17
      4221.00   5.0779174e-17
      4222.00   5.0788639e-17
      4223.00   5.0798106e-17
      4224.00   5.0807573e-17
      4225.00   5.0817041e-17
      4226.00   5.0826511e-17
      4227.00   5.0835981e-17
      4228.00   5.0845452e-17
      4229.00   5.0854924e-17
      4230.00   5.0864397e-17
      4231.00   5.0873871e-17
      4232.00   5.0883345e-17
      4233.00   5.0892821e-17
      4234.00   5.0902298e-17
      4235.00   5.0911775e-17
      4236.00   5.0921254e-17
      4237.00   5.0930733e-17
      4238.00   5.0940213e-17
      4239.00   5.0949694e-17
      4240.00   5.0959176e-17
      4241.00   5.0968659e-17
      4242.00   5.0978143e-17
      4243.00   5.0987628e-17
      4244.00   5.0997114e-17
      4245.00   5.1006600e-17
      4246.00   5.1016088e-17
      4247.00   5.1025576e-17
      4248.00   5.1035066e-17
      4249.00   5.1044556e-17
      4250.00   5.1054047e-17
      4251.00   5.1063539e-17
      4252.00   5.1073033e-17
      4253.00   5.1082526e-17
      4254.00   5.1092021e-17
      4255.00   5.1101517e-17
      4256.00   5.1111014e-17
      4257.00   5.1120511e-17
      4258.00   5.1130010e-17
      4259.00   5.1139509e-17
      4260.00   5.1149010e-17
      4261.00   5.1158511e-17
      4262.00   5.1168013e-17
      4263.00   5.1177516e-17
      4264.00   5.1187020e-17
      4265.00   5.1196525e-17
      4266.00   5.1206031e-17
      4267.00   5.1215537e-17
      4268.00   5.1225045e-17
      4269.00   5.1234554e-17
      4270.00   5.1244063e-17
      4271.00   5.1253573e-17
      4272.00   5.1263085e-17
      4273.00   5.1272597e-17
      4274.00   5.1282110e-17
      4275.00   5.1291624e-17
      4276.00   5.1301139e-17
      4277.00   5.1310655e-17
      4278.00   5.1320171e-17
      4279.00   5.1329689e-17
      4280.00   5.1339207e-17
      4281.00   5.1348727e-17
      4282.00   5.1358247e-17
      4283.00   5.1367769e-17
      4284.00   5.1377291e-17
      4285.00   5.1386814e-17
      4286.00   5.1396338e-17
      4287.00   5.1405863e-17
      4288.00   5.1415388e-17
      4289.00   5.1424915e-17
      4290.00   5.1434443e-17
      4291.00   5.1443971e-17
      4292.00   5.1453501e-17
      4293.00   5.1463031e-17
      4294.00   5.1472562e-17
      4295.00   5.1482095e-17
      4296.00   5.1491628e-17
      4297.00   5.1501162e-17
      4298.00   5.1510696e-17
      4299.00   5.1520232e-17
      4300.00   5.1529769e-17
      4301.00   5.1539306e-17
      4302.00   5.1548845e-17
      4303.00   5.1558384e-17
      4304.00   5.1567925e-17
      4305.00   5.1577466e-17
      4306.00   5.1587008e-17
      4307.00   5.1596551e-17
      4308.00   5.1606095e-17
      4309.00   5.1615640e-17
      4310.00   5.1625186e-17
      4311.00   5.1634732e-17
      4312.00   5.1644280e-17
      4313.00   5.1653828e-17
      4314.00   5.1663378e-17
      4315.00   5.1672928e-17
      4316.00   5.1682479e-17
      4317.00   5.1692031e-17
      4318.00   5.1701584e-17
      4319.00   5.1711138e-17
      4320.00   5.1720693e-17
      4321.00   5.1730248e-17
      4322.00   5.1739805e-17
      4323.00   5.1749362e-17
      4324.00   5.1758921e-17
      4325.00   5.1768480e-17
      4326.00   5.1778040e-17
      4327.00   5.1787601e-17
      4328.00   5.1797163e-17
      4329.00   5.1806726e-17
      4330.00   5.1816290e-17
      4331.00   5.1825855e-17
      4332.00   5.1835421e-17
      4333.00   5.1844987e-17
      4334.00   5.1854554e-17
      4335.00   5.1864123e-17
      4336.00   5.1873692e-17
      4337.00   5.1883262e-17
      4338.00   5.1892833e-17
      4339.00   5.1902405e-17
      4340.00   5.1911978e-17
      4341.00   5.1921552e-17
      4342.00   5.1931126e-17
      4343.00   5.1940702e-17
      4344.00   5.1950278e-17
      4345.00   5.1959856e-17
      4346.00   5.1969434e-17
      4347.00   5.1979013e-17
      4348.00   5.1988593e-17
      4349.00   5.1998174e-17
      4350.00   5.2007756e-17
      4351.00   5.2017338e-17
      4352.00   5.2026922e-17
      4353.00   5.2036507e-17
      4354.00   5.2046092e-17
      4355.00   5.2055678e-17
      4356.00   5.2065266e-17
      4357.00   5.2074854e-17
      4358.00   5.2084443e-17
      4359.00   5.2094033e-17
      4360.00   5.2103623e-17
      4361.00   5.2113215e-17
      4362.00   5.2122808e-17
      4363.00   5.2132401e-17
      4364.00   5.2141996e-17
      4365.00   5.2151591e-17
      4366.00   5.2161187e-17
      4367.00   5.2170784e-17
      4368.00   5.2180382e-17
      4369.00   5.2189981e-17
      4370.00   5.2199581e-17
      4371.00   5.2209182e-17
      4372.00   5.2218783e-17
      4373.00   5.2228386e-17
      4374.00   5.2237989e-17
      4375.00   5.2247594e-17
      4376.00   5.2257199e-17
      4377.00   5.2266805e-17
      4378.00   5.2276412e-17
      4379.00   5.2286020e-17
      4380.00   5.2295628e-17
      4381.00   5.2305238e-17
      4382.00   5.2314849e-17
      4383.00   5.2324460e-17
      4384.00   5.2334072e-17
      4385.00   5.2343686e-17
      4386.00   5.2353300e-17
      4387.00   5.2362915e-17
      4388.00   5.2372531e-17
      4389.00   5.2382148e-17
      4390.00   5.2391765e-17
      4391.00   5.2401384e-17
      4392.00   5.2411003e-17
      4393.00   5.2420624e-17
      4394.00   5.2430245e-17
      4395.00   5.2439867e-17
      4396.00   5.2449490e-17
      4397.00   5.2459114e-17
      4398.00   5.2468739e-17
      4399.00   5.2478365e-17
      4400.00   5.2487992e-17
      4401.00   5.2497619e-17
      4402.00   5.2507248e-17
      4403.00   5.2516877e-17
      4404.00   5.2526507e-17
      4405.00   5.2536138e-17
      4406.00   5.2545770e-17
      4407.00   5.2555403e-17
      4408.00   5.2565037e-17
      4409.00   5.2574672e-17
      4410.00   5.2584307e-17
      4411.00   5.2593944e-17
      4412.00   5.2603581e-17
      4413.00   5.2613220e-17
      4414.00   5.2622859e-17
      4415.00   5.2632499e-17
      4416.00   5.2642140e-17
      4417.00   5.2651781e-17
      4418.00   5.2661424e-17
      4419.00   5.2671068e-17
      4420.00   5.2680712e-17
      4421.00   5.2690358e-17
      4422.00   5.2700004e-17
      4423.00   5.2709651e-17
      4424.00   5.2719299e-17
      4425.00   5.2728948e-17
      4426.00   5.2738598e-17
      4427.00   5.2748249e-17
      4428.00   5.2757900e-17
      4429.00   5.2767553e-17
      4430.00   5.2777206e-17
      4431.00   5.2786861e-17
      4432.00   5.2796516e-17
      4433.00   5.2806172e-17
      4434.00   5.2815829e-17
      4435.00   5.2825487e-17
      4436.00   5.2835146e-17
      4437.00   5.2844805e-17
      4438.00   5.2854466e-17
      4439.00   5.2864127e-17
      4440.00   5.2873789e-17
      4441.00   5.2883453e-17
      4442.00   5.2893117e-17
      4443.00   5.2902782e-17
      4444.00   5.2912448e-17
      4445.00   5.2922114e-17
      4446.00   5.2931782e-17
      4447.00   5.2941450e-17
      4448.00   5.2951120e-17
      4449.00   5.2960790e-17
      4450.00   5.2970461e-17
      4451.00   5.2980133e-17
      4452.00   5.2989806e-17
      4453.00   5.2999480e-17
      4454.00   5.3009155e-17
      4455.00   5.3018831e-17
      4456.00   5.3028507e-17
      4457.00   5.3038184e-17
      4458.00   5.3047863e-17
      4459.00   5.3057542e-17
      4460.00   5.3067222e-17
      4461.00   5.3076903e-17
      4462.00   5.3086585e-17
      4463.00   5.3096268e-17
      4464.00   5.3105951e-17
      4465.00   5.3115636e-17
      4466.00   5.3125321e-17
      4467.00   5.3135007e-17
      4468.00   5.3144694e-17
      4469.00   5.3154382e-17
      4470.00   5.3164071e-17
      4471.00   5.3173761e-17
      4472.00   5.3183452e-17
      4473.00   5.3193143e-17
      4474.00   5.3202836e-17
      4475.00   5.3212529e-17
      4476.00   5.3222223e-17
      4477.00   5.3231919e-17
      4478.00   5.3241615e-17
      4479.00   5.3251311e-17
      4480.00   5.3261009e-17
      4481.00   5.3270708e-17
      4482.00   5.3280407e-17
      4483.00   5.3290108e-17
      4484.00   5.3299809e-17
      4485.00   5.3309511e-17
      4486.00   5.3319214e-17
      4487.00   5.3328918e-17
      4488.00   5.3338623e-17
      4489.00   5.3348329e-17
      4490.00   5.3358035e-17
      4491.00   5.3367743e-17
      4492.00   5.3377451e-17
      4493.00   5.3387161e-17
      4494.00   5.3396871e-17
      4495.00   5.3406582e-17
      4496.00   5.3416294e-17
      4497.00   5.3426006e-17
      4498.00   5.3435720e-17
      4499.00   5.3445435e-17
      4500.00   5.3455150e-17
      4501.00   5.3464866e-17
      4502.00   5.3474584e-17
      4503.00   5.3484302e-17
      4504.00   5.3494021e-17
      4505.00   5.3503740e-17
      4506.00   5.3513461e-17
      4507.00   5.3523183e-17
      4508.00   5.3532905e-17
      4509.00   5.3542629e-17
      4510.00   5.3552353e-17
      4511.00   5.3562078e-17
      4512.00   5.3571804e-17
      4513.00   5.3581531e-17
      4514.00   5.3591259e-17
      4515.00   5.3600987e-17
      4516.00   5.3610717e-17
      4517.00   5.3620447e-17
      4518.00   5.3630178e-17
      4519.00   5.3639911e-17
      4520.00   5.3649644e-17
      4521.00   5.3659378e-17
      4522.00   5.3669112e-17
      4523.00   5.3678848e-17
      4524.00   5.3688585e-17
      4525.00   5.3698322e-17
      4526.00   5.3708060e-17
      4527.00   5.3717800e-17
      4528.00   5.3727540e-17
      4529.00   5.3737281e-17
      4530.00   5.3747022e-17
      4531.00   5.3756765e-17
      4532.00   5.3766509e-17
      4533.00   5.3776253e-17
      4534.00   5.3785999e-17
      4535.00   5.3795745e-17
      4536.00   5.3805492e-17
      4537.00   5.3815240e-17
      4538.00   5.3824989e-17
      4539.00   5.3834739e-17
      4540.00   5.3844489e-17
      4541.00   5.3854241e-17
      4542.00   5.3863993e-17
      4543.00   5.3873746e-17
      4544.00   5.3883500e-17
      4545.00   5.3893255e-17
      4546.00   5.3903011e-17
      4547.00   5.3912768e-17
      4548.00   5.3922526e-17
      4549.00   5.3932284e-17
      4550.00   5.3942044e-17
      4551.00   5.3951804e-17
      4552.00   5.3961565e-17
      4553.00   5.3971327e-17
      4554.00   5.3981090e-17
      4555.00   5.3990854e-17
      4556.00   5.4000618e-17
      4557.00   5.4010384e-17
      4558.00   5.4020150e-17
      4559.00   5.4029918e-17
      4560.00   5.4039686e-17
      4561.00   5.4049455e-17
      4562.00   5.4059225e-17
      4563.00   5.4068995e-17
      4564.00   5.4078767e-17
      4565.00   5.4088540e-17
      4566.00   5.4098313e-17
      4567.00   5.4108087e-17
      4568.00   5.4117862e-17
      4569.00   5.4127638e-17
      4570.00   5.4137415e-17
      4571.00   5.4147193e-17
      4572.00   5.4156972e-17
      4573.00   5.4166751e-17
      4574.00   5.4176532e-17
      4575.00   5.4186313e-17
      4576.00   5.4196095e-17
      4577.00   5.4205878e-17
      4578.00   5.4215662e-17
      4579.00   5.4225447e-17
      4580.00   5.4235232e-17
      4581.00   5.4245019e-17
      4582.00   5.4254806e-17
      4583.00   5.4264595e-17
      4584.00   5.4274384e-17
      4585.00   5.4284174e-17
      4586.00   5.4293965e-17
      4587.00   5.4303756e-17
      4588.00   5.4313549e-17
      4589.00   5.4323342e-17
      4590.00   5.4333137e-17
      4591.00   5.4342932e-17
      4592.00   5.4352728e-17
      4593.00   5.4362525e-17
      4594.00   5.4372323e-17
      4595.00   5.4382122e-17
      4596.00   5.4391921e-17
      4597.00   5.4401722e-17
      4598.00   5.4411523e-17
      4599.00   5.4421325e-17
      4600.00   5.4431128e-17
      4601.00   5.4440932e-17
      4602.00   5.4450737e-17
      4603.00   5.4460543e-17
      4604.00   5.4470350e-17
      4605.00   5.4480157e-17
      4606.00   5.4489965e-17
      4607.00   5.4499774e-17
      4608.00   5.4509584e-17
      4609.00   5.4519395e-17
      4610.00   5.4529207e-17
      4611.00   5.4539020e-17
      4612.00   5.4548833e-17
      4613.00   5.4558648e-17
      4614.00   5.4568463e-17
      4615.00   5.4578279e-17
      4616.00   5.4588096e-17
      4617.00   5.4597914e-17
      4618.00   5.4607733e-17
      4619.00   5.4617552e-17
      4620.00   5.4627373e-17
      4621.00   5.4637194e-17
      4622.00   5.4647017e-17
      4623.00   5.4656840e-17
      4624.00   5.4666664e-17
      4625.00   5.4676488e-17
      4626.00   5.4686314e-17
      4627.00   5.4696141e-17
      4628.00   5.4705968e-17
      4629.00   5.4715796e-17
      4630.00   5.4725626e-17
      4631.00   5.4735456e-17
      4632.00   5.4745287e-17
      4633.00   5.4755118e-17
      4634.00   5.4764951e-17
      4635.00   5.4774785e-17
      4636.00   5.4784619e-17
      4637.00   5.4794454e-17
      4638.00   5.4804290e-17
      4639.00   5.4814127e-17
      4640.00   5.4823965e-17
      4641.00   5.4833804e-17
      4642.00   5.4843643e-17
      4643.00   5.4853484e-17
      4644.00   5.4863325e-17
      4645.00   5.4873167e-17
      4646.00   5.4883010e-17
      4647.00   5.4892854e-17
      4648.00   5.4902699e-17
      4649.00   5.4912545e-17
      4650.00   5.4922391e-17
      4651.00   5.4932239e-17
      4652.00   5.4942087e-17
      4653.00   5.4951936e-17
      4654.00   5.4961786e-17
      4655.00   5.4971637e-17
      4656.00   5.4981489e-17
      4657.00   5.4991341e-17
      4658.00   5.5001195e-17
      4659.00   5.5011049e-17
      4660.00   5.5020904e-17
      4661.00   5.5030760e-17
      4662.00   5.5040617e-17
      4663.00   5.5050475e-17
      4664.00   5.5060333e-17
      4665.00   5.5070193e-17
      4666.00   5.5080053e-17
      4667.00   5.5089914e-17
      4668.00   5.5099776e-17
      4669.00   5.5109639e-17
      4670.00   5.5119503e-17
      4671.00   5.5129368e-17
      4672.00   5.5139233e-17
      4673.00   5.5149100e-17
      4674.00   5.5158967e-17
      4675.00   5.5168835e-17
      4676.00   5.5178704e-17
      4677.00   5.5188574e-17
      4678.00   5.5198445e-17
      4679.00   5.5208316e-17
      4680.00   5.5218189e-17
      4681.00   5.5228062e-17
      4682.00   5.5237936e-17
      4683.00   5.5247811e-17
      4684.00   5.5257687e-17
      4685.00   5.5267564e-17
      4686.00   5.5277442e-17
      4687.00   5.5287320e-17
      4688.00   5.5297200e-17
      4689.00   5.5307080e-17
      4690.00   5.5316961e-17
      4691.00   5.5326843e-17
      4692.00   5.5336726e-17
      4693.00   5.5346609e-17
      4694.00   5.5356494e-17
      4695.00   5.5366379e-17
      4696.00   5.5376265e-17
      4697.00   5.5386152e-17
      4698.00   5.5396040e-17
      4699.00   5.5405929e-17
      4700.00   5.5415819e-17
      4701.00   5.5425709e-17
      4702.00   5.5435601e-17
      4703.00   5.5445493e-17
      4704.00   5.5455386e-17
      4705.00   5.5465280e-17
      4706.00   5.5475175e-17
      4707.00   5.5485071e-17
      4708.00   5.5494967e-17
      4709.00   5.5504865e-17
      4710.00   5.5514763e-17
      4711.00   5.5524662e-17
      4712.00   5.5534562e-17
      4713.00   5.5544463e-17
      4714.00   5.5554365e-17
      4715.00   5.5564267e-17
      4716.00   5.5574171e-17
      4717.00   5.5584075e-17
      4718.00   5.5593980e-17
      4719.00   5.5603886e-17
      4720.00   5.5613793e-17
      4721.00   5.5623701e-17
      4722.00   5.5633610e-17
      4723.00   5.5643519e-17
      4724.00   5.5653429e-17
      4725.00   5.5663341e-17
      4726.00   5.5673253e-17
      4727.00   5.5683165e-17
      4728.00   5.5693079e-17
      4729.00   5.5702994e-17
      4730.00   5.5712909e-17
      4731.00   5.5722826e-17
      4732.00   5.5732743e-17
      4733.00   5.5742661e-17
      4734.00   5.5752580e-17
      4735.00   5.5762499e-17
      4736.00   5.5772420e-17
      4737.00   5.5782342e-17
      4738.00   5.5792264e-17
      4739.00   5.5802187e-17
      4740.00   5.5812111e-17
      4741.00   5.5822036e-17
      4742.00   5.5831962e-17
      4743.00   5.5841888e-17
      4744.00   5.5851816e-17
      4745.00   5.5861744e-17
      4746.00   5.5871673e-17
      4747.00   5.5881603e-17
      4748.00   5.5891534e-17
      4749.00   5.5901466e-17
      4750.00   5.5911399e-17
      4751.00   5.5921332e-17
      4752.00   5.5931266e-17
      4753.00   5.5941201e-17
      4754.00   5.5951137e-17
      4755.00   5.5961074e-17
      4756.00   5.5971012e-17
      4757.00   5.5980951e-17
      4758.00   5.5990890e-17
      4759.00   5.6000830e-17
      4760.00   5.6010772e-17
      4761.00   5.6020714e-17
      4762.00   5.6030656e-17
      4763.00   5.6040600e-17
      4764.00   5.6050545e-17
      4765.00   5.6060490e-17
      4766.00   5.6070436e-17
      4767.00   5.6080384e-17
      4768.00   5.6090332e-17
      4769.00   5.6100280e-17
      4770.00   5.6110230e-17
      4771.00   5.6120181e-17
      4772.00   5.6130132e-17
      4773.00   5.6140084e-17
      4774.00   5.6150037e-17
      4775.00   5.6159991e-17
      4776.00   5.6169946e-17
      4777.00   5.6179902e-17
      4778.00   5.6189858e-17
      4779.00   5.6199816e-17
      4780.00   5.6209774e-17
      4781.00   5.6219733e-17
      4782.00   5.6229693e-17
      4783.00   5.6239654e-17
      4784.00   5.6249615e-17
      4785.00   5.6259578e-17
      4786.00   5.6269541e-17
      4787.00   5.6279505e-17
      4788.00   5.6289470e-17
      4789.00   5.6299436e-17
      4790.00   5.6309403e-17
      4791.00   5.6319371e-17
      4792.00   5.6329339e-17
      4793.00   5.6339308e-17
      4794.00   5.6349279e-17
      4795.00   5.6359250e-17
      4796.00   5.6369221e-17
      4797.00   5.6379194e-17
      4798.00   5.6389168e-17
      4799.00   5.6399142e-17
      4800.00   5.6409117e-17
      4801.00   5.6419094e-17
      4802.00   5.6429070e-17
      4803.00   5.6439048e-17
      4804.00   5.6449027e-17
      4805.00   5.6459006e-17
      4806.00   5.6468987e-17
      4807.00   5.6478968e-17
      4808.00   5.6488950e-17
      4809.00   5.6498933e-17
      4810.00   5.6508917e-17
      4811.00   5.6518901e-17
      4812.00   5.6528887e-17
      4813.00   5.6538873e-17
      4814.00   5.6548860e-17
      4815.00   5.6558848e-17
      4816.00   5.6568837e-17
      4817.00   5.6578827e-17
      4818.00   5.6588817e-17
      4819.00   5.6598809e-17
      4820.00   5.6608801e-17
      4821.00   5.6618794e-17
      4822.00   5.6628788e-17
      4823.00   5.6638783e-17
      4824.00   5.6648779e-17
      4825.00   5.6658775e-17
      4826.00   5.6668772e-17
      4827.00   5.6678771e-17
      4828.00   5.6688770e-17
      4829.00   5.6698769e-17
      4830.00   5.6708770e-17
      4831.00   5.6718772e-17
      4832.00   5.6728774e-17
      4833.00   5.6738777e-17
      4834.00   5.6748782e-17
      4835.00   5.6758787e-17
      4836.00   5.6768792e-17
      4837.00   5.6778799e-17
      4838.00   5.6788807e-17
      4839.00   5.6798815e-17
      4840.00   5.6808824e-17
      4841.00   5.6818834e-17
      4842.00   5.6828845e-17
      4843.00   5.6838857e-17
      4844.00   5.6848869e-17
      4845.00   5.6858883e-17
      4846.00   5.6868897e-17
      4847.00   5.6878912e-17
      4848.00   5.6888928e-17
      4849.00   5.6898945e-17
      4850.00   5.6908963e-17
      4851.00   5.6918981e-17
      4852.00   5.6929001e-17
      4853.00   5.6939021e-17
      4854.00   5.6949042e-17
      4855.00   5.6959064e-17
      4856.00   5.6969086e-17
      4857.00   5.6979110e-17
      4858.00   5.6989134e-17
      4859.00   5.6999160e-17
      4860.00   5.7009186e-17
      4861.00   5.7019213e-17
      4862.00   5.7029241e-17
      4863.00   5.7039269e-17
      4864.00   5.7049299e-17
      4865.00   5.7059329e-17
      4866.00   5.7069360e-17
      4867.00   5.7079392e-17
      4868.00   5.7089425e-17
      4869.00   5.7099459e-17
      4870.00   5.7109493e-17
      4871.00   5.7119529e-17
      4872.00   5.7129565e-17
      4873.00   5.7139602e-17
      4874.00   5.7149640e-17
      4875.00   5.7159679e-17
      4876.00   5.7169718e-17
      4877.00   5.7179759e-17
      4878.00   5.7189800e-17
      4879.00   5.7199842e-17
      4880.00   5.7209885e-17
      4881.00   5.7219929e-17
      4882.00   5.7229974e-17
      4883.00   5.7240019e-17
      4884.00   5.7250066e-17
      4885.00   5.7260113e-17
      4886.00   5.7270161e-17
      4887.00   5.7280210e-17
      4888.00   5.7290259e-17
      4889.00   5.7300310e-17
      4890.00   5.7310361e-17
      4891.00   5.7320414e-17
      4892.00   5.7330467e-17
      4893.00   5.7340521e-17
      4894.00   5.7350575e-17
      4895.00   5.7360631e-17
      4896.00   5.7370687e-17
      4897.00   5.7380745e-17
      4898.00   5.7390803e-17
      4899.00   5.7400862e-17
      4900.00   5.7410922e-17
      4901.00   5.7420982e-17
      4902.00   5.7431044e-17
      4903.00   5.7441106e-17
      4904.00   5.7451169e-17
      4905.00   5.7461233e-17
      4906.00   5.7471298e-17
      4907.00   5.7481364e-17
      4908.00   5.7491430e-17
      4909.00   5.7501498e-17
      4910.00   5.7511566e-17
      4911.00   5.7521635e-17
      4912.00   5.7531705e-17
      4913.00   5.7541776e-17
      4914.00   5.7551847e-17
      4915.00   5.7561920e-17
      4916.00   5.7571993e-17
      4917.00   5.7582067e-17
      4918.00   5.7592142e-17
      4919.00   5.7602218e-17
      4920.00   5.7612294e-17
      4921.00   5.7622372e-17
      4922.00   5.7632450e-17
      4923.00   5.7642529e-17
      4924.00   5.7652609e-17
      4925.00   5.7662690e-17
      4926.00   5.7672771e-17
      4927.00   5.7682854e-17
      4928.00   5.7692937e-17
      4929.00   5.7703021e-17
      4930.00   5.7713106e-17
      4931.00   5.7723192e-17
      4932.00   5.7733279e-17
      4933.00   5.7743366e-17
      4934.00   5.7753454e-17
      4935.00   5.7763544e-17
      4936.00   5.7773634e-17
      4937.00   5.7783724e-17
      4938.00   5.7793816e-17
      4939.00   5.7803909e-17
      4940.00   5.7814002e-17
      4941.00   5.7824096e-17
      4942.00   5.7834191e-17
      4943.00   5.7844287e-17
      4944.00   5.7854384e-17
      4945.00   5.7864481e-17
      4946.00   5.7874580e-17
      4947.00   5.7884679e-17
      4948.00   5.7894779e-17
      4949.00   5.7904880e-17
      4950.00   5.7914981e-17
      4951.00   5.7925084e-17
      4952.00   5.7935187e-17
      4953.00   5.7945291e-17
      4954.00   5.7955396e-17
      4955.00   5.7965502e-17
      4956.00   5.7975609e-17
      4957.00   5.7985717e-17
      4958.00   5.7995825e-17
      4959.00   5.8005934e-17
      4960.00   5.8016044e-17
      4961.00   5.8026155e-17
      4962.00   5.8036267e-17
      4963.00   5.8046379e-17
      4964.00   5.8056493e-17
      4965.00   5.8066607e-17
      4966.00   5.8076722e-17
      4967.00   5.8086838e-17
      4968.00   5.8096955e-17
      4969.00   5.8107072e-17
      4970.00   5.8117191e-17
      4971.00   5.8127310e-17
      4972.00   5.8137430e-17
      4973.00   5.8147551e-17
      4974.00   5.8157672e-17
      4975.00   5.8167795e-17
      4976.00   5.8177918e-17
      4977.00   5.8188043e-17
      4978.00   5.8198168e-17
      4979.00   5.8208293e-17
      4980.00   5.8218420e-17
      4981.00   5.8228548e-17
      4982.00   5.8238676e-17
      4983.00   5.8248805e-17
      4984.00   5.8258935e-17
      4985.00   5.8269066e-17
      4986.00   5.8279198e-17
      4987.00   5.8289330e-17
      4988.00   5.8299464e-17
      4989.00   5.8309598e-17
      4990.00   5.8319733e-17
      4991.00   5.8329869e-17
      4992.00   5.8340005e-17
      4993.00   5.8350143e-17
      4994.00   5.8360281e-17
      4995.00   5.8370421e-17
      4996.00   5.8380561e-17
      4997.00   5.8390701e-17
      4998.00   5.8400843e-17
      4999.00   5.8410986e-17
      5000.00   5.8421129e-17
      5001.00   5.8431273e-17
      5002.00   5.8441418e-17
      5003.00   5.8451564e-17
      5004.00   5.8461710e-17
      5005.00   5.8471858e-17
      5006.00   5.8482006e-17
      5007.00   5.8492155e-17
      5008.00   5.8502305e-17
      5009.00   5.8512456e-17
      5010.00   5.8522608e-17
      5011.00   5.8532760e-17
      5012.00   5.8542913e-17
      5013.00   5.8553068e-17
      5014.00   5.8563223e-17
      5015.00   5.8573378e-17
      5016.00   5.8583535e-17
      5017.00   5.8593692e-17
      5018.00   5.8603851e-17
      5019.00   5.8614010e-17
      5020.00   5.8624169e-17
      5021.00   5.8634330e-17
      5022.00   5.8644492e-17
      5023.00   5.8654654e-17
      5024.00   5.8664817e-17
      5025.00   5.8674981e-17
      5026.00   5.8685146e-17
      5027.00   5.8695312e-17
      5028.00   5.8705479e-17
      5029.00   5.8715646e-17
      5030.00   5.8725814e-17
      5031.00   5.8735983e-17
      5032.00   5.8746153e-17
      5033.00   5.8756324e-17
      5034.00   5.8766495e-17
      5035.00   5.8776667e-17
      5036.00   5.8786840e-17
      5037.00   5.8797014e-17
      5038.00   5.8807189e-17
      5039.00   5.8817365e-17
      5040.00   5.8827541e-17
      5041.00   5.8837719e-17
      5042.00   5.8847897e-17
      5043.00   5.8858076e-17
      5044.00   5.8868255e-17
      5045.00   5.8878436e-17
      5046.00   5.8888617e-17
      5047.00   5.8898799e-17
      5048.00   5.8908982e-17
      5049.00   5.8919166e-17
      5050.00   5.8929351e-17
      5051.00   5.8939537e-17
      5052.00   5.8949723e-17
      5053.00   5.8959910e-17
      5054.00   5.8970098e-17
      5055.00   5.8980287e-17
      5056.00   5.8990476e-17
      5057.00   5.9000667e-17
      5058.00   5.9010858e-17
      5059.00   5.9021050e-17
      5060.00   5.9031243e-17
      5061.00   5.9041437e-17
      5062.00   5.9051632e-17
      5063.00   5.9061827e-17
      5064.00   5.9072023e-17
      5065.00   5.9082220e-17
      5066.00   5.9092418e-17
      5067.00   5.9102617e-17
      5068.00   5.9112816e-17
      5069.00   5.9123017e-17
      5070.00   5.9133218e-17
      5071.00   5.9143420e-17
      5072.00   5.9153623e-17
      5073.00   5.9163826e-17
      5074.00   5.9174031e-17
      5075.00   5.9184236e-17
      5076.00   5.9194442e-17
      5077.00   5.9204649e-17
      5078.00   5.9214857e-17
      5079.00   5.9225065e-17
      5080.00   5.9235275e-17
      5081.00   5.9245485e-17
      5082.00   5.9255696e-17
      5083.00   5.9265908e-17
      5084.00   5.9276120e-17
      5085.00   5.9286334e-17
      5086.00   5.9296548e-17
      5087.00   5.9306763e-17
      5088.00   5.9316979e-17
      5089.00   5.9327196e-17
      5090.00   5.9337414e-17
      5091.00   5.9347632e-17
      5092.00   5.9357851e-17
      5093.00   5.9368071e-17
      5094.00   5.9378292e-17
      5095.00   5.9388514e-17
      5096.00   5.9398736e-17
      5097.00   5.9408960e-17
      5098.00   5.9419184e-17
      5099.00   5.9429409e-17
      5100.00   5.9439634e-17
      5101.00   5.9449861e-17
      5102.00   5.9460088e-17
      5103.00   5.9470317e-17
      5104.00   5.9480546e-17
      5105.00   5.9490776e-17
      5106.00   5.9501006e-17
      5107.00   5.9511238e-17
      5108.00   5.9521470e-17
      5109.00   5.9531703e-17
      5110.00   5.9541937e-17
      5111.00   5.9552172e-17
      5112.00   5.9562408e-17
      5113.00   5.9572644e-17
      5114.00   5.9582881e-17
      5115.00   5.9593119e-17
      5116.00   5.9603358e-17
      5117.00   5.9613598e-17
      5118.00   5.9623839e-17
      5119.00   5.9634080e-17
      5120.00   5.9644322e-17
      5121.00   5.9654565e-17
      5122.00   5.9664809e-17
      5123.00   5.9675053e-17
      5124.00   5.9685299e-17
      5125.00   5.9695545e-17
      5126.00   5.9705792e-17
      5127.00   5.9716040e-17
      5128.00   5.9726289e-17
      5129.00   5.9736538e-17
      5130.00   5.9746788e-17
      5131.00   5.9757039e-17
      5132.00   5.9767291e-17
      5133.00   5.9777544e-17
      5134.00   5.9787798e-17
      5135.00   5.9798052e-17
      5136.00   5.9808307e-17
      5137.00   5.9818563e-17
      5138.00   5.9828820e-17
      5139.00   5.9839078e-17
      5140.00   5.9849336e-17
      5141.00   5.9859596e-17
      5142.00   5.9869856e-17
      5143.00   5.9880117e-17
      5144.00   5.9890378e-17
      5145.00   5.9900641e-17
      5146.00   5.9910904e-17
      5147.00   5.9921168e-17
      5148.00   5.9931433e-17
      5149.00   5.9941699e-17
      5150.00   5.9951966e-17
      5151.00   5.9962233e-17
      5152.00   5.9972501e-17
      5153.00   5.9982770e-17
      5154.00   5.9993040e-17
      5155.00   6.0003311e-17
      5156.00   6.0013582e-17
      5157.00   6.0023855e-17
      5158.00   6.0034128e-17
      5159.00   6.0044402e-17
      5160.00   6.0054676e-17
      5161.00   6.0064952e-17
      5162.00   6.0075228e-17
      5163.00   6.0085505e-17
      5164.00   6.0095783e-17
      5165.00   6.0106062e-17
      5166.00   6.0116342e-17
      5167.00   6.0126622e-17
      5168.00   6.0136904e-17
      5169.00   6.0147186e-17
      5170.00   6.0157468e-17
      5171.00   6.0167752e-17
      5172.00   6.0178037e-17
      5173.00   6.0188322e-17
      5174.00   6.0198608e-17
      5175.00   6.0208895e-17
      5176.00   6.0219183e-17
      5177.00   6.0229471e-17
      5178.00   6.0239760e-17
      5179.00   6.0250051e-17
      5180.00   6.0260342e-17
      5181.00   6.0270633e-17
      5182.00   6.0280926e-17
      5183.00   6.0291219e-17
      5184.00   6.0301514e-17
      5185.00   6.0311809e-17
      5186.00   6.0322104e-17
      5187.00   6.0332401e-17
      5188.00   6.0342698e-17
      5189.00   6.0352997e-17
      5190.00   6.0363296e-17
      5191.00   6.0373596e-17
      5192.00   6.0383896e-17
      5193.00   6.0394198e-17
      5194.00   6.0404500e-17
      5195.00   6.0414803e-17
      5196.00   6.0425107e-17
      5197.00   6.0435412e-17
      5198.00   6.0445717e-17
      5199.00   6.0456024e-17
      5200.00   6.0466331e-17
      5201.00   6.0476639e-17
      5202.00   6.0486948e-17
      5203.00   6.0497257e-17
      5204.00   6.0507567e-17
      5205.00   6.0517879e-17
      5206.00   6.0528191e-17
      5207.00   6.0538503e-17
      5208.00   6.0548817e-17
      5209.00   6.0559131e-17
      5210.00   6.0569447e-17
      5211.00   6.0579763e-17
      5212.00   6.0590080e-17
      5213.00   6.0600397e-17
      5214.00   6.0610716e-17
      5215.00   6.0621035e-17
      5216.00   6.0631355e-17
      5217.00   6.0641676e-17
      5218.00   6.0651997e-17
      5219.00   6.0662320e-17
      5220.00   6.0672643e-17
      5221.00   6.0682967e-17
      5222.00   6.0693292e-17
      5223.00   6.0703618e-17
      5224.00   6.0713944e-17
      5225.00   6.0724272e-17
      5226.00   6.0734600e-17
      5227.00   6.0744929e-17
      5228.00   6.0755258e-17
      5229.00   6.0765589e-17
      5230.00   6.0775920e-17
      5231.00   6.0786252e-17
      5232.00   6.0796585e-17
      5233.00   6.0806919e-17
      5234.00   6.0817254e-17
      5235.00   6.0827589e-17
      5236.00   6.0837925e-17
      5237.00   6.0848262e-17
      5238.00   6.0858600e-17
      5239.00   6.0868939e-17
      5240.00   6.0879278e-17
      5241.00   6.0889618e-17
      5242.00   6.0899959e-17
      5243.00   6.0910301e-17
      5244.00   6.0920643e-17
      5245.00   6.0930987e-17
      5246.00   6.0941331e-17
      5247.00   6.0951676e-17
      5248.00   6.0962022e-17
      5249.00   6.0972368e-17
      5250.00   6.0982716e-17
      5251.00   6.0993064e-17
      5252.00   6.1003413e-17
      5253.00   6.1013763e-17
      5254.00   6.1024113e-17
      5255.00   6.1034465e-17
      5256.00   6.1044817e-17
      5257.00   6.1055170e-17
      5258.00   6.1065524e-17
      5259.00   6.1075879e-17
      5260.00   6.1086234e-17
      5261.00   6.1096590e-17
      5262.00   6.1106947e-17
      5263.00   6.1117305e-17
      5264.00   6.1127664e-17
      5265.00   6.1138023e-17
      5266.00   6.1148383e-17
      5267.00   6.1158744e-17
      5268.00   6.1169106e-17
      5269.00   6.1179469e-17
      5270.00   6.1189832e-17
      5271.00   6.1200196e-17
      5272.00   6.1210561e-17
      5273.00   6.1220927e-17
      5274.00   6.1231294e-17
      5275.00   6.1241661e-17
      5276.00   6.1252030e-17
      5277.00   6.1262399e-17
      5278.00   6.1272768e-17
      5279.00   6.1283139e-17
      5280.00   6.1293510e-17
      5281.00   6.1303883e-17
      5282.00   6.1314256e-17
      5283.00   6.1324630e-17
      5284.00   6.1335004e-17
      5285.00   6.1345380e-17
      5286.00   6.1355756e-17
      5287.00   6.1366133e-17
      5288.00   6.1376511e-17
      5289.00   6.1386889e-17
      5290.00   6.1397269e-17
      5291.00   6.1407649e-17
      5292.00   6.1418030e-17
      5293.00   6.1428412e-17
      5294.00   6.1438794e-17
      5295.00   6.1449178e-17
      5296.00   6.1459562e-17
      5297.00   6.1469947e-17
      5298.00   6.1480332e-17
      5299.00   6.1490719e-17
      5300.00   6.1501106e-17
      5301.00   6.1511495e-17
      5302.00   6.1521884e-17
      5303.00   6.1532273e-17
      5304.00   6.1542664e-17
      5305.00   6.1553055e-17
      5306.00   6.1563447e-17
      5307.00   6.1573840e-17
      5308.00   6.1584234e-17
      5309.00   6.1594629e-17
      5310.00   6.1605024e-17
      5311.00   6.1615420e-17
      5312.00   6.1625817e-17
      5313.00   6.1636215e-17
      5314.00   6.1646613e-17
      5315.00   6.1657013e-17
      5316.00   6.1667413e-17
      5317.00   6.1677814e-17
      5318.00   6.1688215e-17
      5319.00   6.1698618e-17
      5320.00   6.1709021e-17
      5321.00   6.1719425e-17
      5322.00   6.1729830e-17
      5323.00   6.1740236e-17
      5324.00   6.1750642e-17
      5325.00   6.1761049e-17
      5326.00   6.1771457e-17
      5327.00   6.1781866e-17
      5328.00   6.1792276e-17
      5329.00   6.1802686e-17
      5330.00   6.1813097e-17
      5331.00   6.1823509e-17
      5332.00   6.1833922e-17
      5333.00   6.1844336e-17
      5334.00   6.1854750e-17
      5335.00   6.1865165e-17
      5336.00   6.1875581e-17
      5337.00   6.1885998e-17
      5338.00   6.1896416e-17
      5339.00   6.1906834e-17
      5340.00   6.1917253e-17
      5341.00   6.1927673e-17
      5342.00   6.1938094e-17
      5343.00   6.1948515e-17
      5344.00   6.1958938e-17
      5345.00   6.1969361e-17
      5346.00   6.1979785e-17
      5347.00   6.1990209e-17
      5348.00   6.2000635e-17
      5349.00   6.2011061e-17
      5350.00   6.2021488e-17
      5351.00   6.2031916e-17
      5352.00   6.2042344e-17
      5353.00   6.2052774e-17
      5354.00   6.2063204e-17
      5355.00   6.2073635e-17
      5356.00   6.2084067e-17
      5357.00   6.2094499e-17
      5358.00   6.2104933e-17
      5359.00   6.2115367e-17
      5360.00   6.2125802e-17
      5361.00   6.2136238e-17
      5362.00   6.2146674e-17
      5363.00   6.2157111e-17
      5364.00   6.2167550e-17
      5365.00   6.2177988e-17
      5366.00   6.2188428e-17
      5367.00   6.2198869e-17
      5368.00   6.2209310e-17
      5369.00   6.2219752e-17
      5370.00   6.2230195e-17
      5371.00   6.2240638e-17
      5372.00   6.2251083e-17
      5373.00   6.2261528e-17
      5374.00   6.2271974e-17
      5375.00   6.2282421e-17
      5376.00   6.2292868e-17
      5377.00   6.2303317e-17
      5378.00   6.2313766e-17
      5379.00   6.2324216e-17
      5380.00   6.2334666e-17
      5381.00   6.2345118e-17
      5382.00   6.2355570e-17
      5383.00   6.2366023e-17
      5384.00   6.2376477e-17
      5385.00   6.2386932e-17
      5386.00   6.2397387e-17
      5387.00   6.2407843e-17
      5388.00   6.2418300e-17
      5389.00   6.2428758e-17
      5390.00   6.2439217e-17
      5391.00   6.2449676e-17
      5392.00   6.2460136e-17
      5393.00   6.2470597e-17
      5394.00   6.2481059e-17
      5395.00   6.2491521e-17
      5396.00   6.2501985e-17
      5397.00   6.2512449e-17
      5398.00   6.2522914e-17
      5399.00   6.2533379e-17
      5400.00   6.2543846e-17
      5401.00   6.2554313e-17
      5402.00   6.2564781e-17
      5403.00   6.2575250e-17
      5404.00   6.2585719e-17
      5405.00   6.2596189e-17
      5406.00   6.2606661e-17
      5407.00   6.2617132e-17
      5408.00   6.2627605e-17
      5409.00   6.2638079e-17
      5410.00   6.2648553e-17
      5411.00   6.2659028e-17
      5412.00   6.2669504e-17
      5413.00   6.2679980e-17
      5414.00   6.2690458e-17
      5415.00   6.2700936e-17
      5416.00   6.2711415e-17
      5417.00   6.2721895e-17
      5418.00   6.2732375e-17
      5419.00   6.2742856e-17
      5420.00   6.2753339e-17
      5421.00   6.2763821e-17
      5422.00   6.2774305e-17
      5423.00   6.2784789e-17
      5424.00   6.2795275e-17
      5425.00   6.2805761e-17
      5426.00   6.2816247e-17
      5427.00   6.2826735e-17
      5428.00   6.2837223e-17
      5429.00   6.2847712e-17
      5430.00   6.2858202e-17
      5431.00   6.2868693e-17
      5432.00   6.2879184e-17
      5433.00   6.2889677e-17
      5434.00   6.2900170e-17
      5435.00   6.2910664e-17
      5436.00   6.2921158e-17
      5437.00   6.2931653e-17
      5438.00   6.2942150e-17
      5439.00   6.2952647e-17
      5440.00   6.2963144e-17
      5441.00   6.2973643e-17
      5442.00   6.2984142e-17
      5443.00   6.2994642e-17
      5444.00   6.3005143e-17
      5445.00   6.3015644e-17
      5446.00   6.3026147e-17
      5447.00   6.3036650e-17
      5448.00   6.3047154e-17
      5449.00   6.3057659e-17
      5450.00   6.3068164e-17
      5451.00   6.3078670e-17
      5452.00   6.3089177e-17
      5453.00   6.3099685e-17
      5454.00   6.3110194e-17
      5455.00   6.3120703e-17
      5456.00   6.3131213e-17
      5457.00   6.3141724e-17
      5458.00   6.3152236e-17
      5459.00   6.3162748e-17
      5460.00   6.3173262e-17
      5461.00   6.3183776e-17
      5462.00   6.3194291e-17
      5463.00   6.3204806e-17
      5464.00   6.3215323e-17
      5465.00   6.3225840e-17
      5466.00   6.3236358e-17
      5467.00   6.3246876e-17
      5468.00   6.3257396e-17
      5469.00   6.3267916e-17
      5470.00   6.3278437e-17
      5471.00   6.3288959e-17
      5472.00   6.3299481e-17
      5473.00   6.3310005e-17
      5474.00   6.3320529e-17
      5475.00   6.3331054e-17
      5476.00   6.3341579e-17
      5477.00   6.3352106e-17
      5478.00   6.3362633e-17
      5479.00   6.3373161e-17
      5480.00   6.3383690e-17
      5481.00   6.3394219e-17
      5482.00   6.3404750e-17
      5483.00   6.3415281e-17
      5484.00   6.3425813e-17
      5485.00   6.3436345e-17
      5486.00   6.3446879e-17
      5487.00   6.3457413e-17
      5488.00   6.3467948e-17
      5489.00   6.3478484e-17
      5490.00   6.3489020e-17
      5491.00   6.3499558e-17
      5492.00   6.3510096e-17
      5493.00   6.3520634e-17
      5494.00   6.3531174e-17
      5495.00   6.3541714e-17
      5496.00   6.3552256e-17
      5497.00   6.3562798e-17
      5498.00   6.3573340e-17
      5499.00   6.3583884e-17
      5500.00   6.3594428e-17
      5501.00   6.3604973e-17
      5502.00   6.3615519e-17
      5503.00   6.3626065e-17
      5504.00   6.3636613e-17
      5505.00   6.3647161e-17
      5506.00   6.3657710e-17
      5507.00   6.3668259e-17
      5508.00   6.3678810e-17
      5509.00   6.3689361e-17
      5510.00   6.3699913e-17
      5511.00   6.3710465e-17
      5512.00   6.3721019e-17
      5513.00   6.3731573e-17
      5514.00   6.3742128e-17
      5515.00   6.3752684e-17
      5516.00   6.3763241e-17
      5517.00   6.3773798e-17
      5518.00   6.3784356e-17
      5519.00   6.3794915e-17
      5520.00   6.3805475e-17
      5521.00   6.3816035e-17
      5522.00   6.3826596e-17
      5523.00   6.3837158e-17
      5524.00   6.3847721e-17
      5525.00   6.3858284e-17
      5526.00   6.3868849e-17
      5527.00   6.3879414e-17
      5528.00   6.3889980e-17
      5529.00   6.3900546e-17
      5530.00   6.3911113e-17
      5531.00   6.3921682e-17
      5532.00   6.3932250e-17
      5533.00   6.3942820e-17
      5534.00   6.3953390e-17
      5535.00   6.3963962e-17
      5536.00   6.3974534e-17
      5537.00   6.3985106e-17
      5538.00   6.3995680e-17
      5539.00   6.4006254e-17
      5540.00   6.4016829e-17
      5541.00   6.4027405e-17
      5542.00   6.4037981e-17
      5543.00   6.4048559e-17
      5544.00   6.4059137e-17
      5545.00   6.4069716e-17
      5546.00   6.4080295e-17
      5547.00   6.4090876e-17
      5548.00   6.4101457e-17
      5549.00   6.4112039e-17
      5550.00   6.4122621e-17
      5551.00   6.4133205e-17
      5552.00   6.4143789e-17
      5553.00   6.4154374e-17
      5554.00   6.4164960e-17
      5555.00   6.4175546e-17
      5556.00   6.4186133e-17
      5557.00   6.4196722e-17
      5558.00   6.4207310e-17
      5559.00   6.4217900e-17
      5560.00   6.4228490e-17
      5561.00   6.4239081e-17
      5562.00   6.4249673e-17
      5563.00   6.4260266e-17
      5564.00   6.4270859e-17
      5565.00   6.4281453e-17
      5566.00   6.4292048e-17
      5567.00   6.4302644e-17
      5568.00   6.4313240e-17
      5569.00   6.4323837e-17
      5570.00   6.4334435e-17
      5571.00   6.4345034e-17
      5572.00   6.4355634e-17
      5573.00   6.4366234e-17
      5574.00   6.4376835e-17
      5575.00   6.4387437e-17
      5576.00   6.4398039e-17
      5577.00   6.4408642e-17
      5578.00   6.4419247e-17
      5579.00   6.4429851e-17
      5580.00   6.4440457e-17
      5581.00   6.4451063e-17
      5582.00   6.4461670e-17
      5583.00   6.4472278e-17
      5584.00   6.4482887e-17
      5585.00   6.4493496e-17
      5586.00   6.4504106e-17
      5587.00   6.4514717e-17
      5588.00   6.4525329e-17
      5589.00   6.4535941e-17
      5590.00   6.4546555e-17
      5591.00   6.4557169e-17
      5592.00   6.4567783e-17
      5593.00   6.4578399e-17
      5594.00   6.4589015e-17
      5595.00   6.4599632e-17
      5596.00   6.4610250e-17
      5597.00   6.4620868e-17
      5598.00   6.4631488e-17
      5599.00   6.4642108e-17
      5600.00   6.4652728e-17
      5601.00   6.4663350e-17
      5602.00   6.4673972e-17
      5603.00   6.4684595e-17
      5604.00   6.4695219e-17
      5605.00   6.4705844e-17
      5606.00   6.4716469e-17
      5607.00   6.4727095e-17
      5608.00   6.4737722e-17
      5609.00   6.4748350e-17
      5610.00   6.4758978e-17
      5611.00   6.4769607e-17
      5612.00   6.4780237e-17
      5613.00   6.4790868e-17
      5614.00   6.4801499e-17
      5615.00   6.4812131e-17
      5616.00   6.4822764e-17
      5617.00   6.4833398e-17
      5618.00   6.4844032e-17
      5619.00   6.4854667e-17
      5620.00   6.4865303e-17
      5621.00   6.4875940e-17
      5622.00   6.4886577e-17
      5623.00   6.4897216e-17
      5624.00   6.4907855e-17
      5625.00   6.4918494e-17
      5626.00   6.4929135e-17
      5627.00   6.4939776e-17
      5628.00   6.4950418e-17
      5629.00   6.4961061e-17
      5630.00   6.4971704e-17
      5631.00   6.4982348e-17
      5632.00   6.4992993e-17
      5633.00   6.5003639e-17
      5634.00   6.5014286e-17
      5635.00   6.5024933e-17
      5636.00   6.5035581e-17
      5637.00   6.5046230e-17
      5638.00   6.5056879e-17
      5639.00   6.5067530e-17
      5640.00   6.5078181e-17
      5641.00   6.5088832e-17
      5642.00   6.5099485e-17
      5643.00   6.5110138e-17
      5644.00   6.5120792e-17
      5645.00   6.5131447e-17
      5646.00   6.5142103e-17
      5647.00   6.5152759e-17
      5648.00   6.5163416e-17
      5649.00   6.5174074e-17
      5650.00   6.5184732e-17
      5651.00   6.5195392e-17
      5652.00   6.5206052e-17
      5653.00   6.5216713e-17
      5654.00   6.5227374e-17
      5655.00   6.5238037e-17
      5656.00   6.5248700e-17
      5657.00   6.5259363e-17
      5658.00   6.5270028e-17
      5659.00   6.5280693e-17
      5660.00   6.5291359e-17
      5661.00   6.5302026e-17
      5662.00   6.5312694e-17
      5663.00   6.5323362e-17
      5664.00   6.5334031e-17
      5665.00   6.5344701e-17
      5666.00   6.5355372e-17
      5667.00   6.5366043e-17
      5668.00   6.5376715e-17
      5669.00   6.5387388e-17
      5670.00   6.5398062e-17
      5671.00   6.5408736e-17
      5672.00   6.5419411e-17
      5673.00   6.5430087e-17
      5674.00   6.5440763e-17
      5675.00   6.5451441e-17
      5676.00   6.5462119e-17
      5677.00   6.5472798e-17
      5678.00   6.5483477e-17
      5679.00   6.5494158e-17
      5680.00   6.5504839e-17
      5681.00   6.5515520e-17
      5682.00   6.5526203e-17
      5683.00   6.5536886e-17
      5684.00   6.5547570e-17
      5685.00   6.5558255e-17
      5686.00   6.5568941e-17
      5687.00   6.5579627e-17
      5688.00   6.5590314e-17
      5689.00   6.5601002e-17
      5690.00   6.5611690e-17
      5691.00   6.5622380e-17
      5692.00   6.5633070e-17
      5693.00   6.5643761e-17
      5694.00   6.5654452e-17
      5695.00   6.5665144e-17
      5696.00   6.5675837e-17
      5697.00   6.5686531e-17
      5698.00   6.5697226e-17
      5699.00   6.5707921e-17
      5700.00   6.5718617e-17
      5701.00   6.5729314e-17
      5702.00   6.5740011e-17
      5703.00   6.5750710e-17
      5704.00   6.5761409e-17
      5705.00   6.5772108e-17
      5706.00   6.5782809e-17
      5707.00   6.5793510e-17
      5708.00   6.5804212e-17
      5709.00   6.5814915e-17
      5710.00   6.5825618e-17
      5711.00   6.5836322e-17
      5712.00   6.5847027e-17
      5713.00   6.5857733e-17
      5714.00   6.5868439e-17
      5715.00   6.5879147e-17
      5716.00   6.5889854e-17
      5717.00   6.5900563e-17
      5718.00   6.5911273e-17
      5719.00   6.5921983e-17
      5720.00   6.5932694e-17
      5721.00   6.5943405e-17
      5722.00   6.5954118e-17
      5723.00   6.5964831e-17
      5724.00   6.5975545e-17
      5725.00   6.5986259e-17
      5726.00   6.5996975e-17
      5727.00   6.6007691e-17
      5728.00   6.6018408e-17
      5729.00   6.6029125e-17
      5730.00   6.6039843e-17
      5731.00   6.6050562e-17
      5732.00   6.6061282e-17
      5733.00   6.6072003e-17
      5734.00   6.6082724e-17
      5735.00   6.6093446e-17
      5736.00   6.6104169e-17
      5737.00   6.6114892e-17
      5738.00   6.6125617e-17
      5739.00   6.6136342e-17
      5740.00   6.6147067e-17
      5741.00   6.6157794e-17
      5742.00   6.6168521e-17
      5743.00   6.6179249e-17
      5744.00   6.6189978e-17
      5745.00   6.6200707e-17
      5746.00   6.6211437e-17
      5747.00   6.6222168e-17
      5748.00   6.6232900e-17
      5749.00   6.6243632e-17
      5750.00   6.6254365e-17
      5751.00   6.6265099e-17
      5752.00   6.6275834e-17
      5753.00   6.6286569e-17
      5754.00   6.6297305e-17
      5755.00   6.6308042e-17
      5756.00   6.6318779e-17
      5757.00   6.6329518e-17
      5758.00   6.6340257e-17
      5759.00   6.6350996e-17
      5760.00   6.6361737e-17
      5761.00   6.6372478e-17
      5762.00   6.6383220e-17
      5763.00   6.6393963e-17
      5764.00   6.6404706e-17
      5765.00   6.6415450e-17
      5766.00   6.6426195e-17
      5767.00   6.6436941e-17
      5768.00   6.6447687e-17
      5769.00   6.6458435e-17
      5770.00   6.6469182e-17
      5771.00   6.6479931e-17
      5772.00   6.6490680e-17
      5773.00   6.6501430e-17
      5774.00   6.6512181e-17
      5775.00   6.6522933e-17
      5776.00   6.6533685e-17
      5777.00   6.6544438e-17
      5778.00   6.6555192e-17
      5779.00   6.6565946e-17
      5780.00   6.6576701e-17
      5781.00   6.6587457e-17
      5782.00   6.6598214e-17
      5783.00   6.6608972e-17
      5784.00   6.6619730e-17
      5785.00   6.6630489e-17
      5786.00   6.6641248e-17
      5787.00   6.6652009e-17
      5788.00   6.6662770e-17
      5789.00   6.6673531e-17
      5790.00   6.6684294e-17
      5791.00   6.6695057e-17
      5792.00   6.6705821e-17
      5793.00   6.6716586e-17
      5794.00   6.6727351e-17
      5795.00   6.6738118e-17
      5796.00   6.6748885e-17
      5797.00   6.6759652e-17
      5798.00   6.6770421e-17
      5799.00   6.6781190e-17
      5800.00   6.6791960e-17
      5801.00   6.6802730e-17
      5802.00   6.6813502e-17
      5803.00   6.6824274e-17
      5804.00   6.6835047e-17
      5805.00   6.6845820e-17
      5806.00   6.6856594e-17
      5807.00   6.6867369e-17
      5808.00   6.6878145e-17
      5809.00   6.6888921e-17
      5810.00   6.6899699e-17
      5811.00   6.6910477e-17
      5812.00   6.6921255e-17
      5813.00   6.6932035e-17
      5814.00   6.6942815e-17
      5815.00   6.6953596e-17
      5816.00   6.6964377e-17
      5817.00   6.6975159e-17
      5818.00   6.6985942e-17
      5819.00   6.6996726e-17
      5820.00   6.7007511e-17
      5821.00   6.7018296e-17
      5822.00   6.7029082e-17
      5823.00   6.7039868e-17
      5824.00   6.7050656e-17
      5825.00   6.7061444e-17
      5826.00   6.7072233e-17
      5827.00   6.7083022e-17
      5828.00   6.7093813e-17
      5829.00   6.7104604e-17
      5830.00   6.7115395e-17
      5831.00   6.7126188e-17
      5832.00   6.7136981e-17
      5833.00   6.7147775e-17
      5834.00   6.7158570e-17
      5835.00   6.7169365e-17
      5836.00   6.7180161e-17
      5837.00   6.7190958e-17
      5838.00   6.7201756e-17
      5839.00   6.7212554e-17
      5840.00   6.7223353e-17
      5841.00   6.7234153e-17
      5842.00   6.7244953e-17
      5843.00   6.7255754e-17
      5844.00   6.7266556e-17
      5845.00   6.7277359e-17
      5846.00   6.7288162e-17
      5847.00   6.7298967e-17
      5848.00   6.7309771e-17
      5849.00   6.7320577e-17
      5850.00   6.7331383e-17
      5851.00   6.7342190e-17
      5852.00   6.7352998e-17
      5853.00   6.7363806e-17
      5854.00   6.7374616e-17
      5855.00   6.7385425e-17
      5856.00   6.7396236e-17
      5857.00   6.7407047e-17
      5858.00   6.7417859e-17
      5859.00   6.7428672e-17
      5860.00   6.7439486e-17
      5861.00   6.7450300e-17
      5862.00   6.7461115e-17
      5863.00   6.7471931e-17
      5864.00   6.7482747e-17
      5865.00   6.7493564e-17
      5866.00   6.7504382e-17
      5867.00   6.7515201e-17
      5868.00   6.7526020e-17
      5869.00   6.7536840e-17
      5870.00   6.7547661e-17
      5871.00   6.7558482e-17
      5872.00   6.7569304e-17
      5873.00   6.7580127e-17
      5874.00   6.7590951e-17
      5875.00   6.7601775e-17
      5876.00   6.7612600e-17
      5877.00   6.7623426e-17
      5878.00   6.7634253e-17
      5879.00   6.7645080e-17
      5880.00   6.7655908e-17
      5881.00   6.7666736e-17
      5882.00   6.7677566e-17
      5883.00   6.7688396e-17
      5884.00   6.7699227e-17
      5885.00   6.7710058e-17
      5886.00   6.7720891e-17
      5887.00   6.7731724e-17
      5888.00   6.7742557e-17
      5889.00   6.7753392e-17
      5890.00   6.7764227e-17
      5891.00   6.7775063e-17
      5892.00   6.7785899e-17
      5893.00   6.7796737e-17
      5894.00   6.7807575e-17
      5895.00   6.7818413e-17
      5896.00   6.7829253e-17
      5897.00   6.7840093e-17
      5898.00   6.7850934e-17
      5899.00   6.7861776e-17
      5900.00   6.7872618e-17
      5901.00   6.7883461e-17
      5902.00   6.7894305e-17
      5903.00   6.7905149e-17
      5904.00   6.7915994e-17
      5905.00   6.7926840e-17
      5906.00   6.7937687e-17
      5907.00   6.7948534e-17
      5908.00   6.7959382e-17
      5909.00   6.7970231e-17
      5910.00   6.7981081e-17
      5911.00   6.7991931e-17
      5912.00   6.8002782e-17
      5913.00   6.8013633e-17
      5914.00   6.8024486e-17
      5915.00   6.8035339e-17
      5916.00   6.8046193e-17
      5917.00   6.8057047e-17
      5918.00   6.8067902e-17
      5919.00   6.8078758e-17
      5920.00   6.8089615e-17
      5921.00   6.8100472e-17
      5922.00   6.8111330e-17
      5923.00   6.8122189e-17
      5924.00   6.8133049e-17
      5925.00   6.8143909e-17
      5926.00   6.8154770e-17
      5927.00   6.8165631e-17
      5928.00   6.8176494e-17
      5929.00   6.8187357e-17
      5930.00   6.8198221e-17
      5931.00   6.8209085e-17
      5932.00   6.8219950e-17
      5933.00   6.8230816e-17
      5934.00   6.8241683e-17
      5935.00   6.8252550e-17
      5936.00   6.8263418e-17
      5937.00   6.8274287e-17
      5938.00   6.8285156e-17
      5939.00   6.8296027e-17
      5940.00   6.8306898e-17
      5941.00   6.8317769e-17
      5942.00   6.8328642e-17
      5943.00   6.8339515e-17
      5944.00   6.8350388e-17
      5945.00   6.8361263e-17
      5946.00   6.8372138e-17
      5947.00   6.8383014e-17
      5948.00   6.8393890e-17
      5949.00   6.8404768e-17
      5950.00   6.8415646e-17
      5951.00   6.8426524e-17
      5952.00   6.8437404e-17
      5953.00   6.8448284e-17
      5954.00   6.8459165e-17
      5955.00   6.8470046e-17
      5956.00   6.8480929e-17
      5957.00   6.8491812e-17
      5958.00   6.8502695e-17
      5959.00   6.8513580e-17
      5960.00   6.8524465e-17
      5961.00   6.8535351e-17
      5962.00   6.8546237e-17
      5963.00   6.8557125e-17
      5964.00   6.8568012e-17
      5965.00   6.8578901e-17
      5966.00   6.8589790e-17
      5967.00   6.8600681e-17
      5968.00   6.8611571e-17
      5969.00   6.8622463e-17
      5970.00   6.8633355e-17
      5971.00   6.8644248e-17
      5972.00   6.8655141e-17
      5973.00   6.8666036e-17
      5974.00   6.8676931e-17
      5975.00   6.8687827e-17
      5976.00   6.8698723e-17
      5977.00   6.8709620e-17
      5978.00   6.8720518e-17
      5979.00   6.8731416e-17
      5980.00   6.8742316e-17
      5981.00   6.8753216e-17
      5982.00   6.8764116e-17
      5983.00   6.8775018e-17
      5984.00   6.8785920e-17
      5985.00   6.8796823e-17
      5986.00   6.8807726e-17
      5987.00   6.8818630e-17
      5988.00   6.8829535e-17
      5989.00   6.8840441e-17
      5990.00   6.8851347e-17
      5991.00   6.8862254e-17
      5992.00   6.8873162e-17
      5993.00   6.8884070e-17
      5994.00   6.8894979e-17
      5995.00   6.8905889e-17
      5996.00   6.8916800e-17
      5997.00   6.8927711e-17
      5998.00   6.8938623e-17
      5999.00   6.8949535e-17
      6000.00   6.8960449e-17
      6001.00   6.8971363e-17
      6002.00   6.8982278e-17
      6003.00   6.8993193e-17
      6004.00   6.9004109e-17
      6005.00   6.9015026e-17
      6006.00   6.9025944e-17
      6007.00   6.9036862e-17
      6008.00   6.9047781e-17
      6009.00   6.9058700e-17
      6010.00   6.9069621e-17
      6011.00   6.9080542e-17
      6012.00   6.9091464e-17
      6013.00   6.9102386e-17
      6014.00   6.9113309e-17
      6015.00   6.9124233e-17
      6016.00   6.9135158e-17
      6017.00   6.9146083e-17
      6018.00   6.9157009e-17
      6019.00   6.9167935e-17
      6020.00   6.9178863e-17
      6021.00   6.9189791e-17
      6022.00   6.9200720e-17
      6023.00   6.9211649e-17
      6024.00   6.9222579e-17
      6025.00   6.9233510e-17
      6026.00   6.9244442e-17
      6027.00   6.9255374e-17
      6028.00   6.9266307e-17
      6029.00   6.9277241e-17
      6030.00   6.9288175e-17
      6031.00   6.9299110e-17
      6032.00   6.9310046e-17
      6033.00   6.9320982e-17
      6034.00   6.9331919e-17
      6035.00   6.9342857e-17
      6036.00   6.9353796e-17
      6037.00   6.9364735e-17
      6038.00   6.9375675e-17
      6039.00   6.9386615e-17
      6040.00   6.9397557e-17
      6041.00   6.9408499e-17
      6042.00   6.9419442e-17
      6043.00   6.9430385e-17
      6044.00   6.9441329e-17
      6045.00   6.9452274e-17
      6046.00   6.9463219e-17
      6047.00   6.9474166e-17
      6048.00   6.9485113e-17
      6049.00   6.9496060e-17
      6050.00   6.9507008e-17
      6051.00   6.9517957e-17
      6052.00   6.9528907e-17
      6053.00   6.9539857e-17
      6054.00   6.9550808e-17
      6055.00   6.9561760e-17
      6056.00   6.9572713e-17
      6057.00   6.9583666e-17
      6058.00   6.9594620e-17
      6059.00   6.9605574e-17
      6060.00   6.9616529e-17
      6061.00   6.9627485e-17
      6062.00   6.9638442e-17
      6063.00   6.9649399e-17
      6064.00   6.9660357e-17
      6065.00   6.9671316e-17
      6066.00   6.9682275e-17
      6067.00   6.9693236e-17
      6068.00   6.9704196e-17
      6069.00   6.9715158e-17
      6070.00   6.9726120e-17
      6071.00   6.9737083e-17
      6072.00   6.9748046e-17
      6073.00   6.9759011e-17
      6074.00   6.9769976e-17
      6075.00   6.9780941e-17
      6076.00   6.9791907e-17
      6077.00   6.9802874e-17
      6078.00   6.9813842e-17
      6079.00   6.9824811e-17
      6080.00   6.9835780e-17
      6081.00   6.9846749e-17
      6082.00   6.9857720e-17
      6083.00   6.9868691e-17
      6084.00   6.9879663e-17
      6085.00   6.9890635e-17
      6086.00   6.9901609e-17
      6087.00   6.9912583e-17
      6088.00   6.9923557e-17
      6089.00   6.9934532e-17
      6090.00   6.9945508e-17
      6091.00   6.9956485e-17
      6092.00   6.9967462e-17
      6093.00   6.9978441e-17
      6094.00   6.9989419e-17
      6095.00   7.0000399e-17
      6096.00   7.0011379e-17
      6097.00   7.0022360e-17
      6098.00   7.0033341e-17
      6099.00   7.0044323e-17
      6100.00   7.0055306e-17
      6101.00   7.0066290e-17
      6102.00   7.0077274e-17
      6103.00   7.0088259e-17
      6104.00   7.0099244e-17
      6105.00   7.0110231e-17
      6106.00   7.0121218e-17
      6107.00   7.0132205e-17
      6108.00   7.0143194e-17
      6109.00   7.0154183e-17
      6110.00   7.0165173e-17
      6111.00   7.0176163e-17
      6112.00   7.0187154e-17
      6113.00   7.0198146e-17
      6114.00   7.0209138e-17
      6115.00   7.0220132e-17
      6116.00   7.0231125e-17
      6117.00   7.0242120e-17
      6118.00   7.0253115e-17
      6119.00   7.0264111e-17
      6120.00   7.0275108e-17
      6121.00   7.0286105e-17
      6122.00   7.0297103e-17
      6123.00   7.0308102e-17
      6124.00   7.0319101e-17
      6125.00   7.0330101e-17
      6126.00   7.0341102e-17
      6127.00   7.0352103e-17
      6128.00   7.0363105e-17
      6129.00   7.0374108e-17
      6130.00   7.0385111e-17
      6131.00   7.0396115e-17
      6132.00   7.0407120e-17
      6133.00   7.0418126e-17
      6134.00   7.0429132e-17
      6135.00   7.0440139e-17
      6136.00   7.0451146e-17
      6137.00   7.0462154e-17
      6138.00   7.0473163e-17
      6139.00   7.0484173e-17
      6140.00   7.0495183e-17
      6141.00   7.0506194e-17
      6142.00   7.0517206e-17
      6143.00   7.0528218e-17
      6144.00   7.0539231e-17
      6145.00   7.0550245e-17
      6146.00   7.0561259e-17
      6147.00   7.0572274e-17
      6148.00   7.0583290e-17
      6149.00   7.0594306e-17
      6150.00   7.0605323e-17
      6151.00   7.0616341e-17
      6152.00   7.0627359e-17
      6153.00   7.0638378e-17
      6154.00   7.0649398e-17
      6155.00   7.0660419e-17
      6156.00   7.0671440e-17
      6157.00   7.0682462e-17
      6158.00   7.0693484e-17
      6159.00   7.0704507e-17
      6160.00   7.0715531e-17
      6161.00   7.0726556e-17
      6162.00   7.0737581e-17
      6163.00   7.0748607e-17
      6164.00   7.0759633e-17
      6165.00   7.0770661e-17
      6166.00   7.0781689e-17
      6167.00   7.0792717e-17
      6168.00   7.0803747e-17
      6169.00   7.0814776e-17
      6170.00   7.0825807e-17
      6171.00   7.0836838e-17
      6172.00   7.0847870e-17
      6173.00   7.0858903e-17
      6174.00   7.0869936e-17
      6175.00   7.0880970e-17
      6176.00   7.0892005e-17
      6177.00   7.0903041e-17
      6178.00   7.0914077e-17
      6179.00   7.0925113e-17
      6180.00   7.0936151e-17
      6181.00   7.0947189e-17
      6182.00   7.0958228e-17
      6183.00   7.0969267e-17
      6184.00   7.0980307e-17
      6185.00   7.0991348e-17
      6186.00   7.1002389e-17
      6187.00   7.1013431e-17
      6188.00   7.1024474e-17
      6189.00   7.1035518e-17
      6190.00   7.1046562e-17
      6191.00   7.1057607e-17
      6192.00   7.1068652e-17
      6193.00   7.1079698e-17
      6194.00   7.1090745e-17
      6195.00   7.1101793e-17
      6196.00   7.1112841e-17
      6197.00   7.1123890e-17
      6198.00   7.1134939e-17
      6199.00   7.1145990e-17
      6200.00   7.1157040e-17
      6201.00   7.1168092e-17
      6202.00   7.1179144e-17
      6203.00   7.1190197e-17
      6204.00   7.1201251e-17
      6205.00   7.1212305e-17
      6206.00   7.1223360e-17
      6207.00   7.1234416e-17
      6208.00   7.1245472e-17
      6209.00   7.1256529e-17
      6210.00   7.1267586e-17
      6211.00   7.1278645e-17
      6212.00   7.1289704e-17
      6213.00   7.1300763e-17
      6214.00   7.1311823e-17
      6215.00   7.1322884e-17
      6216.00   7.1333946e-17
      6217.00   7.1345008e-17
      6218.00   7.1356071e-17
      6219.00   7.1367135e-17
      6220.00   7.1378199e-17
      6221.00   7.1389264e-17
      6222.00   7.1400330e-17
      6223.00   7.1411396e-17
      6224.00   7.1422463e-17
      6225.00   7.1433531e-17
      6226.00   7.1444599e-17
      6227.00   7.1455668e-17
      6228.00   7.1466738e-17
      6229.00   7.1477808e-17
      6230.00   7.1488879e-17
      6231.00   7.1499951e-17
      6232.00   7.1511023e-17
      6233.00   7.1522096e-17
      6234.00   7.1533170e-17
      6235.00   7.1544244e-17
      6236.00   7.1555319e-17
      6237.00   7.1566395e-17
      6238.00   7.1577471e-17
      6239.00   7.1588548e-17
      6240.00   7.1599626e-17
      6241.00   7.1610704e-17
      6242.00   7.1621783e-17
      6243.00   7.1632863e-17
      6244.00   7.1643943e-17
      6245.00   7.1655024e-17
      6246.00   7.1666106e-17
      6247.00   7.1677188e-17
      6248.00   7.1688271e-17
      6249.00   7.1699355e-17
      6250.00   7.1710439e-17
      6251.00   7.1721524e-17
      6252.00   7.1732610e-17
      6253.00   7.1743696e-17
      6254.00   7.1754783e-17
      6255.00   7.1765871e-17
      6256.00   7.1776959e-17
      6257.00   7.1788048e-17
      6258.00   7.1799137e-17
      6259.00   7.1810228e-17
      6260.00   7.1821319e-17
      6261.00   7.1832410e-17
      6262.00   7.1843503e-17
      6263.00   7.1854596e-17
      6264.00   7.1865689e-17
      6265.00   7.1876783e-17
      6266.00   7.1887878e-17
      6267.00   7.1898974e-17
      6268.00   7.1910070e-17
      6269.00   7.1921167e-17
      6270.00   7.1932265e-17
      6271.00   7.1943363e-17
      6272.00   7.1954462e-17
      6273.00   7.1965562e-17
      6274.00   7.1976662e-17
      6275.00   7.1987763e-17
      6276.00   7.1998864e-17
      6277.00   7.2009966e-17
      6278.00   7.2021069e-17
      6279.00   7.2032173e-17
      6280.00   7.2043277e-17
      6281.00   7.2054382e-17
      6282.00   7.2065487e-17
      6283.00   7.2076594e-17
      6284.00   7.2087700e-17
      6285.00   7.2098808e-17
      6286.00   7.2109916e-17
      6287.00   7.2121025e-17
      6288.00   7.2132134e-17
      6289.00   7.2143244e-17
      6290.00   7.2154355e-17
      6291.00   7.2165467e-17
      6292.00   7.2176579e-17
      6293.00   7.2187692e-17
      6294.00   7.2198805e-17
      6295.00   7.2209919e-17
      6296.00   7.2221034e-17
      6297.00   7.2232149e-17
      6298.00   7.2243265e-17
      6299.00   7.2254382e-17
      6300.00   7.2265499e-17
      6301.00   7.2276617e-17
      6302.00   7.2287736e-17
      6303.00   7.2298855e-17
      6304.00   7.2309975e-17
      6305.00   7.2321096e-17
      6306.00   7.2332217e-17
      6307.00   7.2343339e-17
      6308.00   7.2354462e-17
      6309.00   7.2365585e-17
      6310.00   7.2376709e-17
      6311.00   7.2387834e-17
      6312.00   7.2398959e-17
      6313.00   7.2410085e-17
      6314.00   7.2421211e-17
      6315.00   7.2432339e-17
      6316.00   7.2443466e-17
      6317.00   7.2454595e-17
      6318.00   7.2465724e-17
      6319.00   7.2476854e-17
      6320.00   7.2487984e-17
      6321.00   7.2499116e-17
      6322.00   7.2510247e-17
      6323.00   7.2521380e-17
      6324.00   7.2532513e-17
      6325.00   7.2543647e-17
      6326.00   7.2554781e-17
      6327.00   7.2565916e-17
      6328.00   7.2577052e-17
      6329.00   7.2588188e-17
      6330.00   7.2599325e-17
      6331.00   7.2610463e-17
      6332.00   7.2621601e-17
      6333.00   7.2632740e-17
      6334.00   7.2643880e-17
      6335.00   7.2655020e-17
      6336.00   7.2666161e-17
      6337.00   7.2677303e-17
      6338.00   7.2688445e-17
      6339.00   7.2699588e-17
      6340.00   7.2710731e-17
      6341.00   7.2721875e-17
      6342.00   7.2733020e-17
      6343.00   7.2744166e-17
      6344.00   7.2755312e-17
      6345.00   7.2766459e-17
      6346.00   7.2777606e-17
      6347.00   7.2788754e-17
      6348.00   7.2799903e-17
      6349.00   7.2811052e-17
      6350.00   7.2822202e-17
      6351.00   7.2833353e-17
      6352.00   7.2844504e-17
      6353.00   7.2855656e-17
      6354.00   7.2866809e-17
      6355.00   7.2877962e-17
      6356.00   7.2889116e-17
      6357.00   7.2900271e-17
      6358.00   7.2911426e-17
      6359.00   7.2922582e-17
      6360.00   7.2933738e-17
      6361.00   7.2944895e-17
      6362.00   7.2956053e-17
      6363.00   7.2967212e-17
      6364.00   7.2978371e-17
      6365.00   7.2989530e-17
      6366.00   7.3000691e-17
      6367.00   7.3011852e-17
      6368.00   7.3023013e-17
      6369.00   7.3034176e-17
      6370.00   7.3045339e-17
      6371.00   7.3056502e-17
      6372.00   7.3067667e-17
      6373.00   7.3078832e-17
      6374.00   7.3089997e-17
      6375.00   7.3101163e-17
      6376.00   7.3112330e-17
      6377.00   7.3123498e-17
      6378.00   7.3134666e-17
      6379.00   7.3145835e-17
      6380.00   7.3157004e-17
      6381.00   7.3168174e-17
      6382.00   7.3179345e-17
      6383.00   7.3190516e-17
      6384.00   7.3201688e-17
      6385.00   7.3212861e-17
      6386.00   7.3224034e-17
      6387.00   7.3235208e-17
      6388.00   7.3246383e-17
      6389.00   7.3257558e-17
      6390.00   7.3268734e-17
      6391.00   7.3279910e-17
      6392.00   7.3291087e-17
      6393.00   7.3302265e-17
      6394.00   7.3313444e-17
      6395.00   7.3324623e-17
      6396.00   7.3335803e-17
      6397.00   7.3346983e-17
      6398.00   7.3358164e-17
      6399.00   7.3369346e-17
      6400.00   7.3380528e-17
      6401.00   7.3391711e-17
      6402.00   7.3402894e-17
      6403.00   7.3414079e-17
      6404.00   7.3425263e-17
      6405.00   7.3436449e-17
      6406.00   7.3447635e-17
      6407.00   7.3458822e-17
      6408.00   7.3470009e-17
      6409.00   7.3481197e-17
      6410.00   7.3492386e-17
      6411.00   7.3503575e-17
      6412.00   7.3514765e-17
      6413.00   7.3525956e-17
      6414.00   7.3537147e-17
      6415.00   7.3548339e-17
      6416.00   7.3559532e-17
      6417.00   7.3570725e-17
      6418.00   7.3581919e-17
      6419.00   7.3593113e-17
      6420.00   7.3604308e-17
      6421.00   7.3615504e-17
      6422.00   7.3626700e-17
      6423.00   7.3637897e-17
      6424.00   7.3649095e-17
      6425.00   7.3660293e-17
      6426.00   7.3671492e-17
      6427.00   7.3682692e-17
      6428.00   7.3693892e-17
      6429.00   7.3705093e-17
      6430.00   7.3716294e-17
      6431.00   7.3727496e-17
      6432.00   7.3738699e-17
      6433.00   7.3749902e-17
      6434.00   7.3761106e-17
      6435.00   7.3772311e-17
      6436.00   7.3783516e-17
      6437.00   7.3794722e-17
      6438.00   7.3805929e-17
      6439.00   7.3817136e-17
      6440.00   7.3828344e-17
      6441.00   7.3839552e-17
      6442.00   7.3850761e-17
      6443.00   7.3861971e-17
      6444.00   7.3873181e-17
      6445.00   7.3884392e-17
      6446.00   7.3895604e-17
      6447.00   7.3906816e-17
      6448.00   7.3918029e-17
      6449.00   7.3929243e-17
      6450.00   7.3940457e-17
      6451.00   7.3951671e-17
      6452.00   7.3962887e-17
      6453.00   7.3974103e-17
      6454.00   7.3985320e-17
      6455.00   7.3996537e-17
      6456.00   7.4007755e-17
      6457.00   7.4018974e-17
      6458.00   7.4030193e-17
      6459.00   7.4041413e-17
      6460.00   7.4052633e-17
      6461.00   7.4063854e-17
      6462.00   7.4075076e-17
      6463.00   7.4086298e-17
      6464.00   7.4097521e-17
      6465.00   7.4108745e-17
      6466.00   7.4119969e-17
      6467.00   7.4131194e-17
      6468.00   7.4142420e-17
      6469.00   7.4153646e-17
      6470.00   7.4164873e-17
      6471.00   7.4176100e-17
      6472.00   7.4187328e-17
      6473.00   7.4198557e-17
      6474.00   7.4209786e-17
      6475.00   7.4221016e-17
      6476.00   7.4232247e-17
      6477.00   7.4243478e-17
      6478.00   7.4254710e-17
      6479.00   7.4265942e-17
      6480.00   7.4277175e-17
      6481.00   7.4288409e-17
      6482.00   7.4299643e-17
      6483.00   7.4310878e-17
      6484.00   7.4322114e-17
      6485.00   7.4333350e-17
      6486.00   7.4344587e-17
      6487.00   7.4355825e-17
      6488.00   7.4367063e-17
      6489.00   7.4378301e-17
      6490.00   7.4389541e-17
      6491.00   7.4400781e-17
      6492.00   7.4412021e-17
      6493.00   7.4423263e-17
      6494.00   7.4434504e-17
      6495.00   7.4445747e-17
      6496.00   7.4456990e-17
      6497.00   7.4468234e-17
      6498.00   7.4479478e-17
      6499.00   7.4490723e-17
      6500.00   7.4501969e-17
      6501.00   7.4513215e-17
      6502.00   7.4524462e-17
      6503.00   7.4535710e-17
      6504.00   7.4546958e-17
      6505.00   7.4558206e-17
      6506.00   7.4569456e-17
      6507.00   7.4580706e-17
      6508.00   7.4591956e-17
      6509.00   7.4603208e-17
      6510.00   7.4614460e-17
      6511.00   7.4625712e-17
      6512.00   7.4636965e-17
      6513.00   7.4648219e-17
      6514.00   7.4659473e-17
      6515.00   7.4670728e-17
      6516.00   7.4681984e-17
      6517.00   7.4693240e-17
      6518.00   7.4704497e-17
      6519.00   7.4715755e-17
      6520.00   7.4727013e-17
      6521.00   7.4738271e-17
      6522.00   7.4749531e-17
      6523.00   7.4760791e-17
      6524.00   7.4772051e-17
      6525.00   7.4783313e-17
      6526.00   7.4794574e-17
      6527.00   7.4805837e-17
      6528.00   7.4817100e-17
      6529.00   7.4828364e-17
      6530.00   7.4839628e-17
      6531.00   7.4850893e-17
      6532.00   7.4862158e-17
      6533.00   7.4873425e-17
      6534.00   7.4884691e-17
      6535.00   7.4895959e-17
      6536.00   7.4907227e-17
      6537.00   7.4918496e-17
      6538.00   7.4929765e-17
      6539.00   7.4941035e-17
      6540.00   7.4952305e-17
      6541.00   7.4963576e-17
      6542.00   7.4974848e-17
      6543.00   7.4986121e-17
      6544.00   7.4997394e-17
      6545.00   7.5008667e-17
      6546.00   7.5019941e-17
      6547.00   7.5031216e-17
      6548.00   7.5042492e-17
      6549.00   7.5053768e-17
      6550.00   7.5065045e-17
      6551.00   7.5076322e-17
      6552.00   7.5087600e-17
      6553.00   7.5098878e-17
      6554.00   7.5110158e-17
      6555.00   7.5121437e-17
      6556.00   7.5132718e-17
      6557.00   7.5143999e-17
      6558.00   7.5155280e-17
      6559.00   7.5166563e-17
      6560.00   7.5177846e-17
      6561.00   7.5189129e-17
      6562.00   7.5200413e-17
      6563.00   7.5211698e-17
      6564.00   7.5222983e-17
      6565.00   7.5234269e-17
      6566.00   7.5245556e-17
      6567.00   7.5256843e-17
      6568.00   7.5268131e-17
      6569.00   7.5279419e-17
      6570.00   7.5290708e-17
      6571.00   7.5301998e-17
      6572.00   7.5313288e-17
      6573.00   7.5324579e-17
      6574.00   7.5335870e-17
      6575.00   7.5347163e-17
      6576.00   7.5358455e-17
      6577.00   7.5369749e-17
      6578.00   7.5381043e-17
      6579.00   7.5392337e-17
      6580.00   7.5403632e-17
      6581.00   7.5414928e-17
      6582.00   7.5426224e-17
      6583.00   7.5437521e-17
      6584.00   7.5448819e-17
      6585.00   7.5460117e-17
      6586.00   7.5471416e-17
      6587.00   7.5482716e-17
      6588.00   7.5494016e-17
      6589.00   7.5505316e-17
      6590.00   7.5516618e-17
      6591.00   7.5527919e-17
      6592.00   7.5539222e-17
      6593.00   7.5550525e-17
      6594.00   7.5561829e-17
      6595.00   7.5573133e-17
      6596.00   7.5584438e-17
      6597.00   7.5595744e-17
      6598.00   7.5607050e-17
      6599.00   7.5618356e-17
      6600.00   7.5629664e-17
      6601.00   7.5640972e-17
      6602.00   7.5652280e-17
      6603.00   7.5663590e-17
      6604.00   7.5674900e-17
      6605.00   7.5686210e-17
      6606.00   7.5697521e-17
      6607.00   7.5708833e-17
      6608.00   7.5720145e-17
      6609.00   7.5731458e-17
      6610.00   7.5742771e-17
      6611.00   7.5754085e-17
      6612.00   7.5765400e-17
      6613.00   7.5776715e-17
      6614.00   7.5788031e-17
      6615.00   7.5799348e-17
      6616.00   7.5810665e-17
      6617.00   7.5821982e-17
      6618.00   7.5833301e-17
      6619.00   7.5844620e-17
      6620.00   7.5855939e-17
      6621.00   7.5867259e-17
      6622.00   7.5878580e-17
      6623.00   7.5889902e-17
      6624.00   7.5901224e-17
      6625.00   7.5912546e-17
      6626.00   7.5923869e-17
      6627.00   7.5935193e-17
      6628.00   7.5946517e-17
      6629.00   7.5957842e-17
      6630.00   7.5969168e-17
      6631.00   7.5980494e-17
      6632.00   7.5991821e-17
      6633.00   7.6003148e-17
      6634.00   7.6014476e-17
      6635.00   7.6025805e-17
      6636.00   7.6037134e-17
      6637.00   7.6048464e-17
      6638.00   7.6059795e-17
      6639.00   7.6071126e-17
      6640.00   7.6082457e-17
      6641.00   7.6093789e-17
      6642.00   7.6105122e-17
      6643.00   7.6116456e-17
      6644.00   7.6127790e-17
      6645.00   7.6139124e-17
      6646.00   7.6150460e-17
      6647.00   7.6161795e-17
      6648.00   7.6173132e-17
      6649.00   7.6184469e-17
      6650.00   7.6195807e-17
      6651.00   7.6207145e-17
      6652.00   7.6218484e-17
      6653.00   7.6229823e-17
      6654.00   7.6241163e-17
      6655.00   7.6252504e-17
      6656.00   7.6263845e-17
      6657.00   7.6275187e-17
      6658.00   7.6286530e-17
      6659.00   7.6297873e-17
      6660.00   7.6309216e-17
      6661.00   7.6320561e-17
      6662.00   7.6331905e-17
      6663.00   7.6343251e-17
      6664.00   7.6354597e-17
      6665.00   7.6365944e-17
      6666.00   7.6377291e-17
      6667.00   7.6388639e-17
      6668.00   7.6399987e-17
      6669.00   7.6411336e-17
      6670.00   7.6422686e-17
      6671.00   7.6434036e-17
      6672.00   7.6445387e-17
      6673.00   7.6456738e-17
      6674.00   7.6468090e-17
      6675.00   7.6479443e-17
      6676.00   7.6490796e-17
      6677.00   7.6502150e-17
      6678.00   7.6513505e-17
      6679.00   7.6524860e-17
      6680.00   7.6536215e-17
      6681.00   7.6547571e-17
      6682.00   7.6558928e-17
      6683.00   7.6570286e-17
      6684.00   7.6581644e-17
      6685.00   7.6593002e-17
      6686.00   7.6604362e-17
      6687.00   7.6615721e-17
      6688.00   7.6627082e-17
      6689.00   7.6638443e-17
      6690.00   7.6649804e-17
      6691.00   7.6661166e-17
      6692.00   7.6672529e-17
      6693.00   7.6683893e-17
      6694.00   7.6695257e-17
      6695.00   7.6706621e-17
      6696.00   7.6717986e-17
      6697.00   7.6729352e-17
      6698.00   7.6740718e-17
      6699.00   7.6752085e-17
      6700.00   7.6763453e-17
      6701.00   7.6774821e-17
      6702.00   7.6786190e-17
      6703.00   7.6797559e-17
      6704.00   7.6808929e-17
      6705.00   7.6820299e-17
      6706.00   7.6831670e-17
      6707.00   7.6843042e-17
      6708.00   7.6854414e-17
      6709.00   7.6865787e-17
      6710.00   7.6877161e-17
      6711.00   7.6888535e-17
      6712.00   7.6899909e-17
      6713.00   7.6911285e-17
      6714.00   7.6922660e-17
      6715.00   7.6934037e-17
      6716.00   7.6945414e-17
      6717.00   7.6956791e-17
      6718.00   7.6968170e-17
      6719.00   7.6979548e-17
      6720.00   7.6990928e-17
      6721.00   7.7002308e-17
      6722.00   7.7013688e-17
      6723.00   7.7025069e-17
      6724.00   7.7036451e-17
      6725.00   7.7047833e-17
      6726.00   7.7059216e-17
      6727.00   7.7070600e-17
      6728.00   7.7081984e-17
      6729.00   7.7093369e-17
      6730.00   7.7104754e-17
      6731.00   7.7116140e-17
      6732.00   7.7127526e-17
      6733.00   7.7138913e-17
      6734.00   7.7150301e-17
      6735.00   7.7161689e-17
      6736.00   7.7173078e-17
      6737.00   7.7184467e-17
      6738.00   7.7195857e-17
      6739.00   7.7207248e-17
      6740.00   7.7218639e-17
      6741.00   7.7230030e-17
      6742.00   7.7241423e-17
      6743.00   7.7252816e-17
      6744.00   7.7264209e-17
      6745.00   7.7275603e-17
      6746.00   7.7286998e-17
      6747.00   7.7298393e-17
      6748.00   7.7309789e-17
      6749.00   7.7321185e-17
      6750.00   7.7332582e-17
      6751.00   7.7343980e-17
      6752.00   7.7355378e-17
      6753.00   7.7366777e-17
      6754.00   7.7378176e-17
      6755.00   7.7389576e-17
      6756.00   7.7400977e-17
      6757.00   7.7412378e-17
      6758.00   7.7423779e-17
      6759.00   7.7435182e-17
      6760.00   7.7446584e-17
      6761.00   7.7457988e-17
      6762.00   7.7469392e-17
      6763.00   7.7480796e-17
      6764.00   7.7492202e-17
      6765.00   7.7503607e-17
      6766.00   7.7515014e-17
      6767.00   7.7526421e-17
      6768.00   7.7537828e-17
      6769.00   7.7549236e-17
      6770.00   7.7560645e-17
      6771.00   7.7572054e-17
      6772.00   7.7583464e-17
      6773.00   7.7594874e-17
      6774.00   7.7606285e-17
      6775.00   7.7617697e-17
      6776.00   7.7629109e-17
      6777.00   7.7640522e-17
      6778.00   7.7651935e-17
      6779.00   7.7663349e-17
      6780.00   7.7674764e-17
      6781.00   7.7686179e-17
      6782.00   7.7697594e-17
      6783.00   7.7709010e-17
      6784.00   7.7720427e-17
      6785.00   7.7731845e-17
      6786.00   7.7743263e-17
      6787.00   7.7754681e-17
      6788.00   7.7766100e-17
      6789.00   7.7777520e-17
      6790.00   7.7788940e-17
      6791.00   7.7800361e-17
      6792.00   7.7811783e-17
      6793.00   7.7823205e-17
      6794.00   7.7834627e-17
      6795.00   7.7846050e-17
      6796.00   7.7857474e-17
      6797.00   7.7868898e-17
      6798.00   7.7880323e-17
      6799.00   7.7891749e-17
      6800.00   7.7903175e-17
      6801.00   7.7914601e-17
      6802.00   7.7926029e-17
      6803.00   7.7937456e-17
      6804.00   7.7948885e-17
      6805.00   7.7960314e-17
      6806.00   7.7971743e-17
      6807.00   7.7983173e-17
      6808.00   7.7994604e-17
      6809.00   7.8006035e-17
      6810.00   7.8017467e-17
      6811.00   7.8028900e-17
      6812.00   7.8040333e-17
      6813.00   7.8051766e-17
      6814.00   7.8063200e-17
      6815.00   7.8074635e-17
      6816.00   7.8086070e-17
      6817.00   7.8097506e-17
      6818.00   7.8108942e-17
      6819.00   7.8120379e-17
      6820.00   7.8131817e-17
      6821.00   7.8143255e-17
      6822.00   7.8154694e-17
      6823.00   7.8166133e-17
      6824.00   7.8177573e-17
      6825.00   7.8189013e-17
      6826.00   7.8200454e-17
      6827.00   7.8211896e-17
      6828.00   7.8223338e-17
      6829.00   7.8234781e-17
      6830.00   7.8246224e-17
      6831.00   7.8257668e-17
      6832.00   7.8269113e-17
      6833.00   7.8280558e-17
      6834.00   7.8292003e-17
      6835.00   7.8303449e-17
      6836.00   7.8314896e-17
      6837.00   7.8326343e-17
      6838.00   7.8337791e-17
      6839.00   7.8349240e-17
      6840.00   7.8360689e-17
      6841.00   7.8372138e-17
      6842.00   7.8383588e-17
      6843.00   7.8395039e-17
      6844.00   7.8406491e-17
      6845.00   7.8417942e-17
      6846.00   7.8429395e-17
      6847.00   7.8440848e-17
      6848.00   7.8452301e-17
      6849.00   7.8463756e-17
      6850.00   7.8475210e-17
      6851.00   7.8486666e-17
      6852.00   7.8498121e-17
      6853.00   7.8509578e-17
      6854.00   7.8521035e-17
      6855.00   7.8532492e-17
      6856.00   7.8543951e-17
      6857.00   7.8555409e-17
      6858.00   7.8566869e-17
      6859.00   7.8578328e-17
      6860.00   7.8589789e-17
      6861.00   7.8601250e-17
      6862.00   7.8612711e-17
      6863.00   7.8624173e-17
      6864.00   7.8635636e-17
      6865.00   7.8647099e-17
      6866.00   7.8658563e-17
      6867.00   7.8670027e-17
      6868.00   7.8681492e-17
      6869.00   7.8692958e-17
      6870.00   7.8704424e-17
      6871.00   7.8715891e-17
      6872.00   7.8727358e-17
      6873.00   7.8738826e-17
      6874.00   7.8750294e-17
      6875.00   7.8761763e-17
      6876.00   7.8773232e-17
      6877.00   7.8784702e-17
      6878.00   7.8796173e-17
      6879.00   7.8807644e-17
      6880.00   7.8819116e-17
      6881.00   7.8830588e-17
      6882.00   7.8842061e-17
      6883.00   7.8853534e-17
      6884.00   7.8865008e-17
      6885.00   7.8876483e-17
      6886.00   7.8887958e-17
      6887.00   7.8899434e-17
      6888.00   7.8910910e-17
      6889.00   7.8922387e-17
      6890.00   7.8933864e-17
      6891.00   7.8945342e-17
      6892.00   7.8956820e-17
      6893.00   7.8968299e-17
      6894.00   7.8979779e-17
      6895.00   7.8991259e-17
      6896.00   7.9002740e-17
      6897.00   7.9014221e-17
      6898.00   7.9025703e-17
      6899.00   7.9037185e-17
      6900.00   7.9048668e-17
      6901.00   7.9060152e-17
      6902.00   7.9071636e-17
      6903.00   7.9083121e-17
      6904.00   7.9094606e-17
      6905.00   7.9106092e-17
      6906.00   7.9117578e-17
      6907.00   7.9129065e-17
      6908.00   7.9140552e-17
      6909.00   7.9152040e-17
      6910.00   7.9163529e-17
      6911.00   7.9175018e-17
      6912.00   7.9186508e-17
      6913.00   7.9197998e-17
      6914.00   7.9209489e-17
      6915.00   7.9220980e-17
      6916.00   7.9232472e-17
      6917.00   7.9243965e-17
      6918.00   7.9255458e-17
      6919.00   7.9266951e-17
      6920.00   7.9278446e-17
      6921.00   7.9289940e-17
      6922.00   7.9301436e-17
      6923.00   7.9312931e-17
      6924.00   7.9324428e-17
      6925.00   7.9335925e-17
      6926.00   7.9347422e-17
      6927.00   7.9358920e-17
      6928.00   7.9370419e-17
      6929.00   7.9381918e-17
      6930.00   7.9393418e-17
      6931.00   7.9404918e-17
      6932.00   7.9416419e-17
      6933.00   7.9427920e-17
      6934.00   7.9439422e-17
      6935.00   7.9450925e-17
      6936.00   7.9462428e-17
      6937.00   7.9473932e-17
      6938.00   7.9485436e-17
      6939.00   7.9496940e-17
      6940.00   7.9508446e-17
      6941.00   7.9519952e-17
      6942.00   7.9531458e-17
      6943.00   7.9542965e-17
      6944.00   7.9554472e-17
      6945.00   7.9565980e-17
      6946.00   7.9577489e-17
      6947.00   7.9588998e-17
      6948.00   7.9600508e-17
      6949.00   7.9612018e-17
      6950.00   7.9623529e-17
      6951.00   7.9635040e-17
      6952.00   7.9646552e-17
      6953.00   7.9658065e-17
      6954.00   7.9669578e-17
      6955.00   7.9681092e-17
      6956.00   7.9692606e-17
      6957.00   7.9704120e-17
      6958.00   7.9715636e-17
      6959.00   7.9727151e-17
      6960.00   7.9738668e-17
      6961.00   7.9750185e-17
      6962.00   7.9761702e-17
      6963.00   7.9773220e-17
      6964.00   7.9784739e-17
      6965.00   7.9796258e-17
      6966.00   7.9807777e-17
      6967.00   7.9819298e-17
      6968.00   7.9830818e-17
      6969.00   7.9842340e-17
      6970.00   7.9853862e-17
      6971.00   7.9865384e-17
      6972.00   7.9876907e-17
      6973.00   7.9888430e-17
      6974.00   7.9899954e-17
      6975.00   7.9911479e-17
      6976.00   7.9923004e-17
      6977.00   7.9934530e-17
      6978.00   7.9946056e-17
      6979.00   7.9957583e-17
      6980.00   7.9969110e-17
      6981.00   7.9980638e-17
      6982.00   7.9992167e-17
      6983.00   8.0003696e-17
      6984.00   8.0015225e-17
      6985.00   8.0026755e-17
      6986.00   8.0038286e-17
      6987.00   8.0049817e-17
      6988.00   8.0061349e-17
      6989.00   8.0072881e-17
      6990.00   8.0084414e-17
      6991.00   8.0095947e-17
      6992.00   8.0107481e-17
      6993.00   8.0119016e-17
      6994.00   8.0130551e-17
      6995.00   8.0142086e-17
      6996.00   8.0153622e-17
      6997.00   8.0165159e-17
      6998.00   8.0176696e-17
      6999.00   8.0188234e-17
      7000.00   8.0199772e-17
      7001.00   8.0211311e-17
      7002.00   8.0222850e-17
      7003.00   8.0234390e-17
      7004.00   8.0245931e-17
      7005.00   8.0257472e-17
      7006.00   8.0269013e-17
      7007.00   8.0280555e-17
      7008.00   8.0292098e-17
      7009.00   8.0303641e-17
      7010.00   8.0315185e-17
      7011.00   8.0326729e-17
      7012.00   8.0338274e-17
      7013.00   8.0349819e-17
      7014.00   8.0361365e-17
      7015.00   8.0372911e-17
      7016.00   8.0384458e-17
      7017.00   8.0396006e-17
      7018.00   8.0407554e-17
      7019.00   8.0419103e-17
      7020.00   8.0430652e-17
      7021.00   8.0442201e-17
      7022.00   8.0453752e-17
      7023.00   8.0465302e-17
      7024.00   8.0476854e-17
      7025.00   8.0488405e-17
      7026.00   8.0499958e-17
      7027.00   8.0511511e-17
      7028.00   8.0523064e-17
      7029.00   8.0534618e-17
      7030.00   8.0546173e-17
      7031.00   8.0557728e-17
      7032.00   8.0569284e-17
      7033.00   8.0580840e-17
      7034.00   8.0592396e-17
      7035.00   8.0603954e-17
      7036.00   8.0615511e-17
      7037.00   8.0627070e-17
      7038.00   8.0638629e-17
      7039.00   8.0650188e-17
      7040.00   8.0661748e-17
      7041.00   8.0673308e-17
      7042.00   8.0684869e-17
      7043.00   8.0696431e-17
      7044.00   8.0707993e-17
      7045.00   8.0719556e-17
      7046.00   8.0731119e-17
      7047.00   8.0742683e-17
      7048.00   8.0754247e-17
      7049.00   8.0765812e-17
      7050.00   8.0777377e-17
      7051.00   8.0788943e-17
      7052.00   8.0800509e-17
      7053.00   8.0812076e-17
      7054.00   8.0823644e-17
      7055.00   8.0835212e-17
      7056.00   8.0846780e-17
      7057.00   8.0858349e-17
      7058.00   8.0869919e-17
      7059.00   8.0881489e-17
      7060.00   8.0893060e-17
      7061.00   8.0904631e-17
      7062.00   8.0916203e-17
      7063.00   8.0927775e-17
      7064.00   8.0939348e-17
      7065.00   8.0950921e-17
      7066.00   8.0962495e-17
      7067.00   8.0974069e-17
      7068.00   8.0985644e-17
      7069.00   8.0997220e-17
      7070.00   8.1008796e-17
      7071.00   8.1020372e-17
      7072.00   8.1031949e-17
      7073.00   8.1043527e-17
      7074.00   8.1055105e-17
      7075.00   8.1066684e-17
      7076.00   8.1078263e-17
      7077.00   8.1089843e-17
      7078.00   8.1101423e-17
      7079.00   8.1113004e-17
      7080.00   8.1124585e-17
      7081.00   8.1136167e-17
      7082.00   8.1147750e-17
      7083.00   8.1159333e-17
      7084.00   8.1170916e-17
      7085.00   8.1182500e-17
      7086.00   8.1194085e-17
      7087.00   8.1205670e-17
      7088.00   8.1217255e-17
      7089.00   8.1228841e-17
      7090.00   8.1240428e-17
      7091.00   8.1252015e-17
      7092.00   8.1263603e-17
      7093.00   8.1275191e-17
      7094.00   8.1286780e-17
      7095.00   8.1298369e-17
      7096.00   8.1309959e-17
      7097.00   8.1321550e-17
      7098.00   8.1333140e-17
      7099.00   8.1344732e-17
      7100.00   8.1356324e-17
      7101.00   8.1367916e-17
      7102.00   8.1379509e-17
      7103.00   8.1391103e-17
      7104.00   8.1402697e-17
      7105.00   8.1414292e-17
      7106.00   8.1425887e-17
      7107.00   8.1437482e-17
      7108.00   8.1449079e-17
      7109.00   8.1460675e-17
      7110.00   8.1472272e-17
      7111.00   8.1483870e-17
      7112.00   8.1495469e-17
      7113.00   8.1507067e-17
      7114.00   8.1518667e-17
      7115.00   8.1530267e-17
      7116.00   8.1541867e-17
      7117.00   8.1553468e-17
      7118.00   8.1565069e-17
      7119.00   8.1576671e-17
      7120.00   8.1588274e-17
      7121.00   8.1599877e-17
      7122.00   8.1611480e-17
      7123.00   8.1623084e-17
      7124.00   8.1634689e-17
      7125.00   8.1646294e-17
      7126.00   8.1657900e-17
      7127.00   8.1669506e-17
      7128.00   8.1681113e-17
      7129.00   8.1692720e-17
      7130.00   8.1704328e-17
      7131.00   8.1715936e-17
      7132.00   8.1727545e-17
      7133.00   8.1739154e-17
      7134.00   8.1750764e-17
      7135.00   8.1762374e-17
      7136.00   8.1773985e-17
      7137.00   8.1785597e-17
      7138.00   8.1797209e-17
      7139.00   8.1808821e-17
      7140.00   8.1820434e-17
      7141.00   8.1832047e-17
      7142.00   8.1843662e-17
      7143.00   8.1855276e-17
      7144.00   8.1866891e-17
      7145.00   8.1878507e-17
      7146.00   8.1890123e-17
      7147.00   8.1901739e-17
      7148.00   8.1913357e-17
      7149.00   8.1924974e-17
      7150.00   8.1936592e-17
      7151.00   8.1948211e-17
      7152.00   8.1959830e-17
      7153.00   8.1971450e-17
      7154.00   8.1983070e-17
      7155.00   8.1994691e-17
      7156.00   8.2006313e-17
      7157.00   8.2017934e-17
      7158.00   8.2029557e-17
      7159.00   8.2041180e-17
      7160.00   8.2052803e-17
      7161.00   8.2064427e-17
      7162.00   8.2076051e-17
      7163.00   8.2087676e-17
      7164.00   8.2099302e-17
      7165.00   8.2110928e-17
      7166.00   8.2122554e-17
      7167.00   8.2134181e-17
      7168.00   8.2145809e-17
      7169.00   8.2157437e-17
      7170.00   8.2169066e-17
      7171.00   8.2180695e-17
      7172.00   8.2192324e-17
      7173.00   8.2203954e-17
      7174.00   8.2215585e-17
      7175.00   8.2227216e-17
      7176.00   8.2238848e-17
      7177.00   8.2250480e-17
      7178.00   8.2262113e-17
      7179.00   8.2273746e-17
      7180.00   8.2285380e-17
      7181.00   8.2297014e-17
      7182.00   8.2308649e-17
      7183.00   8.2320284e-17
      7184.00   8.2331920e-17
      7185.00   8.2343556e-17
      7186.00   8.2355193e-17
      7187.00   8.2366830e-17
      7188.00   8.2378468e-17
      7189.00   8.2390107e-17
      7190.00   8.2401746e-17
      7191.00   8.2413385e-17
      7192.00   8.2425025e-17
      7193.00   8.2436665e-17
      7194.00   8.2448306e-17
      7195.00   8.2459948e-17
      7196.00   8.2471590e-17
      7197.00   8.2483232e-17
      7198.00   8.2494875e-17
      7199.00   8.2506519e-17
      7200.00   8.2518163e-17
      7201.00   8.2529807e-17
      7202.00   8.2541452e-17
      7203.00   8.2553098e-17
      7204.00   8.2564744e-17
      7205.00   8.2576391e-17
      7206.00   8.2588038e-17
      7207.00   8.2599685e-17
      7208.00   8.2611333e-17
      7209.00   8.2622982e-17
      7210.00   8.2634631e-17
      7211.00   8.2646281e-17
      7212.00   8.2657931e-17
      7213.00   8.2669582e-17
      7214.00   8.2681233e-17
      7215.00   8.2692885e-17
      7216.00   8.2704537e-17
      7217.00   8.2716190e-17
      7218.00   8.2727843e-17
      7219.00   8.2739497e-17
      7220.00   8.2751151e-17
      7221.00   8.2762806e-17
      7222.00   8.2774461e-17
      7223.00   8.2786117e-17
      7224.00   8.2797773e-17
      7225.00   8.2809430e-17
      7226.00   8.2821087e-17
      7227.00   8.2832745e-17
      7228.00   8.2844403e-17
      7229.00   8.2856062e-17
      7230.00   8.2867721e-17
      7231.00   8.2879381e-17
      7232.00   8.2891042e-17
      7233.00   8.2902702e-17
      7234.00   8.2914364e-17
      7235.00   8.2926026e-17
      7236.00   8.2937688e-17
      7237.00   8.2949351e-17
      7238.00   8.2961014e-17
      7239.00   8.2972678e-17
      7240.00   8.2984343e-17
      7241.00   8.2996008e-17
      7242.00   8.3007673e-17
      7243.00   8.3019339e-17
      7244.00   8.3031005e-17
      7245.00   8.3042672e-17
      7246.00   8.3054340e-17
      7247.00   8.3066008e-17
      7248.00   8.3077676e-17
      7249.00   8.3089345e-17
      7250.00   8.3101015e-17
      7251.00   8.3112685e-17
      7252.00   8.3124355e-17
      7253.00   8.3136026e-17
      7254.00   8.3147698e-17
      7255.00   8.3159370e-17
      7256.00   8.3171042e-17
      7257.00   8.3182715e-17
      7258.00   8.3194389e-17
      7259.00   8.3206063e-17
      7260.00   8.3217737e-17
      7261.00   8.3229412e-17
      7262.00   8.3241088e-17
      7263.00   8.3252764e-17
      7264.00   8.3264440e-17
      7265.00   8.3276117e-17
      7266.00   8.3287795e-17
      7267.00   8.3299473e-17
      7268.00   8.3311151e-17
      7269.00   8.3322830e-17
      7270.00   8.3334510e-17
      7271.00   8.3346190e-17
      7272.00   8.3357870e-17
      7273.00   8.3369551e-17
      7274.00   8.3381233e-17
      7275.00   8.3392915e-17
      7276.00   8.3404597e-17
      7277.00   8.3416280e-17
      7278.00   8.3427964e-17
      7279.00   8.3439648e-17
      7280.00   8.3451333e-17
      7281.00   8.3463018e-17
      7282.00   8.3474703e-17
      7283.00   8.3486389e-17
      7284.00   8.3498076e-17
      7285.00   8.3509763e-17
      7286.00   8.3521450e-17
      7287.00   8.3533138e-17
      7288.00   8.3544827e-17
      7289.00   8.3556516e-17
      7290.00   8.3568205e-17
      7291.00   8.3579895e-17
      7292.00   8.3591586e-17
      7293.00   8.3603277e-17
      7294.00   8.3614969e-17
      7295.00   8.3626661e-17
      7296.00   8.3638353e-17
      7297.00   8.3650046e-17
      7298.00   8.3661740e-17
      7299.00   8.3673434e-17
      7300.00   8.3685128e-17
      7301.00   8.3696823e-17
      7302.00   8.3708519e-17
      7303.00   8.3720215e-17
      7304.00   8.3731911e-17
      7305.00   8.3743608e-17
      7306.00   8.3755306e-17
      7307.00   8.3767003e-17
      7308.00   8.3778702e-17
      7309.00   8.3790401e-17
      7310.00   8.3802100e-17
      7311.00   8.3813800e-17
      7312.00   8.3825501e-17
      7313.00   8.3837202e-17
      7314.00   8.3848903e-17
      7315.00   8.3860605e-17
      7316.00   8.3872308e-17
      7317.00   8.3884010e-17
      7318.00   8.3895714e-17
      7319.00   8.3907418e-17
      7320.00   8.3919122e-17
      7321.00   8.3930827e-17
      7322.00   8.3942533e-17
      7323.00   8.3954238e-17
      7324.00   8.3965945e-17
      7325.00   8.3977652e-17
      7326.00   8.3989359e-17
      7327.00   8.4001067e-17
      7328.00   8.4012775e-17
      7329.00   8.4024484e-17
      7330.00   8.4036193e-17
      7331.00   8.4047903e-17
      7332.00   8.4059614e-17
      7333.00   8.4071324e-17
      7334.00   8.4083036e-17
      7335.00   8.4094747e-17
      7336.00   8.4106460e-17
      7337.00   8.4118173e-17
      7338.00   8.4129886e-17
      7339.00   8.4141600e-17
      7340.00   8.4153314e-17
      7341.00   8.4165029e-17
      7342.00   8.4176744e-17
      7343.00   8.4188459e-17
      7344.00   8.4200176e-17
      7345.00   8.4211892e-17
      7346.00   8.4223610e-17
      7347.00   8.4235327e-17
      7348.00   8.4247045e-17
      7349.00   8.4258764e-17
      7350.00   8.4270483e-17
      7351.00   8.4282203e-17
      7352.00   8.4293923e-17
      7353.00   8.4305644e-17
      7354.00   8.4317365e-17
      7355.00   8.4329086e-17
      7356.00   8.4340808e-17
      7357.00   8.4352531e-17
      7358.00   8.4364254e-17
      7359.00   8.4375977e-17
      7360.00   8.4387701e-17
      7361.00   8.4399426e-17
      7362.00   8.4411151e-17
      7363.00   8.4422876e-17
      7364.00   8.4434602e-17
      7365.00   8.4446329e-17
      7366.00   8.4458056e-17
      7367.00   8.4469783e-17
      7368.00   8.4481511e-17
      7369.00   8.4493240e-17
      7370.00   8.4504968e-17
      7371.00   8.4516698e-17
      7372.00   8.4528428e-17
      7373.00   8.4540158e-17
      7374.00   8.4551889e-17
      7375.00   8.4563620e-17
      7376.00   8.4575352e-17
      7377.00   8.4587084e-17
      7378.00   8.4598817e-17
      7379.00   8.4610550e-17
      7380.00   8.4622284e-17
      7381.00   8.4634018e-17
      7382.00   8.4645753e-17
      7383.00   8.4657488e-17
      7384.00   8.4669224e-17
      7385.00   8.4680960e-17
      7386.00   8.4692696e-17
      7387.00   8.4704434e-17
      7388.00   8.4716171e-17
      7389.00   8.4727909e-17
      7390.00   8.4739648e-17
      7391.00   8.4751387e-17
      7392.00   8.4763126e-17
      7393.00   8.4774866e-17
      7394.00   8.4786607e-17
      7395.00   8.4798348e-17
      7396.00   8.4810089e-17
      7397.00   8.4821831e-17
      7398.00   8.4833574e-17
      7399.00   8.4845317e-17
      7400.00   8.4857060e-17
      7401.00   8.4868804e-17
      7402.00   8.4880548e-17
      7403.00   8.4892293e-17
      7404.00   8.4904038e-17
      7405.00   8.4915784e-17
      7406.00   8.4927530e-17
      7407.00   8.4939277e-17
      7408.00   8.4951024e-17
      7409.00   8.4962772e-17
      7410.00   8.4974520e-17
      7411.00   8.4986269e-17
      7412.00   8.4998018e-17
      7413.00   8.5009768e-17
      7414.00   8.5021518e-17
      7415.00   8.5033268e-17
      7416.00   8.5045019e-17
      7417.00   8.5056771e-17
      7418.00   8.5068523e-17
      7419.00   8.5080275e-17
      7420.00   8.5092028e-17
      7421.00   8.5103782e-17
      7422.00   8.5115536e-17
      7423.00   8.5127290e-17
      7424.00   8.5139045e-17
      7425.00   8.5150800e-17
      7426.00   8.5162556e-17
      7427.00   8.5174313e-17
      7428.00   8.5186069e-17
      7429.00   8.5197827e-17
      7430.00   8.5209584e-17
      7431.00   8.5221343e-17
      7432.00   8.5233101e-17
      7433.00   8.5244860e-17
      7434.00   8.5256620e-17
      7435.00   8.5268380e-17
      7436.00   8.5280141e-17
      7437.00   8.5291902e-17
      7438.00   8.5303663e-17
      7439.00   8.5315425e-17
      7440.00   8.5327188e-17
      7441.00   8.5338951e-17
      7442.00   8.5350714e-17
      7443.00   8.5362478e-17
      7444.00   8.5374243e-17
      7445.00   8.5386007e-17
      7446.00   8.5397773e-17
      7447.00   8.5409539e-17
      7448.00   8.5421305e-17
      7449.00   8.5433072e-17
      7450.00   8.5444839e-17
      7451.00   8.5456607e-17
      7452.00   8.5468375e-17
      7453.00   8.5480143e-17
      7454.00   8.5491912e-17
      7455.00   8.5503682e-17
      7456.00   8.5515452e-17
      7457.00   8.5527223e-17
      7458.00   8.5538994e-17
      7459.00   8.5550765e-17
      7460.00   8.5562537e-17
      7461.00   8.5574309e-17
      7462.00   8.5586082e-17
      7463.00   8.5597856e-17
      7464.00   8.5609630e-17
      7465.00   8.5621404e-17
      7466.00   8.5633179e-17
      7467.00   8.5644954e-17
      7468.00   8.5656730e-17
      7469.00   8.5668506e-17
      7470.00   8.5680282e-17
      7471.00   8.5692060e-17
      7472.00   8.5703837e-17
      7473.00   8.5715615e-17
      7474.00   8.5727394e-17
      7475.00   8.5739173e-17
      7476.00   8.5750952e-17
      7477.00   8.5762732e-17
      7478.00   8.5774513e-17
      7479.00   8.5786293e-17
      7480.00   8.5798075e-17
      7481.00   8.5809857e-17
      7482.00   8.5821639e-17
      7483.00   8.5833422e-17
      7484.00   8.5845205e-17
      7485.00   8.5856989e-17
      7486.00   8.5868773e-17
      7487.00   8.5880557e-17
      7488.00   8.5892342e-17
      7489.00   8.5904128e-17
      7490.00   8.5915914e-17
      7491.00   8.5927700e-17
      7492.00   8.5939487e-17
      7493.00   8.5951275e-17
      7494.00   8.5963063e-17
      7495.00   8.5974851e-17
      7496.00   8.5986640e-17
      7497.00   8.5998429e-17
      7498.00   8.6010219e-17
      7499.00   8.6022009e-17
      7500.00   8.6033800e-17
      7501.00   8.6045591e-17
      7502.00   8.6057383e-17
      7503.00   8.6069175e-17
      7504.00   8.6080967e-17
      7505.00   8.6092760e-17
      7506.00   8.6104554e-17
      7507.00   8.6116348e-17
      7508.00   8.6128142e-17
      7509.00   8.6139937e-17
      7510.00   8.6151732e-17
      7511.00   8.6163528e-17
      7512.00   8.6175324e-17
      7513.00   8.6187121e-17
      7514.00   8.6198918e-17
      7515.00   8.6210716e-17
      7516.00   8.6222514e-17
      7517.00   8.6234312e-17
      7518.00   8.6246111e-17
      7519.00   8.6257911e-17
      7520.00   8.6269711e-17
      7521.00   8.6281511e-17
      7522.00   8.6293312e-17
      7523.00   8.6305114e-17
      7524.00   8.6316915e-17
      7525.00   8.6328718e-17
      7526.00   8.6340520e-17
      7527.00   8.6352323e-17
      7528.00   8.6364127e-17
      7529.00   8.6375931e-17
      7530.00   8.6387736e-17
      7531.00   8.6399541e-17
      7532.00   8.6411346e-17
      7533.00   8.6423152e-17
      7534.00   8.6434959e-17
      7535.00   8.6446765e-17
      7536.00   8.6458573e-17
      7537.00   8.6470381e-17
      7538.00   8.6482189e-17
      7539.00   8.6493998e-17
      7540.00   8.6505807e-17
      7541.00   8.6517616e-17
      7542.00   8.6529426e-17
      7543.00   8.6541237e-17
      7544.00   8.6553048e-17
      7545.00   8.6564859e-17
      7546.00   8.6576671e-17
      7547.00   8.6588484e-17
      7548.00   8.6600296e-17
      7549.00   8.6612110e-17
      7550.00   8.6623923e-17
      7551.00   8.6635738e-17
      7552.00   8.6647552e-17
      7553.00   8.6659367e-17
      7554.00   8.6671183e-17
      7555.00   8.6682999e-17
      7556.00   8.6694816e-17
      7557.00   8.6706632e-17
      7558.00   8.6718450e-17
      7559.00   8.6730268e-17
      7560.00   8.6742086e-17
      7561.00   8.6753905e-17
      7562.00   8.6765724e-17
      7563.00   8.6777544e-17
      7564.00   8.6789364e-17
      7565.00   8.6801184e-17
      7566.00   8.6813005e-17
      7567.00   8.6824827e-17
      7568.00   8.6836649e-17
      7569.00   8.6848471e-17
      7570.00   8.6860294e-17
      7571.00   8.6872117e-17
      7572.00   8.6883941e-17
      7573.00   8.6895765e-17
      7574.00   8.6907590e-17
      7575.00   8.6919415e-17
      7576.00   8.6931241e-17
      7577.00   8.6943067e-17
      7578.00   8.6954893e-17
      7579.00   8.6966720e-17
      7580.00   8.6978548e-17
      7581.00   8.6990375e-17
      7582.00   8.7002204e-17
      7583.00   8.7014032e-17
      7584.00   8.7025862e-17
      7585.00   8.7037691e-17
      7586.00   8.7049521e-17
      7587.00   8.7061352e-17
      7588.00   8.7073183e-17
      7589.00   8.7085014e-17
      7590.00   8.7096846e-17
      7591.00   8.7108679e-17
      7592.00   8.7120511e-17
      7593.00   8.7132345e-17
      7594.00   8.7144178e-17
      7595.00   8.7156013e-17
      7596.00   8.7167847e-17
      7597.00   8.7179682e-17
      7598.00   8.7191518e-17
      7599.00   8.7203354e-17
      7600.00   8.7215190e-17
      7601.00   8.7227027e-17
      7602.00   8.7238864e-17
      7603.00   8.7250702e-17
      7604.00   8.7262540e-17
      7605.00   8.7274379e-17
      7606.00   8.7286218e-17
      7607.00   8.7298058e-17
      7608.00   8.7309898e-17
      7609.00   8.7321738e-17
      7610.00   8.7333579e-17
      7611.00   8.7345420e-17
      7612.00   8.7357262e-17
      7613.00   8.7369104e-17
      7614.00   8.7380947e-17
      7615.00   8.7392790e-17
      7616.00   8.7404634e-17
      7617.00   8.7416478e-17
      7618.00   8.7428322e-17
      7619.00   8.7440167e-17
      7620.00   8.7452012e-17
      7621.00   8.7463858e-17
      7622.00   8.7475705e-17
      7623.00   8.7487551e-17
      7624.00   8.7499398e-17
      7625.00   8.7511246e-17
      7626.00   8.7523094e-17
      7627.00   8.7534943e-17
      7628.00   8.7546791e-17
      7629.00   8.7558641e-17
      7630.00   8.7570491e-17
      7631.00   8.7582341e-17
      7632.00   8.7594192e-17
      7633.00   8.7606043e-17
      7634.00   8.7617894e-17
      7635.00   8.7629746e-17
      7636.00   8.7641599e-17
      7637.00   8.7653452e-17
      7638.00   8.7665305e-17
      7639.00   8.7677159e-17
      7640.00   8.7689013e-17
      7641.00   8.7700868e-17
      7642.00   8.7712723e-17
      7643.00   8.7724579e-17
      7644.00   8.7736435e-17
      7645.00   8.7748291e-17
      7646.00   8.7760148e-17
      7647.00   8.7772006e-17
      7648.00   8.7783863e-17
      7649.00   8.7795722e-17
      7650.00   8.7807580e-17
      7651.00   8.7819440e-17
      7652.00   8.7831299e-17
      7653.00   8.7843159e-17
      7654.00   8.7855020e-17
      7655.00   8.7866880e-17
      7656.00   8.7878742e-17
      7657.00   8.7890604e-17
      7658.00   8.7902466e-17
      7659.00   8.7914328e-17
      7660.00   8.7926192e-17
      7661.00   8.7938055e-17
      7662.00   8.7949919e-17
      7663.00   8.7961784e-17
      7664.00   8.7973648e-17
      7665.00   8.7985514e-17
      7666.00   8.7997379e-17
      7667.00   8.8009246e-17
      7668.00   8.8021112e-17
      7669.00   8.8032979e-17
      7670.00   8.8044847e-17
      7671.00   8.8056715e-17
      7672.00   8.8068583e-17
      7673.00   8.8080452e-17
      7674.00   8.8092321e-17
      7675.00   8.8104191e-17
      7676.00   8.8116061e-17
      7677.00   8.8127931e-17
      7678.00   8.8139802e-17
      7679.00   8.8151674e-17
      7680.00   8.8163546e-17
      7681.00   8.8175418e-17
      7682.00   8.8187291e-17
      7683.00   8.8199164e-17
      7684.00   8.8211038e-17
      7685.00   8.8222912e-17
      7686.00   8.8234786e-17
      7687.00   8.8246661e-17
      7688.00   8.8258537e-17
      7689.00   8.8270412e-17
      7690.00   8.8282289e-17
      7691.00   8.8294165e-17
      7692.00   8.8306042e-17
      7693.00   8.8317920e-17
      7694.00   8.8329798e-17
      7695.00   8.8341676e-17
      7696.00   8.8353555e-17
      7697.00   8.8365434e-17
      7698.00   8.8377314e-17
      7699.00   8.8389194e-17
      7700.00   8.8401075e-17
      7701.00   8.8412956e-17
      7702.00   8.8424837e-17
      7703.00   8.8436719e-17
      7704.00   8.8448602e-17
      7705.00   8.8460484e-17
      7706.00   8.8472367e-17
      7707.00   8.8484251e-17
      7708.00   8.8496135e-17
      7709.00   8.8508020e-17
      7710.00   8.8519905e-17
      7711.00   8.8531790e-17
      7712.00   8.8543676e-17
      7713.00   8.8555562e-17
      7714.00   8.8567449e-17
      7715.00   8.8579336e-17
      7716.00   8.8591223e-17
      7717.00   8.8603111e-17
      7718.00   8.8614999e-17
      7719.00   8.8626888e-17
      7720.00   8.8638778e-17
      7721.00   8.8650667e-17
      7722.00   8.8662557e-17
      7723.00   8.8674448e-17
      7724.00   8.8686339e-17
      7725.00   8.8698230e-17
      7726.00   8.8710122e-17
      7727.00   8.8722014e-17
      7728.00   8.8733907e-17
      7729.00   8.8745800e-17
      7730.00   8.8757694e-17
      7731.00   8.8769588e-17
      7732.00   8.8781482e-17
      7733.00   8.8793377e-17
      7734.00   8.8805272e-17
      7735.00   8.8817168e-17
      7736.00   8.8829064e-17
      7737.00   8.8840960e-17
      7738.00   8.8852857e-17
      7739.00   8.8864755e-17
      7740.00   8.8876653e-17
      7741.00   8.8888551e-17
      7742.00   8.8900449e-17
      7743.00   8.8912349e-17
      7744.00   8.8924248e-17
      7745.00   8.8936148e-17
      7746.00   8.8948048e-17
      7747.00   8.8959949e-17
      7748.00   8.8971851e-17
      7749.00   8.8983752e-17
      7750.00   8.8995654e-17
      7751.00   8.9007557e-17
      7752.00   8.9019460e-17
      7753.00   8.9031363e-17
      7754.00   8.9043267e-17
      7755.00   8.9055171e-17
      7756.00   8.9067076e-17
      7757.00   8.9078981e-17
      7758.00   8.9090886e-17
      7759.00   8.9102792e-17
      7760.00   8.9114699e-17
      7761.00   8.9126605e-17
      7762.00   8.9138513e-17
      7763.00   8.9150420e-17
      7764.00   8.9162328e-17
      7765.00   8.9174237e-17
      7766.00   8.9186146e-17
      7767.00   8.9198055e-17
      7768.00   8.9209965e-17
      7769.00   8.9221875e-17
      7770.00   8.9233786e-17
      7771.00   8.9245697e-17
      7772.00   8.9257608e-17
      7773.00   8.9269520e-17
      7774.00   8.9281432e-17
      7775.00   8.9293345e-17
      7776.00   8.9305258e-17
      7777.00   8.9317172e-17
      7778.00   8.9329086e-17
      7779.00   8.9341000e-17
      7780.00   8.9352915e-17
      7781.00   8.9364830e-17
      7782.00   8.9376746e-17
      7783.00   8.9388662e-17
      7784.00   8.9400578e-17
      7785.00   8.9412495e-17
      7786.00   8.9424413e-17
      7787.00   8.9436330e-17
      7788.00   8.9448249e-17
      7789.00   8.9460167e-17
      7790.00   8.9472086e-17
      7791.00   8.9484006e-17
      7792.00   8.9495925e-17
      7793.00   8.9507846e-17
      7794.00   8.9519766e-17
      7795.00   8.9531688e-17
      7796.00   8.9543609e-17
      7797.00   8.9555531e-17
      7798.00   8.9567454e-17
      7799.00   8.9579376e-17
      7800.00   8.9591300e-17
      7801.00   8.9603223e-17
      7802.00   8.9615147e-17
      7803.00   8.9627072e-17
      7804.00   8.9638997e-17
      7805.00   8.9650922e-17
      7806.00   8.9662848e-17
      7807.00   8.9674774e-17
      7808.00   8.9686700e-17
      7809.00   8.9698627e-17
      7810.00   8.9710555e-17
      7811.00   8.9722483e-17
      7812.00   8.9734411e-17
      7813.00   8.9746340e-17
      7814.00   8.9758269e-17
      7815.00   8.9770198e-17
      7816.00   8.9782128e-17
      7817.00   8.9794058e-17
      7818.00   8.9805989e-17
      7819.00   8.9817920e-17
      7820.00   8.9829852e-17
      7821.00   8.9841784e-17
      7822.00   8.9853716e-17
      7823.00   8.9865649e-17
      7824.00   8.9877582e-17
      7825.00   8.9889516e-17
      7826.00   8.9901450e-17
      7827.00   8.9913384e-17
      7828.00   8.9925319e-17
      7829.00   8.9937255e-17
      7830.00   8.9949190e-17
      7831.00   8.9961127e-17
      7832.00   8.9973063e-17
      7833.00   8.9985000e-17
      7834.00   8.9996937e-17
      7835.00   9.0008875e-17
      7836.00   9.0020813e-17
      7837.00   9.0032752e-17
      7838.00   9.0044691e-17
      7839.00   9.0056631e-17
      7840.00   9.0068570e-17
      7841.00   9.0080511e-17
      7842.00   9.0092451e-17
      7843.00   9.0104392e-17
      7844.00   9.0116334e-17
      7845.00   9.0128276e-17
      7846.00   9.0140218e-17
      7847.00   9.0152161e-17
      7848.00   9.0164104e-17
      7849.00   9.0176048e-17
      7850.00   9.0187992e-17
      7851.00   9.0199936e-17
      7852.00   9.0211881e-17
      7853.00   9.0223826e-17
      7854.00   9.0235772e-17
      7855.00   9.0247718e-17
      7856.00   9.0259664e-17
      7857.00   9.0271611e-17
      7858.00   9.0283558e-17
      7859.00   9.0295506e-17
      7860.00   9.0307454e-17
      7861.00   9.0319402e-17
      7862.00   9.0331351e-17
      7863.00   9.0343301e-17
      7864.00   9.0355250e-17
      7865.00   9.0367201e-17
      7866.00   9.0379151e-17
      7867.00   9.0391102e-17
      7868.00   9.0403053e-17
      7869.00   9.0415005e-17
      7870.00   9.0426957e-17
      7871.00   9.0438910e-17
      7872.00   9.0450863e-17
      7873.00   9.0462816e-17
      7874.00   9.0474770e-17
      7875.00   9.0486724e-17
      7876.00   9.0498679e-17
      7877.00   9.0510634e-17
      7878.00   9.0522589e-17
      7879.00   9.0534545e-17
      7880.00   9.0546501e-17
      7881.00   9.0558458e-17
      7882.00   9.0570415e-17
      7883.00   9.0582373e-17
      7884.00   9.0594330e-17
      7885.00   9.0606289e-17
      7886.00   9.0618247e-17
      7887.00   9.0630207e-17
      7888.00   9.0642166e-17
      7889.00   9.0654126e-17
      7890.00   9.0666086e-17
      7891.00   9.0678047e-17
      7892.00   9.0690008e-17
      7893.00   9.0701970e-17
      7894.00   9.0713931e-17
      7895.00   9.0725894e-17
      7896.00   9.0737857e-17
      7897.00   9.0749820e-17
      7898.00   9.0761783e-17
      7899.00   9.0773747e-17
      7900.00   9.0785712e-17
      7901.00   9.0797676e-17
      7902.00   9.0809641e-17
      7903.00   9.0821607e-17
      7904.00   9.0833573e-17
      7905.00   9.0845539e-17
      7906.00   9.0857506e-17
      7907.00   9.0869473e-17
      7908.00   9.0881441e-17
      7909.00   9.0893409e-17
      7910.00   9.0905377e-17
      7911.00   9.0917346e-17
      7912.00   9.0929315e-17
      7913.00   9.0941285e-17
      7914.00   9.0953255e-17
      7915.00   9.0965225e-17
      7916.00   9.0977196e-17
      7917.00   9.0989167e-17
      7918.00   9.1001139e-17
      7919.00   9.1013111e-17
      7920.00   9.1025083e-17
      7921.00   9.1037056e-17
      7922.00   9.1049029e-17
      7923.00   9.1061003e-17
      7924.00   9.1072977e-17
      7925.00   9.1084951e-17
      7926.00   9.1096926e-17
      7927.00   9.1108901e-17
      7928.00   9.1120877e-17
      7929.00   9.1132853e-17
      7930.00   9.1144829e-17
      7931.00   9.1156806e-17
      7932.00   9.1168783e-17
      7933.00   9.1180761e-17
      7934.00   9.1192739e-17
      7935.00   9.1204717e-17
      7936.00   9.1216696e-17
      7937.00   9.1228675e-17
      7938.00   9.1240654e-17
      7939.00   9.1252634e-17
      7940.00   9.1264615e-17
      7941.00   9.1276596e-17
      7942.00   9.1288577e-17
      7943.00   9.1300558e-17
      7944.00   9.1312540e-17
      7945.00   9.1324523e-17
      7946.00   9.1336505e-17
      7947.00   9.1348489e-17
      7948.00   9.1360472e-17
      7949.00   9.1372456e-17
      7950.00   9.1384440e-17
      7951.00   9.1396425e-17
      7952.00   9.1408410e-17
      7953.00   9.1420396e-17
      7954.00   9.1432382e-17
      7955.00   9.1444368e-17
      7956.00   9.1456355e-17
      7957.00   9.1468342e-17
      7958.00   9.1480329e-17
      7959.00   9.1492317e-17
      7960.00   9.1504306e-17
      7961.00   9.1516294e-17
      7962.00   9.1528283e-17
      7963.00   9.1540273e-17
      7964.00   9.1552263e-17
      7965.00   9.1564253e-17
      7966.00   9.1576244e-17
      7967.00   9.1588235e-17
      7968.00   9.1600226e-17
      7969.00   9.1612218e-17
      7970.00   9.1624210e-17
      7971.00   9.1636203e-17
      7972.00   9.1648196e-17
      7973.00   9.1660189e-17
      7974.00   9.1672183e-17
      7975.00   9.1684177e-17
      7976.00   9.1696172e-17
      7977.00   9.1708167e-17
      7978.00   9.1720162e-17
      7979.00   9.1732158e-17
      7980.00   9.1744154e-17
      7981.00   9.1756151e-17
      7982.00   9.1768148e-17
      7983.00   9.1780145e-17
      7984.00   9.1792143e-17
      7985.00   9.1804141e-17
      7986.00   9.1816140e-17
      7987.00   9.1828139e-17
      7988.00   9.1840138e-17
      7989.00   9.1852138e-17
      7990.00   9.1864138e-17
      7991.00   9.1876138e-17
      7992.00   9.1888139e-17
      7993.00   9.1900140e-17
      7994.00   9.1912142e-17
      7995.00   9.1924144e-17
      7996.00   9.1936146e-17
      7997.00   9.1948149e-17
      7998.00   9.1960152e-17
      7999.00   9.1972156e-17
      8000.00   9.1984160e-17
      8001.00   9.1996164e-17
      8002.00   9.2008169e-17
      8003.00   9.2020174e-17
      8004.00   9.2032180e-17
      8005.00   9.2044185e-17
      8006.00   9.2056192e-17
      8007.00   9.2068198e-17
      8008.00   9.2080206e-17
      8009.00   9.2092213e-17
      8010.00   9.2104221e-17
      8011.00   9.2116229e-17
      8012.00   9.2128238e-17
      8013.00   9.2140247e-17
      8014.00   9.2152256e-17
      8015.00   9.2164266e-17
      8016.00   9.2176276e-17
      8017.00   9.2188287e-17
      8018.00   9.2200298e-17
      8019.00   9.2212309e-17
      8020.00   9.2224321e-17
      8021.00   9.2236333e-17
      8022.00   9.2248345e-17
      8023.00   9.2260358e-17
      8024.00   9.2272371e-17
      8025.00   9.2284385e-17
      8026.00   9.2296399e-17
      8027.00   9.2308413e-17
      8028.00   9.2320428e-17
      8029.00   9.2332443e-17
      8030.00   9.2344459e-17
      8031.00   9.2356475e-17
      8032.00   9.2368491e-17
      8033.00   9.2380508e-17
      8034.00   9.2392525e-17
      8035.00   9.2404543e-17
      8036.00   9.2416560e-17
      8037.00   9.2428579e-17
      8038.00   9.2440597e-17
      8039.00   9.2452616e-17
      8040.00   9.2464636e-17
      8041.00   9.2476656e-17
      8042.00   9.2488676e-17
      8043.00   9.2500696e-17
      8044.00   9.2512717e-17
      8045.00   9.2524739e-17
      8046.00   9.2536760e-17
      8047.00   9.2548782e-17
      8048.00   9.2560805e-17
      8049.00   9.2572828e-17
      8050.00   9.2584851e-17
      8051.00   9.2596874e-17
      8052.00   9.2608898e-17
      8053.00   9.2620923e-17
      8054.00   9.2632948e-17
      8055.00   9.2644973e-17
      8056.00   9.2656998e-17
      8057.00   9.2669024e-17
      8058.00   9.2681050e-17
      8059.00   9.2693077e-17
      8060.00   9.2705104e-17
      8061.00   9.2717132e-17
      8062.00   9.2729159e-17
      8063.00   9.2741187e-17
      8064.00   9.2753216e-17
      8065.00   9.2765245e-17
      8066.00   9.2777274e-17
      8067.00   9.2789304e-17
      8068.00   9.2801334e-17
      8069.00   9.2813364e-17
      8070.00   9.2825395e-17
      8071.00   9.2837426e-17
      8072.00   9.2849458e-17
      8073.00   9.2861490e-17
      8074.00   9.2873522e-17
      8075.00   9.2885555e-17
      8076.00   9.2897588e-17
      8077.00   9.2909622e-17
      8078.00   9.2921655e-17
      8079.00   9.2933690e-17
      8080.00   9.2945724e-17
      8081.00   9.2957759e-17
      8082.00   9.2969795e-17
      8083.00   9.2981830e-17
      8084.00   9.2993866e-17
      8085.00   9.3005903e-17
      8086.00   9.3017940e-17
      8087.00   9.3029977e-17
      8088.00   9.3042015e-17
      8089.00   9.3054053e-17
      8090.00   9.3066091e-17
      8091.00   9.3078130e-17
      8092.00   9.3090169e-17
      8093.00   9.3102208e-17
      8094.00   9.3114248e-17
      8095.00   9.3126289e-17
      8096.00   9.3138329e-17
      8097.00   9.3150370e-17
      8098.00   9.3162411e-17
      8099.00   9.3174453e-17
      8100.00   9.3186495e-17
      8101.00   9.3198538e-17
      8102.00   9.3210581e-17
      8103.00   9.3222624e-17
      8104.00   9.3234668e-17
      8105.00   9.3246712e-17
      8106.00   9.3258756e-17
      8107.00   9.3270801e-17
      8108.00   9.3282846e-17
      8109.00   9.3294891e-17
      8110.00   9.3306937e-17
      8111.00   9.3318983e-17
      8112.00   9.3331030e-17
      8113.00   9.3343077e-17
      8114.00   9.3355124e-17
      8115.00   9.3367172e-17
      8116.00   9.3379220e-17
      8117.00   9.3391268e-17
      8118.00   9.3403317e-17
      8119.00   9.3415366e-17
      8120.00   9.3427416e-17
      8121.00   9.3439466e-17
      8122.00   9.3451516e-17
      8123.00   9.3463567e-17
      8124.00   9.3475618e-17
      8125.00   9.3487669e-17
      8126.00   9.3499721e-17
      8127.00   9.3511773e-17
      8128.00   9.3523826e-17
      8129.00   9.3535879e-17
      8130.00   9.3547932e-17
      8131.00   9.3559986e-17
      8132.00   9.3572040e-17
      8133.00   9.3584094e-17
      8134.00   9.3596149e-17
      8135.00   9.3608204e-17
      8136.00   9.3620259e-17
      8137.00   9.3632315e-17
      8138.00   9.3644371e-17
      8139.00   9.3656428e-17
      8140.00   9.3668485e-17
      8141.00   9.3680542e-17
      8142.00   9.3692600e-17
      8143.00   9.3704658e-17
      8144.00   9.3716717e-17
      8145.00   9.3728775e-17
      8146.00   9.3740834e-17
      8147.00   9.3752894e-17
      8148.00   9.3764954e-17
      8149.00   9.3777014e-17
      8150.00   9.3789075e-17
      8151.00   9.3801136e-17
      8152.00   9.3813197e-17
      8153.00   9.3825259e-17
      8154.00   9.3837321e-17
      8155.00   9.3849383e-17
      8156.00   9.3861446e-17
      8157.00   9.3873510e-17
      8158.00   9.3885573e-17
      8159.00   9.3897637e-17
      8160.00   9.3909701e-17
      8161.00   9.3921766e-17
      8162.00   9.3933831e-17
      8163.00   9.3945896e-17
      8164.00   9.3957962e-17
      8165.00   9.3970028e-17
      8166.00   9.3982095e-17
      8167.00   9.3994162e-17
      8168.00   9.4006229e-17
      8169.00   9.4018296e-17
      8170.00   9.4030364e-17
      8171.00   9.4042433e-17
      8172.00   9.4054501e-17
      8173.00   9.4066570e-17
      8174.00   9.4078640e-17
      8175.00   9.4090709e-17
      8176.00   9.4102780e-17
      8177.00   9.4114850e-17
      8178.00   9.4126921e-17
      8179.00   9.4138992e-17
      8180.00   9.4151064e-17
      8181.00   9.4163136e-17
      8182.00   9.4175208e-17
      8183.00   9.4187281e-17
      8184.00   9.4199354e-17
      8185.00   9.4211427e-17
      8186.00   9.4223501e-17
      8187.00   9.4235575e-17
      8188.00   9.4247649e-17
      8189.00   9.4259724e-17
      8190.00   9.4271799e-17
      8191.00   9.4283875e-17
      8192.00   9.4295951e-17
      8193.00   9.4308027e-17
      8194.00   9.4320104e-17
      8195.00   9.4332181e-17
      8196.00   9.4344258e-17
      8197.00   9.4356336e-17
      8198.00   9.4368414e-17
      8199.00   9.4380492e-17
      8200.00   9.4392571e-17
      8201.00   9.4404650e-17
      8202.00   9.4416730e-17
      8203.00   9.4428810e-17
      8204.00   9.4440890e-17
      8205.00   9.4452970e-17
      8206.00   9.4465051e-17
      8207.00   9.4477133e-17
      8208.00   9.4489214e-17
      8209.00   9.4501296e-17
      8210.00   9.4513379e-17
      8211.00   9.4525462e-17
      8212.00   9.4537545e-17
      8213.00   9.4549628e-17
      8214.00   9.4561712e-17
      8215.00   9.4573796e-17
      8216.00   9.4585881e-17
      8217.00   9.4597966e-17
      8218.00   9.4610051e-17
      8219.00   9.4622136e-17
      8220.00   9.4634222e-17
      8221.00   9.4646309e-17
      8222.00   9.4658395e-17
      8223.00   9.4670482e-17
      8224.00   9.4682570e-17
      8225.00   9.4694657e-17
      8226.00   9.4706746e-17
      8227.00   9.4718834e-17
      8228.00   9.4730923e-17
      8229.00   9.4743012e-17
      8230.00   9.4755101e-17
      8231.00   9.4767191e-17
      8232.00   9.4779282e-17
      8233.00   9.4791372e-17
      8234.00   9.4803463e-17
      8235.00   9.4815554e-17
      8236.00   9.4827646e-17
      8237.00   9.4839738e-17
      8238.00   9.4851830e-17
      8239.00   9.4863923e-17
      8240.00   9.4876016e-17
      8241.00   9.4888110e-17
      8242.00   9.4900203e-17
      8243.00   9.4912297e-17
      8244.00   9.4924392e-17
      8245.00   9.4936487e-17
      8246.00   9.4948582e-17
      8247.00   9.4960677e-17
      8248.00   9.4972773e-17
      8249.00   9.4984870e-17
      8250.00   9.4996966e-17
      8251.00   9.5009063e-17
      8252.00   9.5021160e-17
      8253.00   9.5033258e-17
      8254.00   9.5045356e-17
      8255.00   9.5057454e-17
      8256.00   9.5069553e-17
      8257.00   9.5081652e-17
      8258.00   9.5093752e-17
      8259.00   9.5105851e-17
      8260.00   9.5117952e-17
      8261.00   9.5130052e-17
      8262.00   9.5142153e-17
      8263.00   9.5154254e-17
      8264.00   9.5166355e-17
      8265.00   9.5178457e-17
      8266.00   9.5190560e-17
      8267.00   9.5202662e-17
      8268.00   9.5214765e-17
      8269.00   9.5226868e-17
      8270.00   9.5238972e-17
      8271.00   9.5251076e-17
      8272.00   9.5263180e-17
      8273.00   9.5275285e-17
      8274.00   9.5287390e-17
      8275.00   9.5299495e-17
      8276.00   9.5311601e-17
      8277.00   9.5323707e-17
      8278.00   9.5335813e-17
      8279.00   9.5347920e-17
      8280.00   9.5360027e-17
      8281.00   9.5372135e-17
      8282.00   9.5384242e-17
      8283.00   9.5396351e-17
      8284.00   9.5408459e-17
      8285.00   9.5420568e-17
      8286.00   9.5432677e-17
      8287.00   9.5444787e-17
      8288.00   9.5456897e-17
      8289.00   9.5469007e-17
      8290.00   9.5481117e-17
      8291.00   9.5493228e-17
      8292.00   9.5505340e-17
      8293.00   9.5517451e-17
      8294.00   9.5529563e-17
      8295.00   9.5541675e-17
      8296.00   9.5553788e-17
      8297.00   9.5565901e-17
      8298.00   9.5578014e-17
      8299.00   9.5590128e-17
      8300.00   9.5602242e-17
      8301.00   9.5614357e-17
      8302.00   9.5626471e-17
      8303.00   9.5638586e-17
      8304.00   9.5650702e-17
      8305.00   9.5662818e-17
      8306.00   9.5674934e-17
      8307.00   9.5687050e-17
      8308.00   9.5699167e-17
      8309.00   9.5711284e-17
      8310.00   9.5723401e-17
      8311.00   9.5735519e-17
      8312.00   9.5747637e-17
      8313.00   9.5759756e-17
      8314.00   9.5771875e-17
      8315.00   9.5783994e-17
      8316.00   9.5796114e-17
      8317.00   9.5808233e-17
      8318.00   9.5820354e-17
      8319.00   9.5832474e-17
      8320.00   9.5844595e-17
      8321.00   9.5856716e-17
      8322.00   9.5868838e-17
      8323.00   9.5880960e-17
      8324.00   9.5893082e-17
      8325.00   9.5905205e-17
      8326.00   9.5917328e-17
      8327.00   9.5929451e-17
      8328.00   9.5941575e-17
      8329.00   9.5953699e-17
      8330.00   9.5965823e-17
      8331.00   9.5977948e-17
      8332.00   9.5990073e-17
      8333.00   9.6002198e-17
      8334.00   9.6014324e-17
      8335.00   9.6026450e-17
      8336.00   9.6038576e-17
      8337.00   9.6050703e-17
      8338.00   9.6062830e-17
      8339.00   9.6074957e-17
      8340.00   9.6087085e-17
      8341.00   9.6099213e-17
      8342.00   9.6111342e-17
      8343.00   9.6123470e-17
      8344.00   9.6135599e-17
      8345.00   9.6147729e-17
      8346.00   9.6159859e-17
      8347.00   9.6171989e-17
      8348.00   9.6184119e-17
      8349.00   9.6196250e-17
      8350.00   9.6208381e-17
      8351.00   9.6220513e-17
      8352.00   9.6232644e-17
      8353.00   9.6244777e-17
      8354.00   9.6256909e-17
      8355.00   9.6269042e-17
      8356.00   9.6281175e-17
      8357.00   9.6293308e-17
      8358.00   9.6305442e-17
      8359.00   9.6317576e-17
      8360.00   9.6329711e-17
      8361.00   9.6341846e-17
      8362.00   9.6353981e-17
      8363.00   9.6366116e-17
      8364.00   9.6378252e-17
      8365.00   9.6390388e-17
      8366.00   9.6402525e-17
      8367.00   9.6414662e-17
      8368.00   9.6426799e-17
      8369.00   9.6438937e-17
      8370.00   9.6451074e-17
      8371.00   9.6463213e-17
      8372.00   9.6475351e-17
      8373.00   9.6487490e-17
      8374.00   9.6499629e-17
      8375.00   9.6511769e-17
      8376.00   9.6523909e-17
      8377.00   9.6536049e-17
      8378.00   9.6548189e-17
      8379.00   9.6560330e-17
      8380.00   9.6572471e-17
      8381.00   9.6584613e-17
      8382.00   9.6596755e-17
      8383.00   9.6608897e-17
      8384.00   9.6621040e-17
      8385.00   9.6633182e-17
      8386.00   9.6645326e-17
      8387.00   9.6657469e-17
      8388.00   9.6669613e-17
      8389.00   9.6681757e-17
      8390.00   9.6693902e-17
      8391.00   9.6706047e-17
      8392.00   9.6718192e-17
      8393.00   9.6730337e-17
      8394.00   9.6742483e-17
      8395.00   9.6754630e-17
      8396.00   9.6766776e-17
      8397.00   9.6778923e-17
      8398.00   9.6791070e-17
      8399.00   9.6803218e-17
      8400.00   9.6815365e-17
      8401.00   9.6827514e-17
      8402.00   9.6839662e-17
      8403.00   9.6851811e-17
      8404.00   9.6863960e-17
      8405.00   9.6876110e-17
      8406.00   9.6888260e-17
      8407.00   9.6900410e-17
      8408.00   9.6912560e-17
      8409.00   9.6924711e-17
      8410.00   9.6936862e-17
      8411.00   9.6949014e-17
      8412.00   9.6961166e-17
      8413.00   9.6973318e-17
      8414.00   9.6985470e-17
      8415.00   9.6997623e-17
      8416.00   9.7009776e-17
      8417.00   9.7021930e-17
      8418.00   9.7034083e-17
      8419.00   9.7046238e-17
      8420.00   9.7058392e-17
      8421.00   9.7070547e-17
      8422.00   9.7082702e-17
      8423.00   9.7094857e-17
      8424.00   9.7107013e-17
      8425.00   9.7119169e-17
      8426.00   9.7131326e-17
      8427.00   9.7143482e-17
      8428.00   9.7155639e-17
      8429.00   9.7167797e-17
      8430.00   9.7179955e-17
      8431.00   9.7192113e-17
      8432.00   9.7204271e-17
      8433.00   9.7216430e-17
      8434.00   9.7228589e-17
      8435.00   9.7240748e-17
      8436.00   9.7252908e-17
      8437.00   9.7265068e-17
      8438.00   9.7277228e-17
      8439.00   9.7289389e-17
      8440.00   9.7301550e-17
      8441.00   9.7313711e-17
      8442.00   9.7325873e-17
      8443.00   9.7338035e-17
      8444.00   9.7350197e-17
      8445.00   9.7362360e-17
      8446.00   9.7374523e-17
      8447.00   9.7386686e-17
      8448.00   9.7398850e-17
      8449.00   9.7411013e-17
      8450.00   9.7423178e-17
      8451.00   9.7435342e-17
      8452.00   9.7447507e-17
      8453.00   9.7459672e-17
      8454.00   9.7471838e-17
      8455.00   9.7484004e-17
      8456.00   9.7496170e-17
      8457.00   9.7508336e-17
      8458.00   9.7520503e-17
      8459.00   9.7532670e-17
      8460.00   9.7544838e-17
      8461.00   9.7557006e-17
      8462.00   9.7569174e-17
      8463.00   9.7581342e-17
      8464.00   9.7593511e-17
      8465.00   9.7605680e-17
      8466.00   9.7617850e-17
      8467.00   9.7630019e-17
      8468.00   9.7642189e-17
      8469.00   9.7654360e-17
      8470.00   9.7666530e-17
      8471.00   9.7678701e-17
      8472.00   9.7690873e-17
      8473.00   9.7703044e-17
      8474.00   9.7715216e-17
      8475.00   9.7727389e-17
      8476.00   9.7739561e-17
      8477.00   9.7751734e-17
      8478.00   9.7763908e-17
      8479.00   9.7776081e-17
      8480.00   9.7788255e-17
      8481.00   9.7800429e-17
      8482.00   9.7812604e-17
      8483.00   9.7824779e-17
      8484.00   9.7836954e-17
      8485.00   9.7849129e-17
      8486.00   9.7861305e-17
      8487.00   9.7873481e-17
      8488.00   9.7885658e-17
      8489.00   9.7897835e-17
      8490.00   9.7910012e-17
      8491.00   9.7922189e-17
      8492.00   9.7934367e-17
      8493.00   9.7946545e-17
      8494.00   9.7958723e-17
      8495.00   9.7970902e-17
      8496.00   9.7983081e-17
      8497.00   9.7995260e-17
      8498.00   9.8007440e-17
      8499.00   9.8019620e-17
      8500.00   9.8031800e-17
      8501.00   9.8043981e-17
      8502.00   9.8056162e-17
      8503.00   9.8068343e-17
      8504.00   9.8080525e-17
      8505.00   9.8092706e-17
      8506.00   9.8104889e-17
      8507.00   9.8117071e-17
      8508.00   9.8129254e-17
      8509.00   9.8141437e-17
      8510.00   9.8153621e-17
      8511.00   9.8165804e-17
      8512.00   9.8177988e-17
      8513.00   9.8190173e-17
      8514.00   9.8202357e-17
      8515.00   9.8214543e-17
      8516.00   9.8226728e-17
      8517.00   9.8238914e-17
      8518.00   9.8251099e-17
      8519.00   9.8263286e-17
      8520.00   9.8275472e-17
      8521.00   9.8287659e-17
      8522.00   9.8299847e-17
      8523.00   9.8312034e-17
      8524.00   9.8324222e-17
      8525.00   9.8336410e-17
      8526.00   9.8348599e-17
      8527.00   9.8360787e-17
      8528.00   9.8372977e-17
      8529.00   9.8385166e-17
      8530.00   9.8397356e-17
      8531.00   9.8409546e-17
      8532.00   9.8421736e-17
      8533.00   9.8433927e-17
      8534.00   9.8446118e-17
      8535.00   9.8458309e-17
      8536.00   9.8470501e-17
      8537.00   9.8482693e-17
      8538.00   9.8494885e-17
      8539.00   9.8507077e-17
      8540.00   9.8519270e-17
      8541.00   9.8531463e-17
      8542.00   9.8543657e-17
      8543.00   9.8555851e-17
      8544.00   9.8568045e-17
      8545.00   9.8580239e-17
      8546.00   9.8592434e-17
      8547.00   9.8604629e-17
      8548.00   9.8616824e-17
      8549.00   9.8629020e-17
      8550.00   9.8641216e-17
      8551.00   9.8653412e-17
      8552.00   9.8665609e-17
      8553.00   9.8677806e-17
      8554.00   9.8690003e-17
      8555.00   9.8702201e-17
      8556.00   9.8714398e-17
      8557.00   9.8726597e-17
      8558.00   9.8738795e-17
      8559.00   9.8750994e-17
      8560.00   9.8763193e-17
      8561.00   9.8775392e-17
      8562.00   9.8787592e-17
      8563.00   9.8799792e-17
      8564.00   9.8811992e-17
      8565.00   9.8824193e-17
      8566.00   9.8836394e-17
      8567.00   9.8848595e-17
      8568.00   9.8860797e-17
      8569.00   9.8872998e-17
      8570.00   9.8885201e-17
      8571.00   9.8897403e-17
      8572.00   9.8909606e-17
      8573.00   9.8921809e-17
      8574.00   9.8934012e-17
      8575.00   9.8946216e-17
      8576.00   9.8958420e-17
      8577.00   9.8970624e-17
      8578.00   9.8982829e-17
      8579.00   9.8995034e-17
      8580.00   9.9007239e-17
      8581.00   9.9019445e-17
      8582.00   9.9031650e-17
      8583.00   9.9043857e-17
      8584.00   9.9056063e-17
      8585.00   9.9068270e-17
      8586.00   9.9080477e-17
      8587.00   9.9092684e-17
      8588.00   9.9104892e-17
      8589.00   9.9117100e-17
      8590.00   9.9129308e-17
      8591.00   9.9141517e-17
      8592.00   9.9153726e-17
      8593.00   9.9165935e-17
      8594.00   9.9178144e-17
      8595.00   9.9190354e-17
      8596.00   9.9202564e-17
      8597.00   9.9214775e-17
      8598.00   9.9226986e-17
      8599.00   9.9239197e-17
      8600.00   9.9251408e-17
      8601.00   9.9263619e-17
      8602.00   9.9275831e-17
      8603.00   9.9288044e-17
      8604.00   9.9300256e-17
      8605.00   9.9312469e-17
      8606.00   9.9324682e-17
      8607.00   9.9336896e-17
      8608.00   9.9349109e-17
      8609.00   9.9361323e-17
      8610.00   9.9373538e-17
      8611.00   9.9385753e-17
      8612.00   9.9397967e-17
      8613.00   9.9410183e-17
      8614.00   9.9422398e-17
      8615.00   9.9434614e-17
      8616.00   9.9446830e-17
      8617.00   9.9459047e-17
      8618.00   9.9471264e-17
      8619.00   9.9483481e-17
      8620.00   9.9495698e-17
      8621.00   9.9507916e-17
      8622.00   9.9520134e-17
      8623.00   9.9532352e-17
      8624.00   9.9544571e-17
      8625.00   9.9556789e-17
      8626.00   9.9569009e-17
      8627.00   9.9581228e-17
      8628.00   9.9593448e-17
      8629.00   9.9605668e-17
      8630.00   9.9617888e-17
      8631.00   9.9630109e-17
      8632.00   9.9642330e-17
      8633.00   9.9654551e-17
      8634.00   9.9666773e-17
      8635.00   9.9678995e-17
      8636.00   9.9691217e-17
      8637.00   9.9703439e-17
      8638.00   9.9715662e-17
      8639.00   9.9727885e-17
      8640.00   9.9740109e-17
      8641.00   9.9752332e-17
      8642.00   9.9764556e-17
      8643.00   9.9776781e-17
      8644.00   9.9789005e-17
      8645.00   9.9801230e-17
      8646.00   9.9813455e-17
      8647.00   9.9825681e-17
      8648.00   9.9837906e-17
      8649.00   9.9850132e-17
      8650.00   9.9862359e-17
      8651.00   9.9874585e-17
      8652.00   9.9886812e-17
      8653.00   9.9899040e-17
      8654.00   9.9911267e-17
      8655.00   9.9923495e-17
      8656.00   9.9935723e-17
      8657.00   9.9947951e-17
      8658.00   9.9960180e-17
      8659.00   9.9972409e-17
      8660.00   9.9984638e-17
      8661.00   9.9996868e-17
      8662.00   1.0000910e-16
      8663.00   1.0002133e-16
      8664.00   1.0003356e-16
      8665.00   1.0004579e-16
      8666.00   1.0005802e-16
      8667.00   1.0007025e-16
      8668.00   1.0008248e-16
      8669.00   1.0009472e-16
      8670.00   1.0010695e-16
      8671.00   1.0011918e-16
      8672.00   1.0013141e-16
      8673.00   1.0014365e-16
      8674.00   1.0015588e-16
      8675.00   1.0016811e-16
      8676.00   1.0018035e-16
      8677.00   1.0019258e-16
      8678.00   1.0020482e-16
      8679.00   1.0021705e-16
      8680.00   1.0022929e-16
      8681.00   1.0024152e-16
      8682.00   1.0025376e-16
      8683.00   1.0026599e-16
      8684.00   1.0027823e-16
      8685.00   1.0029047e-16
      8686.00   1.0030270e-16
      8687.00   1.0031494e-16
      8688.00   1.0032718e-16
      8689.00   1.0033942e-16
      8690.00   1.0035165e-16
      8691.00   1.0036389e-16
      8692.00   1.0037613e-16
      8693.00   1.0038837e-16
      8694.00   1.0040061e-16
      8695.00   1.0041285e-16
      8696.00   1.0042509e-16
      8697.00   1.0043733e-16
      8698.00   1.0044957e-16
      8699.00   1.0046181e-16
      8700.00   1.0047405e-16
      8701.00   1.0048629e-16
      8702.00   1.0049853e-16
      8703.00   1.0051078e-16
      8704.00   1.0052302e-16
      8705.00   1.0053526e-16
      8706.00   1.0054750e-16
      8707.00   1.0055975e-16
      8708.00   1.0057199e-16
      8709.00   1.0058423e-16
      8710.00   1.0059648e-16
      8711.00   1.0060872e-16
      8712.00   1.0062097e-16
      8713.00   1.0063321e-16
      8714.00   1.0064546e-16
      8715.00   1.0065770e-16
      8716.00   1.0066995e-16
      8717.00   1.0068219e-16
      8718.00   1.0069444e-16
      8719.00   1.0070669e-16
      8720.00   1.0071893e-16
      8721.00   1.0073118e-16
      8722.00   1.0074343e-16
      8723.00   1.0075568e-16
      8724.00   1.0076792e-16
      8725.00   1.0078017e-16
      8726.00   1.0079242e-16
      8727.00   1.0080467e-16
      8728.00   1.0081692e-16
      8729.00   1.0082917e-16
      8730.00   1.0084142e-16
      8731.00   1.0085367e-16
      8732.00   1.0086592e-16
      8733.00   1.0087817e-16
      8734.00   1.0089042e-16
      8735.00   1.0090267e-16
      8736.00   1.0091492e-16
      8737.00   1.0092717e-16
      8738.00   1.0093942e-16
      8739.00   1.0095168e-16
      8740.00   1.0096393e-16
      8741.00   1.0097618e-16
      8742.00   1.0098844e-16
      8743.00   1.0100069e-16
      8744.00   1.0101294e-16
      8745.00   1.0102520e-16
      8746.00   1.0103745e-16
      8747.00   1.0104970e-16
      8748.00   1.0106196e-16
      8749.00   1.0107421e-16
      8750.00   1.0108647e-16
      8751.00   1.0109873e-16
      8752.00   1.0111098e-16
      8753.00   1.0112324e-16
      8754.00   1.0113549e-16
      8755.00   1.0114775e-16
      8756.00   1.0116001e-16
      8757.00   1.0117227e-16
      8758.00   1.0118452e-16
      8759.00   1.0119678e-16
      8760.00   1.0120904e-16
      8761.00   1.0122130e-16
      8762.00   1.0123356e-16
      8763.00   1.0124582e-16
      8764.00   1.0125807e-16
      8765.00   1.0127033e-16
      8766.00   1.0128259e-16
      8767.00   1.0129485e-16
      8768.00   1.0130712e-16
      8769.00   1.0131938e-16
      8770.00   1.0133164e-16
      8771.00   1.0134390e-16
      8772.00   1.0135616e-16
      8773.00   1.0136842e-16
      8774.00   1.0138068e-16
      8775.00   1.0139295e-16
      8776.00   1.0140521e-16
      8777.00   1.0141747e-16
      8778.00   1.0142974e-16
      8779.00   1.0144200e-16
      8780.00   1.0145426e-16
      8781.00   1.0146653e-16
      8782.00   1.0147879e-16
      8783.00   1.0149106e-16
      8784.00   1.0150332e-16
      8785.00   1.0151559e-16
      8786.00   1.0152785e-16
      8787.00   1.0154012e-16
      8788.00   1.0155238e-16
      8789.00   1.0156465e-16
      8790.00   1.0157692e-16
      8791.00   1.0158918e-16
      8792.00   1.0160145e-16
      8793.00   1.0161372e-16
      8794.00   1.0162599e-16
      8795.00   1.0163825e-16
      8796.00   1.0165052e-16
      8797.00   1.0166279e-16
      8798.00   1.0167506e-16
      8799.00   1.0168733e-16
      8800.00   1.0169960e-16
      8801.00   1.0171187e-16
      8802.00   1.0172414e-16
      8803.00   1.0173641e-16
      8804.00   1.0174868e-16
      8805.00   1.0176095e-16
      8806.00   1.0177322e-16
      8807.00   1.0178549e-16
      8808.00   1.0179776e-16
      8809.00   1.0181003e-16
      8810.00   1.0182231e-16
      8811.00   1.0183458e-16
      8812.00   1.0184685e-16
      8813.00   1.0185912e-16
      8814.00   1.0187140e-16
      8815.00   1.0188367e-16
      8816.00   1.0189594e-16
      8817.00   1.0190822e-16
      8818.00   1.0192049e-16
      8819.00   1.0193277e-16
      8820.00   1.0194504e-16
      8821.00   1.0195732e-16
      8822.00   1.0196959e-16
      8823.00   1.0198187e-16
      8824.00   1.0199415e-16
      8825.00   1.0200642e-16
      8826.00   1.0201870e-16
      8827.00   1.0203097e-16
      8828.00   1.0204325e-16
      8829.00   1.0205553e-16
      8830.00   1.0206781e-16
      8831.00   1.0208008e-16
      8832.00   1.0209236e-16
      8833.00   1.0210464e-16
      8834.00   1.0211692e-16
      8835.00   1.0212920e-16
      8836.00   1.0214148e-16
      8837.00   1.0215376e-16
      8838.00   1.0216604e-16
      8839.00   1.0217832e-16
      8840.00   1.0219060e-16
      8841.00   1.0220288e-16
      8842.00   1.0221516e-16
      8843.00   1.0222744e-16
      8844.00   1.0223972e-16
      8845.00   1.0225200e-16
      8846.00   1.0226429e-16
      8847.00   1.0227657e-16
      8848.00   1.0228885e-16
      8849.00   1.0230113e-16
      8850.00   1.0231342e-16
      8851.00   1.0232570e-16
      8852.00   1.0233798e-16
      8853.00   1.0235027e-16
      8854.00   1.0236255e-16
      8855.00   1.0237484e-16
      8856.00   1.0238712e-16
      8857.00   1.0239941e-16
      8858.00   1.0241169e-16
      8859.00   1.0242398e-16
      8860.00   1.0243626e-16
      8861.00   1.0244855e-16
      8862.00   1.0246083e-16
      8863.00   1.0247312e-16
      8864.00   1.0248541e-16
      8865.00   1.0249770e-16
      8866.00   1.0250998e-16
      8867.00   1.0252227e-16
      8868.00   1.0253456e-16
      8869.00   1.0254685e-16
      8870.00   1.0255913e-16
      8871.00   1.0257142e-16
      8872.00   1.0258371e-16
      8873.00   1.0259600e-16
      8874.00   1.0260829e-16
      8875.00   1.0262058e-16
      8876.00   1.0263287e-16
      8877.00   1.0264516e-16
      8878.00   1.0265745e-16
      8879.00   1.0266974e-16
      8880.00   1.0268203e-16
      8881.00   1.0269433e-16
      8882.00   1.0270662e-16
      8883.00   1.0271891e-16
      8884.00   1.0273120e-16
      8885.00   1.0274349e-16
      8886.00   1.0275579e-16
      8887.00   1.0276808e-16
      8888.00   1.0278037e-16
      8889.00   1.0279267e-16
      8890.00   1.0280496e-16
      8891.00   1.0281725e-16
      8892.00   1.0282955e-16
      8893.00   1.0284184e-16
      8894.00   1.0285414e-16
      8895.00   1.0286643e-16
      8896.00   1.0287873e-16
      8897.00   1.0289102e-16
      8898.00   1.0290332e-16
      8899.00   1.0291562e-16
      8900.00   1.0292791e-16
      8901.00   1.0294021e-16
      8902.00   1.0295251e-16
      8903.00   1.0296480e-16
      8904.00   1.0297710e-16
      8905.00   1.0298940e-16
      8906.00   1.0300170e-16
      8907.00   1.0301399e-16
      8908.00   1.0302629e-16
      8909.00   1.0303859e-16
      8910.00   1.0305089e-16
      8911.00   1.0306319e-16
      8912.00   1.0307549e-16
      8913.00   1.0308779e-16
      8914.00   1.0310009e-16
      8915.00   1.0311239e-16
      8916.00   1.0312469e-16
      8917.00   1.0313699e-16
      8918.00   1.0314929e-16
      8919.00   1.0316159e-16
      8920.00   1.0317390e-16
      8921.00   1.0318620e-16
      8922.00   1.0319850e-16
      8923.00   1.0321080e-16
      8924.00   1.0322311e-16
      8925.00   1.0323541e-16
      8926.00   1.0324771e-16
      8927.00   1.0326002e-16
      8928.00   1.0327232e-16
      8929.00   1.0328462e-16
      8930.00   1.0329693e-16
      8931.00   1.0330923e-16
      8932.00   1.0332154e-16
      8933.00   1.0333384e-16
      8934.00   1.0334615e-16
      8935.00   1.0335845e-16
      8936.00   1.0337076e-16
      8937.00   1.0338306e-16
      8938.00   1.0339537e-16
      8939.00   1.0340768e-16
      8940.00   1.0341998e-16
      8941.00   1.0343229e-16
      8942.00   1.0344460e-16
      8943.00   1.0345691e-16
      8944.00   1.0346921e-16
      8945.00   1.0348152e-16
      8946.00   1.0349383e-16
      8947.00   1.0350614e-16
      8948.00   1.0351845e-16
      8949.00   1.0353076e-16
      8950.00   1.0354307e-16
      8951.00   1.0355538e-16
      8952.00   1.0356769e-16
      8953.00   1.0358000e-16
      8954.00   1.0359231e-16
      8955.00   1.0360462e-16
      8956.00   1.0361693e-16
      8957.00   1.0362924e-16
      8958.00   1.0364155e-16
      8959.00   1.0365386e-16
      8960.00   1.0366618e-16
      8961.00   1.0367849e-16
      8962.00   1.0369080e-16
      8963.00   1.0370311e-16
      8964.00   1.0371543e-16
      8965.00   1.0372774e-16
      8966.00   1.0374005e-16
      8967.00   1.0375237e-16
      8968.00   1.0376468e-16
      8969.00   1.0377700e-16
      8970.00   1.0378931e-16
      8971.00   1.0380163e-16
      8972.00   1.0381394e-16
      8973.00   1.0382626e-16
      8974.00   1.0383857e-16
      8975.00   1.0385089e-16
      8976.00   1.0386320e-16
      8977.00   1.0387552e-16
      8978.00   1.0388784e-16
      8979.00   1.0390015e-16
      8980.00   1.0391247e-16
      8981.00   1.0392479e-16
      8982.00   1.0393711e-16
      8983.00   1.0394942e-16
      8984.00   1.0396174e-16
      8985.00   1.0397406e-16
      8986.00   1.0398638e-16
      8987.00   1.0399870e-16
      8988.00   1.0401102e-16
      8989.00   1.0402334e-16
      8990.00   1.0403566e-16
      8991.00   1.0404798e-16
      8992.00   1.0406030e-16
      8993.00   1.0407262e-16
      8994.00   1.0408494e-16
      8995.00   1.0409726e-16
      8996.00   1.0410958e-16
      8997.00   1.0412190e-16
      8998.00   1.0413422e-16
      8999.00   1.0414654e-16
      9000.00   1.0415887e-16
      9001.00   1.0417119e-16
      9002.00   1.0418351e-16
      9003.00   1.0419583e-16
      9004.00   1.0420816e-16
      9005.00   1.0422048e-16
      9006.00   1.0423281e-16
      9007.00   1.0424513e-16
      9008.00   1.0425745e-16
      9009.00   1.0426978e-16
      9010.00   1.0428210e-16
      9011.00   1.0429443e-16
      9012.00   1.0430675e-16
      9013.00   1.0431908e-16
      9014.00   1.0433140e-16
      9015.00   1.0434373e-16
      9016.00   1.0435606e-16
      9017.00   1.0436838e-16
      9018.00   1.0438071e-16
      9019.00   1.0439304e-16
      9020.00   1.0440536e-16
      9021.00   1.0441769e-16
      9022.00   1.0443002e-16
      9023.00   1.0444235e-16
      9024.00   1.0445467e-16
      9025.00   1.0446700e-16
      9026.00   1.0447933e-16
      9027.00   1.0449166e-16
      9028.00   1.0450399e-16
      9029.00   1.0451632e-16
      9030.00   1.0452865e-16
      9031.00   1.0454098e-16
      9032.00   1.0455331e-16
      9033.00   1.0456564e-16
      9034.00   1.0457797e-16
      9035.00   1.0459030e-16
      9036.00   1.0460263e-16
      9037.00   1.0461496e-16
      9038.00   1.0462729e-16
      9039.00   1.0463963e-16
      9040.00   1.0465196e-16
      9041.00   1.0466429e-16
      9042.00   1.0467662e-16
      9043.00   1.0468896e-16
      9044.00   1.0470129e-16
      9045.00   1.0471362e-16
      9046.00   1.0472596e-16
      9047.00   1.0473829e-16
      9048.00   1.0475062e-16
      9049.00   1.0476296e-16
      9050.00   1.0477529e-16
      9051.00   1.0478763e-16
      9052.00   1.0479996e-16
      9053.00   1.0481230e-16
      9054.00   1.0482463e-16
      9055.00   1.0483697e-16
      9056.00   1.0484931e-16
      9057.00   1.0486164e-16
      9058.00   1.0487398e-16
      9059.00   1.0488632e-16
      9060.00   1.0489865e-16
      9061.00   1.0491099e-16
      9062.00   1.0492333e-16
      9063.00   1.0493567e-16
      9064.00   1.0494800e-16
      9065.00   1.0496034e-16
      9066.00   1.0497268e-16
      9067.00   1.0498502e-16
      9068.00   1.0499736e-16
      9069.00   1.0500970e-16
      9070.00   1.0502204e-16
      9071.00   1.0503438e-16
      9072.00   1.0504672e-16
      9073.00   1.0505906e-16
      9074.00   1.0507140e-16
      9075.00   1.0508374e-16
      9076.00   1.0509608e-16
      9077.00   1.0510842e-16
      9078.00   1.0512076e-16
      9079.00   1.0513310e-16
      9080.00   1.0514544e-16
      9081.00   1.0515779e-16
      9082.00   1.0517013e-16
      9083.00   1.0518247e-16
      9084.00   1.0519481e-16
      9085.00   1.0520716e-16
      9086.00   1.0521950e-16
      9087.00   1.0523184e-16
      9088.00   1.0524419e-16
      9089.00   1.0525653e-16
      9090.00   1.0526888e-16
      9091.00   1.0528122e-16
      9092.00   1.0529357e-16
      9093.00   1.0530591e-16
      9094.00   1.0531826e-16
      9095.00   1.0533060e-16
      9096.00   1.0534295e-16
      9097.00   1.0535529e-16
      9098.00   1.0536764e-16
      9099.00   1.0537999e-16
      9100.00   1.0539233e-16
      9101.00   1.0540468e-16
      9102.00   1.0541703e-16
      9103.00   1.0542937e-16
      9104.00   1.0544172e-16
      9105.00   1.0545407e-16
      9106.00   1.0546642e-16
      9107.00   1.0547877e-16
      9108.00   1.0549111e-16
      9109.00   1.0550346e-16
      9110.00   1.0551581e-16
      9111.00   1.0552816e-16
      9112.00   1.0554051e-16
      9113.00   1.0555286e-16
      9114.00   1.0556521e-16
      9115.00   1.0557756e-16
      9116.00   1.0558991e-16
      9117.00   1.0560226e-16
      9118.00   1.0561461e-16
      9119.00   1.0562696e-16
      9120.00   1.0563932e-16
      9121.00   1.0565167e-16
      9122.00   1.0566402e-16
      9123.00   1.0567637e-16
      9124.00   1.0568872e-16
      9125.00   1.0570108e-16
      9126.00   1.0571343e-16
      9127.00   1.0572578e-16
      9128.00   1.0573814e-16
      9129.00   1.0575049e-16
      9130.00   1.0576284e-16
      9131.00   1.0577520e-16
      9132.00   1.0578755e-16
      9133.00   1.0579991e-16
      9134.00   1.0581226e-16
      9135.00   1.0582461e-16
      9136.00   1.0583697e-16
      9137.00   1.0584933e-16
      9138.00   1.0586168e-16
      9139.00   1.0587404e-16
      9140.00   1.0588639e-16
      9141.00   1.0589875e-16
      9142.00   1.0591111e-16
      9143.00   1.0592346e-16
      9144.00   1.0593582e-16
      9145.00   1.0594818e-16
      9146.00   1.0596053e-16
      9147.00   1.0597289e-16
      9148.00   1.0598525e-16
      9149.00   1.0599761e-16
      9150.00   1.0600997e-16
      9151.00   1.0602233e-16
      9152.00   1.0603468e-16
      9153.00   1.0604704e-16
      9154.00   1.0605940e-16
      9155.00   1.0607176e-16
      9156.00   1.0608412e-16
      9157.00   1.0609648e-16
      9158.00   1.0610884e-16
      9159.00   1.0612120e-16
      9160.00   1.0613356e-16
      9161.00   1.0614593e-16
      9162.00   1.0615829e-16
      9163.00   1.0617065e-16
      9164.00   1.0618301e-16
      9165.00   1.0619537e-16
      9166.00   1.0620773e-16
      9167.00   1.0622010e-16
      9168.00   1.0623246e-16
      9169.00   1.0624482e-16
      9170.00   1.0625718e-16
      9171.00   1.0626955e-16
      9172.00   1.0628191e-16
      9173.00   1.0629428e-16
      9174.00   1.0630664e-16
      9175.00   1.0631900e-16
      9176.00   1.0633137e-16
      9177.00   1.0634373e-16
      9178.00   1.0635610e-16
      9179.00   1.0636846e-16
      9180.00   1.0638083e-16
      9181.00   1.0639319e-16
      9182.00   1.0640556e-16
      9183.00   1.0641793e-16
      9184.00   1.0643029e-16
      9185.00   1.0644266e-16
      9186.00   1.0645502e-16
      9187.00   1.0646739e-16
      9188.00   1.0647976e-16
      9189.00   1.0649213e-16
      9190.00   1.0650449e-16
      9191.00   1.0651686e-16
      9192.00   1.0652923e-16
      9193.00   1.0654160e-16
      9194.00   1.0655397e-16
      9195.00   1.0656634e-16
      9196.00   1.0657870e-16
      9197.00   1.0659107e-16
      9198.00   1.0660344e-16
      9199.00   1.0661581e-16
      9200.00   1.0662818e-16
      9201.00   1.0664055e-16
      9202.00   1.0665292e-16
      9203.00   1.0666529e-16
      9204.00   1.0667766e-16
      9205.00   1.0669004e-16
      9206.00   1.0670241e-16
      9207.00   1.0671478e-16
      9208.00   1.0672715e-16
      9209.00   1.0673952e-16
      9210.00   1.0675189e-16
      9211.00   1.0676427e-16
      9212.00   1.0677664e-16
      9213.00   1.0678901e-16
      9214.00   1.0680139e-16
      9215.00   1.0681376e-16
      9216.00   1.0682613e-16
      9217.00   1.0683851e-16
      9218.00   1.0685088e-16
      9219.00   1.0686325e-16
      9220.00   1.0687563e-16
      9221.00   1.0688800e-16
      9222.00   1.0690038e-16
      9223.00   1.0691275e-16
      9224.00   1.0692513e-16
      9225.00   1.0693750e-16
      9226.00   1.0694988e-16
      9227.00   1.0696226e-16
      9228.00   1.0697463e-16
      9229.00   1.0698701e-16
      9230.00   1.0699938e-16
      9231.00   1.0701176e-16
      9232.00   1.0702414e-16
      9233.00   1.0703652e-16
      9234.00   1.0704889e-16
      9235.00   1.0706127e-16
      9236.00   1.0707365e-16
      9237.00   1.0708603e-16
      9238.00   1.0709841e-16
      9239.00   1.0711078e-16
      9240.00   1.0712316e-16
      9241.00   1.0713554e-16
      9242.00   1.0714792e-16
      9243.00   1.0716030e-16
      9244.00   1.0717268e-16
      9245.00   1.0718506e-16
      9246.00   1.0719744e-16
      9247.00   1.0720982e-16
      9248.00   1.0722220e-16
      9249.00   1.0723458e-16
      9250.00   1.0724696e-16
      9251.00   1.0725934e-16
      9252.00   1.0727173e-16
      9253.00   1.0728411e-16
      9254.00   1.0729649e-16
      9255.00   1.0730887e-16
      9256.00   1.0732125e-16
      9257.00   1.0733364e-16
      9258.00   1.0734602e-16
      9259.00   1.0735840e-16
      9260.00   1.0737079e-16
      9261.00   1.0738317e-16
      9262.00   1.0739555e-16
      9263.00   1.0740794e-16
      9264.00   1.0742032e-16
      9265.00   1.0743271e-16
      9266.00   1.0744509e-16
      9267.00   1.0745748e-16
      9268.00   1.0746986e-16
      9269.00   1.0748225e-16
      9270.00   1.0749463e-16
      9271.00   1.0750702e-16
      9272.00   1.0751940e-16
      9273.00   1.0753179e-16
      9274.00   1.0754417e-16
      9275.00   1.0755656e-16
      9276.00   1.0756895e-16
      9277.00   1.0758133e-16
      9278.00   1.0759372e-16
      9279.00   1.0760611e-16
      9280.00   1.0761850e-16
      9281.00   1.0763088e-16
      9282.00   1.0764327e-16
      9283.00   1.0765566e-16
      9284.00   1.0766805e-16
      9285.00   1.0768044e-16
      9286.00   1.0769283e-16
      9287.00   1.0770522e-16
      9288.00   1.0771761e-16
      9289.00   1.0773000e-16
      9290.00   1.0774239e-16
      9291.00   1.0775477e-16
      9292.00   1.0776717e-16
      9293.00   1.0777956e-16
      9294.00   1.0779195e-16
      9295.00   1.0780434e-16
      9296.00   1.0781673e-16
      9297.00   1.0782912e-16
      9298.00   1.0784151e-16
      9299.00   1.0785390e-16
      9300.00   1.0786629e-16
      9301.00   1.0787869e-16
      9302.00   1.0789108e-16
      9303.00   1.0790347e-16
      9304.00   1.0791586e-16
      9305.00   1.0792826e-16
      9306.00   1.0794065e-16
      9307.00   1.0795304e-16
      9308.00   1.0796544e-16
      9309.00   1.0797783e-16
      9310.00   1.0799023e-16
      9311.00   1.0800262e-16
      9312.00   1.0801501e-16
      9313.00   1.0802741e-16
      9314.00   1.0803980e-16
      9315.00   1.0805220e-16
      9316.00   1.0806459e-16
      9317.00   1.0807699e-16
      9318.00   1.0808939e-16
      9319.00   1.0810178e-16
      9320.00   1.0811418e-16
      9321.00   1.0812657e-16
      9322.00   1.0813897e-16
      9323.00   1.0815137e-16
      9324.00   1.0816376e-16
      9325.00   1.0817616e-16
      9326.00   1.0818856e-16
      9327.00   1.0820096e-16
      9328.00   1.0821335e-16
      9329.00   1.0822575e-16
      9330.00   1.0823815e-16
      9331.00   1.0825055e-16
      9332.00   1.0826295e-16
      9333.00   1.0827535e-16
      9334.00   1.0828775e-16
      9335.00   1.0830015e-16
      9336.00   1.0831254e-16
      9337.00   1.0832494e-16
      9338.00   1.0833734e-16
      9339.00   1.0834974e-16
      9340.00   1.0836214e-16
      9341.00   1.0837455e-16
      9342.00   1.0838695e-16
      9343.00   1.0839935e-16
      9344.00   1.0841175e-16
      9345.00   1.0842415e-16
      9346.00   1.0843655e-16
      9347.00   1.0844895e-16
      9348.00   1.0846136e-16
      9349.00   1.0847376e-16
      9350.00   1.0848616e-16
      9351.00   1.0849856e-16
      9352.00   1.0851097e-16
      9353.00   1.0852337e-16
      9354.00   1.0853577e-16
      9355.00   1.0854818e-16
      9356.00   1.0856058e-16
      9357.00   1.0857298e-16
      9358.00   1.0858539e-16
      9359.00   1.0859779e-16
      9360.00   1.0861020e-16
      9361.00   1.0862260e-16
      9362.00   1.0863501e-16
      9363.00   1.0864741e-16
      9364.00   1.0865982e-16
      9365.00   1.0867222e-16
      9366.00   1.0868463e-16
      9367.00   1.0869703e-16
      9368.00   1.0870944e-16
      9369.00   1.0872185e-16
      9370.00   1.0873425e-16
      9371.00   1.0874666e-16
      9372.00   1.0875907e-16
      9373.00   1.0877147e-16
      9374.00   1.0878388e-16
      9375.00   1.0879629e-16
      9376.00   1.0880870e-16
      9377.00   1.0882110e-16
      9378.00   1.0883351e-16
      9379.00   1.0884592e-16
      9380.00   1.0885833e-16
      9381.00   1.0887074e-16
      9382.00   1.0888315e-16
      9383.00   1.0889556e-16
      9384.00   1.0890797e-16
      9385.00   1.0892038e-16
      9386.00   1.0893279e-16
      9387.00   1.0894520e-16
      9388.00   1.0895761e-16
      9389.00   1.0897002e-16
      9390.00   1.0898243e-16
      9391.00   1.0899484e-16
      9392.00   1.0900725e-16
      9393.00   1.0901966e-16
      9394.00   1.0903207e-16
      9395.00   1.0904448e-16
      9396.00   1.0905690e-16
      9397.00   1.0906931e-16
      9398.00   1.0908172e-16
      9399.00   1.0909413e-16
      9400.00   1.0910654e-16
      9401.00   1.0911896e-16
      9402.00   1.0913137e-16
      9403.00   1.0914378e-16
      9404.00   1.0915620e-16
      9405.00   1.0916861e-16
      9406.00   1.0918103e-16
      9407.00   1.0919344e-16
      9408.00   1.0920585e-16
      9409.00   1.0921827e-16
      9410.00   1.0923068e-16
      9411.00   1.0924310e-16
      9412.00   1.0925551e-16
      9413.00   1.0926793e-16
      9414.00   1.0928034e-16
      9415.00   1.0929276e-16
      9416.00   1.0930518e-16
      9417.00   1.0931759e-16
      9418.00   1.0933001e-16
      9419.00   1.0934242e-16
      9420.00   1.0935484e-16
      9421.00   1.0936726e-16
      9422.00   1.0937968e-16
      9423.00   1.0939209e-16
      9424.00   1.0940451e-16
      9425.00   1.0941693e-16
      9426.00   1.0942935e-16
      9427.00   1.0944176e-16
      9428.00   1.0945418e-16
      9429.00   1.0946660e-16
      9430.00   1.0947902e-16
      9431.00   1.0949144e-16
      9432.00   1.0950386e-16
      9433.00   1.0951628e-16
      9434.00   1.0952870e-16
      9435.00   1.0954112e-16
      9436.00   1.0955354e-16
      9437.00   1.0956596e-16
      9438.00   1.0957838e-16
      9439.00   1.0959080e-16
      9440.00   1.0960322e-16
      9441.00   1.0961564e-16
      9442.00   1.0962806e-16
      9443.00   1.0964048e-16
      9444.00   1.0965290e-16
      9445.00   1.0966532e-16
      9446.00   1.0967775e-16
      9447.00   1.0969017e-16
      9448.00   1.0970259e-16
      9449.00   1.0971501e-16
      9450.00   1.0972743e-16
      9451.00   1.0973986e-16
      9452.00   1.0975228e-16
      9453.00   1.0976470e-16
      9454.00   1.0977713e-16
      9455.00   1.0978955e-16
      9456.00   1.0980197e-16
      9457.00   1.0981440e-16
      9458.00   1.0982682e-16
      9459.00   1.0983925e-16
      9460.00   1.0985167e-16
      9461.00   1.0986410e-16
      9462.00   1.0987652e-16
      9463.00   1.0988895e-16
      9464.00   1.0990137e-16
      9465.00   1.0991380e-16
      9466.00   1.0992622e-16
      9467.00   1.0993865e-16
      9468.00   1.0995108e-16
      9469.00   1.0996350e-16
      9470.00   1.0997593e-16
      9471.00   1.0998836e-16
      9472.00   1.1000078e-16
      9473.00   1.1001321e-16
      9474.00   1.1002564e-16
      9475.00   1.1003806e-16
      9476.00   1.1005049e-16
      9477.00   1.1006292e-16
      9478.00   1.1007535e-16
      9479.00   1.1008778e-16
      9480.00   1.1010020e-16
      9481.00   1.1011263e-16
      9482.00   1.1012506e-16
      9483.00   1.1013749e-16
      9484.00   1.1014992e-16
      9485.00   1.1016235e-16
      9486.00   1.1017478e-16
      9487.00   1.1018721e-16
      9488.00   1.1019964e-16
      9489.00   1.1021207e-16
      9490.00   1.1022450e-16
      9491.00   1.1023693e-16
      9492.00   1.1024936e-16
      9493.00   1.1026179e-16
      9494.00   1.1027422e-16
      9495.00   1.1028665e-16
      9496.00   1.1029909e-16
      9497.00   1.1031152e-16
      9498.00   1.1032395e-16
      9499.00   1.1033638e-16
      9500.00   1.1034881e-16
      9501.00   1.1036125e-16
      9502.00   1.1037368e-16
      9503.00   1.1038611e-16
      9504.00   1.1039855e-16
      9505.00   1.1041098e-16
      9506.00   1.1042341e-16
      9507.00   1.1043585e-16
      9508.00   1.1044828e-16
      9509.00   1.1046071e-16
      9510.00   1.1047315e-16
      9511.00   1.1048558e-16
      9512.00   1.1049802e-16
      9513.00   1.1051045e-16
      9514.00   1.1052289e-16
      9515.00   1.1053532e-16
      9516.00   1.1054776e-16
      9517.00   1.1056019e-16
      9518.00   1.1057263e-16
      9519.00   1.1058506e-16
      9520.00   1.1059750e-16
      9521.00   1.1060994e-16
      9522.00   1.1062237e-16
      9523.00   1.1063481e-16
      9524.00   1.1064725e-16
      9525.00   1.1065968e-16
      9526.00   1.1067212e-16
      9527.00   1.1068456e-16
      9528.00   1.1069700e-16
      9529.00   1.1070943e-16
      9530.00   1.1072187e-16
      9531.00   1.1073431e-16
      9532.00   1.1074675e-16
      9533.00   1.1075919e-16
      9534.00   1.1077162e-16
      9535.00   1.1078406e-16
      9536.00   1.1079650e-16
      9537.00   1.1080894e-16
      9538.00   1.1082138e-16
      9539.00   1.1083382e-16
      9540.00   1.1084626e-16
      9541.00   1.1085870e-16
      9542.00   1.1087114e-16
      9543.00   1.1088358e-16
      9544.00   1.1089602e-16
      9545.00   1.1090846e-16
      9546.00   1.1092090e-16
      9547.00   1.1093334e-16
      9548.00   1.1094579e-16
      9549.00   1.1095823e-16
      9550.00   1.1097067e-16
      9551.00   1.1098311e-16
      9552.00   1.1099555e-16
      9553.00   1.1100800e-16
      9554.00   1.1102044e-16
      9555.00   1.1103288e-16
      9556.00   1.1104532e-16
      9557.00   1.1105777e-16
      9558.00   1.1107021e-16
      9559.00   1.1108265e-16
      9560.00   1.1109510e-16
      9561.00   1.1110754e-16
      9562.00   1.1111998e-16
      9563.00   1.1113243e-16
      9564.00   1.1114487e-16
      9565.00   1.1115732e-16
      9566.00   1.1116976e-16
      9567.00   1.1118221e-16
      9568.00   1.1119465e-16
      9569.00   1.1120710e-16
      9570.00   1.1121954e-16
      9571.00   1.1123199e-16
      9572.00   1.1124443e-16
      9573.00   1.1125688e-16
      9574.00   1.1126932e-16
      9575.00   1.1128177e-16
      9576.00   1.1129422e-16
      9577.00   1.1130666e-16
      9578.00   1.1131911e-16
      9579.00   1.1133156e-16
      9580.00   1.1134400e-16
      9581.00   1.1135645e-16
      9582.00   1.1136890e-16
      9583.00   1.1138135e-16
      9584.00   1.1139379e-16
      9585.00   1.1140624e-16
      9586.00   1.1141869e-16
      9587.00   1.1143114e-16
      9588.00   1.1144359e-16
      9589.00   1.1145604e-16
      9590.00   1.1146848e-16
      9591.00   1.1148093e-16
      9592.00   1.1149338e-16
      9593.00   1.1150583e-16
      9594.00   1.1151828e-16
      9595.00   1.1153073e-16
      9596.00   1.1154318e-16
      9597.00   1.1155563e-16
      9598.00   1.1156808e-16
      9599.00   1.1158053e-16
      9600.00   1.1159298e-16
      9601.00   1.1160543e-16
      9602.00   1.1161789e-16
      9603.00   1.1163034e-16
      9604.00   1.1164279e-16
      9605.00   1.1165524e-16
      9606.00   1.1166769e-16
      9607.00   1.1168014e-16
      9608.00   1.1169260e-16
      9609.00   1.1170505e-16
      9610.00   1.1171750e-16
      9611.00   1.1172995e-16
      9612.00   1.1174241e-16
      9613.00   1.1175486e-16
      9614.00   1.1176731e-16
      9615.00   1.1177977e-16
      9616.00   1.1179222e-16
      9617.00   1.1180467e-16
      9618.00   1.1181713e-16
      9619.00   1.1182958e-16
      9620.00   1.1184204e-16
      9621.00   1.1185449e-16
      9622.00   1.1186694e-16
      9623.00   1.1187940e-16
      9624.00   1.1189185e-16
      9625.00   1.1190431e-16
      9626.00   1.1191677e-16
      9627.00   1.1192922e-16
      9628.00   1.1194168e-16
      9629.00   1.1195413e-16
      9630.00   1.1196659e-16
      9631.00   1.1197904e-16
      9632.00   1.1199150e-16
      9633.00   1.1200396e-16
      9634.00   1.1201641e-16
      9635.00   1.1202887e-16
      9636.00   1.1204133e-16
      9637.00   1.1205379e-16
      9638.00   1.1206624e-16
      9639.00   1.1207870e-16
      9640.00   1.1209116e-16
      9641.00   1.1210362e-16
      9642.00   1.1211607e-16
      9643.00   1.1212853e-16
      9644.00   1.1214099e-16
      9645.00   1.1215345e-16
      9646.00   1.1216591e-16
      9647.00   1.1217837e-16
      9648.00   1.1219083e-16
      9649.00   1.1220329e-16
      9650.00   1.1221575e-16
      9651.00   1.1222820e-16
      9652.00   1.1224066e-16
      9653.00   1.1225312e-16
      9654.00   1.1226558e-16
      9655.00   1.1227805e-16
      9656.00   1.1229051e-16
      9657.00   1.1230297e-16
      9658.00   1.1231543e-16
      9659.00   1.1232789e-16
      9660.00   1.1234035e-16
      9661.00   1.1235281e-16
      9662.00   1.1236527e-16
      9663.00   1.1237773e-16
      9664.00   1.1239020e-16
      9665.00   1.1240266e-16
      9666.00   1.1241512e-16
      9667.00   1.1242758e-16
      9668.00   1.1244005e-16
      9669.00   1.1245251e-16
      9670.00   1.1246497e-16
      9671.00   1.1247743e-16
      9672.00   1.1248990e-16
      9673.00   1.1250236e-16
      9674.00   1.1251482e-16
      9675.00   1.1252729e-16
      9676.00   1.1253975e-16
      9677.00   1.1255222e-16
      9678.00   1.1256468e-16
      9679.00   1.1257715e-16
      9680.00   1.1258961e-16
      9681.00   1.1260207e-16
      9682.00   1.1261454e-16
      9683.00   1.1262700e-16
      9684.00   1.1263947e-16
      9685.00   1.1265194e-16
      9686.00   1.1266440e-16
      9687.00   1.1267687e-16
      9688.00   1.1268933e-16
      9689.00   1.1270180e-16
      9690.00   1.1271427e-16
      9691.00   1.1272673e-16
      9692.00   1.1273920e-16
      9693.00   1.1275167e-16
      9694.00   1.1276413e-16
      9695.00   1.1277660e-16
      9696.00   1.1278907e-16
      9697.00   1.1280153e-16
      9698.00   1.1281400e-16
      9699.00   1.1282647e-16
      9700.00   1.1283894e-16
      9701.00   1.1285141e-16
      9702.00   1.1286387e-16
      9703.00   1.1287634e-16
      9704.00   1.1288881e-16
      9705.00   1.1290128e-16
      9706.00   1.1291375e-16
      9707.00   1.1292622e-16
      9708.00   1.1293869e-16
      9709.00   1.1295116e-16
      9710.00   1.1296363e-16
      9711.00   1.1297610e-16
      9712.00   1.1298857e-16
      9713.00   1.1300104e-16
      9714.00   1.1301351e-16
      9715.00   1.1302598e-16
      9716.00   1.1303845e-16
      9717.00   1.1305092e-16
      9718.00   1.1306339e-16
      9719.00   1.1307586e-16
      9720.00   1.1308833e-16
      9721.00   1.1310080e-16
      9722.00   1.1311328e-16
      9723.00   1.1312575e-16
      9724.00   1.1313822e-16
      9725.00   1.1315069e-16
      9726.00   1.1316316e-16
      9727.00   1.1317564e-16
      9728.00   1.1318811e-16
      9729.00   1.1320058e-16
      9730.00   1.1321305e-16
      9731.00   1.1322553e-16
      9732.00   1.1323800e-16
      9733.00   1.1325047e-16
      9734.00   1.1326295e-16
      9735.00   1.1327542e-16
      9736.00   1.1328790e-16
      9737.00   1.1330037e-16
      9738.00   1.1331284e-16
      9739.00   1.1332532e-16
      9740.00   1.1333779e-16
      9741.00   1.1335027e-16
      9742.00   1.1336274e-16
      9743.00   1.1337522e-16
      9744.00   1.1338769e-16
      9745.00   1.1340017e-16
      9746.00   1.1341264e-16
      9747.00   1.1342512e-16
      9748.00   1.1343760e-16
      9749.00   1.1345007e-16
      9750.00   1.1346255e-16
      9751.00   1.1347502e-16
      9752.00   1.1348750e-16
      9753.00   1.1349998e-16
      9754.00   1.1351245e-16
      9755.00   1.1352493e-16
      9756.00   1.1353741e-16
      9757.00   1.1354989e-16
      9758.00   1.1356236e-16
      9759.00   1.1357484e-16
      9760.00   1.1358732e-16
      9761.00   1.1359980e-16
      9762.00   1.1361227e-16
      9763.00   1.1362475e-16
      9764.00   1.1363723e-16
      9765.00   1.1364971e-16
      9766.00   1.1366219e-16
      9767.00   1.1367467e-16
      9768.00   1.1368715e-16
      9769.00   1.1369963e-16
      9770.00   1.1371211e-16
      9771.00   1.1372459e-16
      9772.00   1.1373706e-16
      9773.00   1.1374954e-16
      9774.00   1.1376202e-16
      9775.00   1.1377450e-16
      9776.00   1.1378699e-16
      9777.00   1.1379947e-16
      9778.00   1.1381195e-16
      9779.00   1.1382443e-16
      9780.00   1.1383691e-16
      9781.00   1.1384939e-16
      9782.00   1.1386187e-16
      9783.00   1.1387435e-16
      9784.00   1.1388683e-16
      9785.00   1.1389932e-16
      9786.00   1.1391180e-16
      9787.00   1.1392428e-16
      9788.00   1.1393676e-16
      9789.00   1.1394924e-16
      9790.00   1.1396173e-16
      9791.00   1.1397421e-16
      9792.00   1.1398669e-16
      9793.00   1.1399918e-16
      9794.00   1.1401166e-16
      9795.00   1.1402414e-16
      9796.00   1.1403663e-16
      9797.00   1.1404911e-16
      9798.00   1.1406159e-16
      9799.00   1.1407408e-16
      9800.00   1.1408656e-16
      9801.00   1.1409905e-16
      9802.00   1.1411153e-16
      9803.00   1.1412401e-16
      9804.00   1.1413650e-16
      9805.00   1.1414898e-16
      9806.00   1.1416147e-16
      9807.00   1.1417395e-16
      9808.00   1.1418644e-16
      9809.00   1.1419893e-16
      9810.00   1.1421141e-16
      9811.00   1.1422390e-16
      9812.00   1.1423638e-16
      9813.00   1.1424887e-16
      9814.00   1.1426135e-16
      9815.00   1.1427384e-16
      9816.00   1.1428633e-16
      9817.00   1.1429881e-16
      9818.00   1.1431130e-16
      9819.00   1.1432379e-16
      9820.00   1.1433628e-16
      9821.00   1.1434876e-16
      9822.00   1.1436125e-16
      9823.00   1.1437374e-16
      9824.00   1.1438623e-16
      9825.00   1.1439871e-16
      9826.00   1.1441120e-16
      9827.00   1.1442369e-16
      9828.00   1.1443618e-16
      9829.00   1.1444867e-16
      9830.00   1.1446116e-16
      9831.00   1.1447365e-16
      9832.00   1.1448613e-16
      9833.00   1.1449862e-16
      9834.00   1.1451111e-16
      9835.00   1.1452360e-16
      9836.00   1.1453609e-16
      9837.00   1.1454858e-16
      9838.00   1.1456107e-16
      9839.00   1.1457356e-16
      9840.00   1.1458605e-16
      9841.00   1.1459854e-16
      9842.00   1.1461103e-16
      9843.00   1.1462352e-16
      9844.00   1.1463601e-16
      9845.00   1.1464851e-16
      9846.00   1.1466100e-16
      9847.00   1.1467349e-16
      9848.00   1.1468598e-16
      9849.00   1.1469847e-16
      9850.00   1.1471096e-16
      9851.00   1.1472346e-16
      9852.00   1.1473595e-16
      9853.00   1.1474844e-16
      9854.00   1.1476093e-16
      9855.00   1.1477342e-16
      9856.00   1.1478592e-16
      9857.00   1.1479841e-16
      9858.00   1.1481090e-16
      9859.00   1.1482340e-16
      9860.00   1.1483589e-16
      9861.00   1.1484838e-16
      9862.00   1.1486088e-16
      9863.00   1.1487337e-16
      9864.00   1.1488586e-16
      9865.00   1.1489836e-16
      9866.00   1.1491085e-16
      9867.00   1.1492335e-16
      9868.00   1.1493584e-16
      9869.00   1.1494834e-16
      9870.00   1.1496083e-16
      9871.00   1.1497332e-16
      9872.00   1.1498582e-16
      9873.00   1.1499831e-16
      9874.00   1.1501081e-16
      9875.00   1.1502331e-16
      9876.00   1.1503580e-16
      9877.00   1.1504830e-16
      9878.00   1.1506079e-16
      9879.00   1.1507329e-16
      9880.00   1.1508579e-16
      9881.00   1.1509828e-16
      9882.00   1.1511078e-16
      9883.00   1.1512327e-16
      9884.00   1.1513577e-16
      9885.00   1.1514827e-16
      9886.00   1.1516077e-16
      9887.00   1.1517326e-16
      9888.00   1.1518576e-16
      9889.00   1.1519826e-16
      9890.00   1.1521076e-16
      9891.00   1.1522325e-16
      9892.00   1.1523575e-16
      9893.00   1.1524825e-16
      9894.00   1.1526075e-16
      9895.00   1.1527325e-16
      9896.00   1.1528574e-16
      9897.00   1.1529824e-16
      9898.00   1.1531074e-16
      9899.00   1.1532324e-16
      9900.00   1.1533574e-16
      9901.00   1.1534824e-16
      9902.00   1.1536074e-16
      9903.00   1.1537324e-16
      9904.00   1.1538574e-16
      9905.00   1.1539824e-16
      9906.00   1.1541074e-16
      9907.00   1.1542324e-16
      9908.00   1.1543574e-16
      9909.00   1.1544824e-16
      9910.00   1.1546074e-16
      9911.00   1.1547324e-16
      9912.00   1.1548574e-16
      9913.00   1.1549824e-16
      9914.00   1.1551074e-16
      9915.00   1.1552324e-16
      9916.00   1.1553575e-16
      9917.00   1.1554825e-16
      9918.00   1.1556075e-16
      9919.00   1.1557325e-16
      9920.00   1.1558575e-16
      9921.00   1.1559826e-16
      9922.00   1.1561076e-16
      9923.00   1.1562326e-16
      9924.00   1.1563576e-16
      9925.00   1.1564827e-16
      9926.00   1.1566077e-16
      9927.00   1.1567327e-16
      9928.00   1.1568577e-16
      9929.00   1.1569828e-16
      9930.00   1.1571078e-16
      9931.00   1.1572328e-16
      9932.00   1.1573579e-16
      9933.00   1.1574829e-16
      9934.00   1.1576080e-16
      9935.00   1.1577330e-16
      9936.00   1.1578580e-16
      9937.00   1.1579831e-16
      9938.00   1.1581081e-16
      9939.00   1.1582332e-16
      9940.00   1.1583582e-16
      9941.00   1.1584833e-16
      9942.00   1.1586083e-16
      9943.00   1.1587334e-16
      9944.00   1.1588584e-16
      9945.00   1.1589835e-16
      9946.00   1.1591085e-16
      9947.00   1.1592336e-16
      9948.00   1.1593587e-16
      9949.00   1.1594837e-16
      9950.00   1.1596088e-16
      9951.00   1.1597339e-16
      9952.00   1.1598589e-16
      9953.00   1.1599840e-16
      9954.00   1.1601091e-16
      9955.00   1.1602341e-16
      9956.00   1.1603592e-16
      9957.00   1.1604843e-16
      9958.00   1.1606093e-16
      9959.00   1.1607344e-16
      9960.00   1.1608595e-16
      9961.00   1.1609846e-16
      9962.00   1.1611096e-16
      9963.00   1.1612347e-16
      9964.00   1.1613598e-16
      9965.00   1.1614849e-16
      9966.00   1.1616100e-16
      9967.00   1.1617351e-16
      9968.00   1.1618601e-16
      9969.00   1.1619852e-16
      9970.00   1.1621103e-16
      9971.00   1.1622354e-16
      9972.00   1.1623605e-16
      9973.00   1.1624856e-16
      9974.00   1.1626107e-16
      9975.00   1.1627358e-16
      9976.00   1.1628609e-16
      9977.00   1.1629860e-16
      9978.00   1.1631111e-16
      9979.00   1.1632362e-16
      9980.00   1.1633613e-16
      9981.00   1.1634864e-16
      9982.00   1.1636115e-16
      9983.00   1.1637366e-16
      9984.00   1.1638617e-16
      9985.00   1.1639868e-16
      9986.00   1.1641119e-16
      9987.00   1.1642371e-16
      9988.00   1.1643622e-16
      9989.00   1.1644873e-16
      9990.00   1.1646124e-16
      9991.00   1.1647375e-16
      9992.00   1.1648626e-16
      9993.00   1.1649878e-16
      9994.00   1.1651129e-16
      9995.00   1.1652380e-16
      9996.00   1.1653631e-16
      9997.00   1.1654883e-16
      9998.00   1.1656134e-16
      9999.00   1.1657385e-16
      10000.0   1.1658636e-16
