      100.000       0.0000000
      101.000       0.0000000
      102.000       0.0000000
      103.000       0.0000000
      104.000       0.0000000
      105.000       0.0000000
      106.000       0.0000000
      107.000       0.0000000
      108.000       0.0000000
      109.000       0.0000000
      110.000       0.0000000
      111.000       0.0000000
      112.000       0.0000000
      113.000       0.0000000
      114.000       0.0000000
      115.000       0.0000000
      116.000       0.0000000
      117.000       0.0000000
      118.000       0.0000000
      119.000       0.0000000
      120.000       0.0000000
      121.000       0.0000000
      122.000       0.0000000
      123.000       0.0000000
      124.000       0.0000000
      125.000       0.0000000
      126.000       0.0000000
      127.000       0.0000000
      128.000       0.0000000
      129.000       0.0000000
      130.000       0.0000000
      131.000       0.0000000
      132.000       0.0000000
      133.000       0.0000000
      134.000       0.0000000
      135.000       0.0000000
      136.000       0.0000000
      137.000  7.8729310e-292
      138.000  1.5107771e-289
      139.000  1.3817221e-287
      140.000  1.1878286e-285
      141.000  9.5873641e-284
      142.000  7.2745930e-282
      143.000  5.1957197e-280
      144.000  3.4974978e-278
      145.000  2.2216517e-276
      146.000  1.3332722e-274
      147.000  7.5681432e-273
      148.000  4.0679667e-271
      149.000  2.0728105e-269
      150.000  1.0023050e-267
      151.000  4.6041551e-266
      152.000  2.0111733e-264
      153.000  8.3623202e-263
      154.000  3.3128287e-261
      155.000  1.2516197e-259
      156.000  4.5138074e-258
      157.000  1.5552374e-256
      158.000  5.1240041e-255
      159.000  1.6156526e-253
      160.000  4.8794371e-252
      161.000  1.4126131e-250
      162.000  3.9232723e-249
      163.000  1.0461092e-247
      164.000  2.6799858e-246
      165.000  6.6013163e-245
      166.000  1.5645132e-243
      167.000  3.5700910e-242
      168.000  7.8491789e-241
      169.000  1.6637982e-239
      170.000  3.4024240e-238
      171.000  6.7167758e-237
      172.000  1.2808104e-235
      173.000  2.3605937e-234
      174.000  4.2075063e-233
      175.000  7.2567877e-232
      176.000  1.2117791e-230
      177.000  1.9601971e-229
      178.000  3.0733053e-228
      179.000  4.6727075e-227
      180.000  6.8930378e-226
      181.000  9.8707280e-225
      182.000  1.3727666e-223
      183.000  1.8550736e-222
      184.000  2.4369455e-221
      185.000  3.1135062e-220
      186.000  3.8705045e-219
      187.000  4.6837087e-218
      188.000  5.5195429e-217
      189.000  6.3370893e-216
      190.000  7.0913464e-215
      191.000  7.7373937e-214
      192.000  8.2349148e-213
      193.000  8.5524336e-212
      194.000  8.6706327e-211
      195.000  8.5842684e-210
      196.000  8.3024227e-209
      197.000  7.8471131e-208
      198.000  7.2505311e-207
      199.000  6.5513810e-206
      200.000  5.7908772e-205
      201.000  5.0089505e-204
      202.000  4.2411109e-203
      203.000  3.5162512e-202
      204.000  2.8554970e-201
      205.000  2.2720435e-200
      206.000  1.7717960e-199
      207.000  1.3545637e-198
      208.000  1.0155420e-197
      209.000  7.4684560e-197
      210.000  5.3891170e-196
      211.000  3.8165889e-195
      212.000  2.6535000e-194
      213.000  1.8115965e-193
      214.000  1.2148236e-192
      215.000  8.0035550e-192
      216.000  5.1817589e-191
      217.000  3.2976204e-190
      218.000  2.0632698e-189
      219.000  1.2695334e-188
      220.000  7.6835869e-188
      221.000  4.5752290e-187
      222.000  2.6809339e-186
      223.000  1.5462423e-185
      224.000  8.7796921e-185
      225.000  4.9088722e-184
      226.000  2.7031723e-183
      227.000  1.4663667e-182
      228.000  7.8374362e-182
      229.000  4.1281200e-181
      230.000  2.1431879e-180
      231.000  1.0969306e-179
      232.000  5.5359103e-179
      233.000  2.7552973e-178
      234.000  1.3526787e-177
      235.000  6.5515427e-177
      236.000  3.1310488e-176
      237.000  1.4767495e-175
      238.000  6.8749051e-175
      239.000  3.1596605e-174
      240.000  1.4338302e-173
      241.000  6.4255046e-173
      242.000  2.8440447e-172
      243.000  1.2435167e-171
      244.000  5.3717794e-171
      245.000  2.2929798e-170
      246.000  9.6729953e-170
      247.000  4.0333190e-169
      248.000  1.6625172e-168
      249.000  6.7753521e-168
      250.000  2.7303539e-167
      251.000  1.0881421e-166
      252.000  4.2893279e-166
      253.000  1.6725775e-165
      254.000  6.4525614e-165
      255.000  2.4630977e-164
      256.000  9.3044034e-164
      257.000  3.4786105e-163
      258.000  1.2873173e-162
      259.000  4.7160600e-162
      260.000  1.7105568e-161
      261.000  6.1434159e-161
      262.000  2.1849707e-160
      263.000  7.6964932e-160
      264.000  2.6853400e-159
      265.000  9.2813607e-159
      266.000  3.1781626e-158
      267.000  1.0782963e-157
      268.000  3.6252872e-157
      269.000  1.2079060e-156
      270.000  3.9889051e-156
      271.000  1.3057107e-155
      272.000  4.2369665e-155
      273.000  1.3630743e-154
      274.000  4.3479183e-154
      275.000  1.3752478e-153
      276.000  4.3137802e-153
      277.000  1.3419977e-152
      278.000  4.1409585e-152
      279.000  1.2674866e-151
      280.000  3.8487249e-151
      281.000  1.1594668e-150
      282.000  3.4658058e-150
      283.000  1.0279939e-149
      284.000  3.0258872e-149
      285.000  8.8394607e-149
      286.000  2.5629736e-148
      287.000  7.3763548e-148
      288.000  2.1074259e-147
      289.000  5.9773503e-147
      290.000  1.6832306e-146
      291.000  4.7064037e-146
      292.000  1.3067037e-145
      293.000  3.6027881e-145
      294.000  9.8651760e-145
      295.000  2.6829088e-144
      296.000  7.2472288e-144
      297.000  1.9446106e-143
      298.000  5.1834291e-143
      299.000  1.3726328e-142
      300.000  3.6113758e-142
      301.000  9.4406135e-142
      302.000  2.4522495e-141
      303.000  6.3298491e-141
      304.000  1.6237280e-140
      305.000  4.1395302e-140
      306.000  1.0488973e-139
      307.000  2.6417088e-139
      308.000  6.6135187e-139
      309.000  1.6458914e-138
      310.000  4.0720737e-138
      311.000  1.0016145e-137
      312.000  2.4495164e-137
      313.000  5.9563322e-137
      314.000  1.4401906e-136
      315.000  3.4627960e-136
      316.000  8.2798569e-136
      317.000  1.9689311e-135
      318.000  4.6566385e-135
      319.000  1.0953957e-134
      320.000  2.5629968e-134
      321.000  5.9652032e-134
      322.000  1.3810964e-133
      323.000  3.1810135e-133
      324.000  7.2890450e-133
      325.000  1.6617283e-132
      326.000  3.7692419e-132
      327.000  8.5069285e-132
      328.000  1.9104523e-131
      329.000  4.2693710e-131
      330.000  9.4945697e-131
      331.000  2.1013072e-130
      332.000  4.6283437e-130
      333.000  1.0146171e-129
      334.000  2.2137967e-129
      335.000  4.8078464e-129
      336.000  1.0393427e-128
      337.000  2.2365575e-128
      338.000  4.7910662e-128
      339.000  1.0217214e-127
      340.000  2.1691930e-127
      341.000  4.5850737e-127
      342.000  9.6492530e-127
      343.000  2.0218872e-126
      344.000  4.2184452e-126
      345.000  8.7638799e-126
      346.000  1.8130299e-125
      347.000  3.7350288e-125
      348.000  7.6626505e-125
      349.000  1.5655815e-124
      350.000  3.1856587e-124
      351.000  6.4560200e-124
      352.000  1.3031294e-123
      353.000  2.6198839e-123
      354.000  5.2464196e-123
      355.000  1.0465138e-122
      356.000  2.0794198e-122
      357.000  4.1159377e-122
      358.000  8.1159399e-122
      359.000  1.5942855e-121
      360.000  3.1200698e-121
      361.000  6.0834085e-121
      362.000  1.1817551e-120
      363.000  2.2872787e-120
      364.000  4.4109776e-120
      365.000  8.4759373e-120
      366.000  1.6228954e-119
      367.000  3.0963919e-119
      368.000  5.8870325e-119
      369.000  1.1153841e-118
      370.000  2.1059703e-118
      371.000  3.9627065e-118
      372.000  7.4311405e-118
      373.000  1.3888482e-117
      374.000  2.5870309e-117
      375.000  4.8029443e-117
      376.000  8.8875915e-117
      377.000  1.6392402e-116
      378.000  3.0136606e-116
      379.000  5.5226871e-116
      380.000  1.0088391e-115
      381.000  1.8370444e-115
      382.000  3.3346821e-115
      383.000  6.0344398e-115
      384.000  1.0886237e-114
      385.000  1.9578856e-114
      386.000  3.5105563e-114
      387.000  6.2755803e-114
      388.000  1.1184879e-113
      389.000  1.9875505e-113
      390.000  3.5214736e-113
      391.000  6.2209961e-113
      392.000  1.0958078e-112
      393.000  1.9246749e-112
      394.000  3.3708426e-112
      395.000  5.8869060e-112
      396.000  1.0252094e-111
      397.000  1.7804270e-111
      398.000  3.0834079e-111
      399.000  5.3252758e-111
      400.000  9.1720517e-111
      401.000  1.5754805e-110
      402.000  2.6989229e-110
      403.000  4.6111321e-110
      404.000  7.8572921e-110
      405.000  1.3353497e-109
      406.000  2.2635095e-109
      407.000  3.8268657e-109
      408.000  6.4533612e-109
      409.000  1.0854724e-108
      410.000  1.8211671e-108
      411.000  3.0478038e-108
      412.000  5.0878982e-108
      413.000  8.4725059e-108
      414.000  1.4073925e-107
      415.000  2.3321484e-107
      416.000  3.8551599e-107
      417.000  6.3574285e-107
      418.000  1.0458778e-106
      419.000  1.7165173e-106
      420.000  2.8105456e-106
      421.000  4.5910875e-106
      422.000  7.4822156e-106
      423.000  1.2165830e-105
      424.000  1.9735914e-105
      425.000  3.1943592e-105
      426.000  5.1585570e-105
      427.000  8.3118477e-105
      428.000  1.3362835e-104
      429.000  2.1435723e-104
      430.000  3.4310166e-104
      431.000  5.4797323e-104
      432.000  8.7328150e-104
      433.000  1.3887181e-103
      434.000  2.2036638e-103
      435.000  3.4894291e-103
      436.000  5.5137561e-103
      437.000  8.6942304e-103
      438.000  1.3680797e-102
      439.000  2.1482977e-102
      440.000  3.3665610e-102
      441.000  5.2649409e-102
      442.000  8.2171559e-102
      443.000  1.2799014e-101
      444.000  1.9895935e-101
      445.000  3.0866750e-101
      446.000  4.7792742e-101
      447.000  7.3855566e-101
      448.000  1.1390963e-100
      449.000  1.7534735e-100
      450.000  2.6940467e-100
      451.000  4.1312716e-100
      452.000  6.3232528e-100
      453.000  9.6600855e-100
      454.000   1.4730260e-99
      455.000   2.2419929e-99
      456.000   3.4061024e-99
      457.000   5.1651875e-99
      458.000   7.8185211e-99
      459.000   1.1813495e-98
      460.000   1.7817741e-98
      461.000   2.6825778e-98
      462.000   4.0316472e-98
      463.000   6.0485072e-98
      464.000   9.0584591e-98
      465.000   1.3542716e-97
      466.000   2.0211914e-97
      467.000   3.0113698e-97
      468.000   4.4789946e-97
      469.000   6.6506102e-97
      470.000   9.8585188e-97
      471.000   1.4589342e-96
      472.000   2.1554514e-96
      473.000   3.1792436e-96
      474.000   4.6816289e-96
      475.000   6.8827540e-96
      476.000   1.0102389e-95
      477.000   1.4804266e-95
      478.000   2.1659830e-95
      479.000   3.1639742e-95
      480.000   4.6145021e-95
      481.000   6.7194708e-95
      482.000   9.7693990e-95
      483.000   1.4181670e-94
      484.000   2.0555017e-94
      485.000   2.9747015e-94
      486.000   4.2984126e-94
      487.000   6.2017757e-94
      488.000   8.9345214e-94
      489.000   1.2852210e-93
      490.000   1.8460336e-93
      491.000   2.6476501e-93
      492.000   3.7917935e-93
      493.000   5.4224523e-93
      494.000   7.7431493e-93
      495.000   1.1041146e-92
      496.000   1.5721324e-92
      497.000   2.2353536e-92
      498.000   3.1738708e-92
      499.000   4.5000967e-92
      500.000   6.3715881e-92
      501.000   9.0088721e-92
      502.000   1.2720191e-91
      503.000   1.7935807e-91
      504.000   2.5255490e-91
      505.000   3.5514182e-91
      506.000   4.9872650e-91
      507.000   6.9942502e-91
      508.000   9.7958336e-91
      509.000   1.3701451e-90
      510.000   1.9139035e-90
      511.000   2.6699626e-90
      512.000   3.7198491e-90
      513.000   5.1758749e-90
      514.000   7.1925650e-90
      515.000   9.9822550e-90
      516.000   1.3836351e-89
      517.000   1.9154277e-89
      518.000   2.6482830e-89
      519.000   3.6569635e-89
      520.000   5.0435645e-89
      521.000   6.9473369e-89
      522.000   9.5579787e-89
      523.000   1.3133598e-88
      524.000   1.8024964e-88
      525.000   2.4708199e-88
      526.000   3.3828815e-88
      527.000   4.6260940e-88
      528.000   6.3186897e-88
      529.000   8.6204006e-88
      530.000   1.1746774e-87
      531.000   1.5988340e-87
      532.000   2.1736249e-87
      533.000   2.9516519e-87
      534.000   4.0035734e-87
      535.000   5.4241958e-87
      536.000   7.3405838e-87
      537.000   9.9228465e-87
      538.000   1.3398467e-86
      539.000   1.8071317e-86
      540.000   2.4346866e-86
      541.000   3.2765557e-86
      542.000   4.4046959e-86
      543.000   5.9148102e-86
      544.000   7.9340479e-86
      545.000   1.0631157e-85
      546.000   1.4229857e-85
      547.000   1.9026434e-85
      548.000   2.5412864e-85
      549.000   3.3907185e-85
      550.000   4.5193321e-85
      551.000   6.0173274e-85
      552.000   8.0035447e-85
      553.000   1.0634397e-84
      554.000   1.4115544e-84
      555.000   1.8717117e-84
      556.000   2.4793584e-84
      557.000   3.2809608e-84
      558.000   4.3373706e-84
      559.000   5.7281992e-84
      560.000   7.5574991e-84
      561.000   9.9611348e-84
      562.000   1.3116336e-83
      563.000   1.7254070e-83
      564.000   2.2675043e-83
      565.000   2.9770386e-83
      566.000   3.9048364e-83
      567.000   5.1168825e-83
      568.000   6.6987609e-83
      569.000   8.7613718e-83
      570.000   1.1448287e-82
      571.000   1.4945204e-82
      572.000   1.9492083e-82
      573.000   2.5398720e-82
      574.000   3.3064707e-82
      575.000   4.3004996e-82
      576.000   5.5882600e-82
      577.000   7.2550399e-82
      578.000   9.4104538e-82
      579.000   1.2195256e-81
      580.000   1.5790028e-81
      581.000   2.0426243e-81
      582.000   2.6400352e-81
      583.000   3.4091688e-81
      584.000   4.3985230e-81
      585.000   5.6700480e-81
      586.000   7.3028108e-81
      587.000   9.3976384e-81
      588.000   1.2082998e-80
      589.000   1.5522435e-80
      590.000   1.9923978e-80
      591.000   2.5552018e-80
      592.000   3.2742298e-80
      593.000   4.1920819e-80
      594.000   5.3627660e-80
      595.000   6.8546966e-80
      596.000   8.7544677e-80
      597.000   1.1171595e-79
      598.000   1.4244470e-79
      599.000   1.8147838e-79
      600.000   2.3102169e-79
      601.000   2.9385399e-79
      602.000   3.7347639e-79
      603.000   4.7429570e-79
      604.000   6.0185434e-79
      605.000   7.6311762e-79
      606.000   9.6683228e-79
      607.000   1.2239736e-78
      608.000   1.5483029e-78
      609.000   1.9570610e-78
      610.000   2.4718325e-78
      611.000   3.1196193e-78
      612.000   3.9341750e-78
      613.000   4.9576615e-78
      614.000   6.2427048e-78
      615.000   7.8549434e-78
      616.000   9.8761854e-78
      617.000   1.2408318e-77
      618.000   1.5578141e-77
      619.000   1.9543348e-77
      620.000   2.4499909e-77
      621.000   3.0691186e-77
      622.000   3.8419179e-77
      623.000   4.8058392e-77
      624.000   6.0072906e-77
      625.000   7.5037400e-77
      626.000   9.3663018e-77
      627.000   1.1682915e-76
      628.000   1.4562250e-76
      629.000   1.8138499e-76
      630.000   2.2577264e-76
      631.000   2.8082761e-76
      632.000   3.4906656e-76
      633.000   4.3358881e-76
      634.000   5.3820866e-76
      635.000   6.6761715e-76
      636.000   8.2757980e-76
      637.000   1.0251779e-75
      638.000   1.2691033e-75
      639.000   1.5700173e-75
      640.000   1.9409886e-75
      641.000   2.3980264e-75
      642.000   2.9607294e-75
      643.000   3.6530751e-75
      644.000   4.5043790e-75
      645.000   5.5504606e-75
      646.000   6.8350578e-75
      647.000   8.4115443e-75
      648.000   1.0345011e-74
      649.000   1.2714789e-74
      650.000   1.5617502e-74
      651.000   1.9170768e-74
      652.000   2.3517666e-74
      653.000   2.8832145e-74
      654.000   3.5325553e-74
      655.000   4.3254520e-74
      656.000   5.2930474e-74
      657.000   6.4731109e-74
      658.000   7.9114212e-74
      659.000   9.6634313e-74
      660.000   1.1796273e-73
      661.000   1.4391170e-73
      662.000   1.7546333e-73
      663.000   2.1380448e-73
      664.000   2.6036859e-73
      665.000   3.1688588e-73
      666.000   3.8544361e-73
      667.000   4.6855832e-73
      668.000   5.6926231e-73
      669.000   6.9120730e-73
      670.000   8.3878847e-73
      671.000   1.0172928e-72
      672.000   1.2330763e-72
      673.000   1.4937763e-72
      674.000   1.8085640e-72
      675.000   2.1884468e-72
      676.000   2.6466287e-72
      677.000   3.1989395e-72
      678.000   3.8643469e-72
      679.000   4.6655660e-72
      680.000   5.6297845e-72
      681.000   6.7895263e-72
      682.000   8.1836774e-72
      683.000   9.8587058e-72
      684.000   1.1870110e-71
      685.000   1.4284137e-71
      686.000   1.7179826e-71
      687.000   2.0651425e-71
      688.000   2.4811260e-71
      689.000   2.9793132e-71
      690.000   3.5756338e-71
      691.000   4.2890436e-71
      692.000   5.1420871e-71
      693.000   6.1615635e-71
      694.000   7.3793132e-71
      695.000   8.8331468e-71
      696.000   1.0567942e-70
      697.000   1.2636937e-70
      698.000   1.5103257e-70
      699.000   1.8041713e-70
      700.000   2.1540918e-70
      701.000   2.5705787e-70
      702.000   3.0660467e-70
      703.000   3.6551799e-70
      704.000   4.3553373e-70
      705.000   5.1870305e-70
      706.000   6.1744843e-70
      707.000   7.3462953e-70
      708.000   8.7362044e-70
      709.000   1.0384003e-69
      710.000   1.2336596e-69
      711.000   1.4649245e-69
      712.000   1.7387033e-69
      713.000   2.0626563e-69
      714.000   2.4457964e-69
      715.000   2.8987226e-69
      716.000   3.4338935e-69
      717.000   4.0659462e-69
      718.000   4.8120701e-69
      719.000   5.6924423e-69
      720.000   6.7307357e-69
      721.000   7.9547127e-69
      722.000   9.3969163e-69
      723.000   1.1095476e-68
      724.000   1.3095048e-68
      725.000   1.5447907e-68
      726.000   1.8215219e-68
      727.000   2.1468524e-68
      728.000   2.5291454e-68
      729.000   2.9781740e-68
      730.000   3.5053532e-68
      731.000   4.1240103e-68
      732.000   4.8496986e-68
      733.000   5.7005609e-68
      734.000   6.6977517e-68
      735.000   7.8659267e-68
      736.000   9.2338098e-68
      737.000   1.0834850e-67
      738.000   1.2707982e-67
      739.000   1.4898508e-67
      740.000   1.7459114e-67
      741.000   2.0451051e-67
      742.000   2.3945494e-67
      743.000   2.8025120e-67
      744.000   3.2785922e-67
      745.000   3.8339312e-67
      746.000   4.4814540e-67
      747.000   5.2361493e-67
      748.000   6.1153918e-67
      749.000   7.1393135e-67
      750.000   8.3312324e-67
      751.000   9.7181454e-67
      752.000   1.1331296e-66
      753.000   1.3206829e-66
      754.000   1.5386541e-66
      755.000   1.7918745e-66
      756.000   2.0859269e-66
      757.000   2.4272590e-66
      758.000   2.8233156e-66
      759.000   3.2826885e-66
      760.000   3.8152899e-66
      761.000   4.4325508e-66
      762.000   5.1476486e-66
      763.000   5.9757677e-66
      764.000   6.9343994e-66
      765.000   8.0436837e-66
      766.000   9.3268023e-66
      767.000   1.0810427e-65
      768.000   1.2525236e-65
      769.000   1.4506499e-65
      770.000   1.6794751e-65
      771.000   1.9436561e-65
      772.000   2.2485411e-65
      773.000   2.6002700e-65
      774.000   3.0058886e-65
      775.000   3.4734798e-65
      776.000   4.0123126e-65
      777.000   4.6330124e-65
      778.000   5.3477549e-65
      779.000   6.1704876e-65
      780.000   7.1171815e-65
      781.000   8.2061185e-65
      782.000   9.4582180e-65
      783.000   1.0897409e-64
      784.000   1.2551054e-64
      785.000   1.4450429e-64
      786.000   1.6631272e-64
      787.000   1.9134407e-64
      788.000   2.2006447e-64
      789.000   2.5300600e-64
      790.000   2.9077581e-64
      791.000   3.3406646e-64
      792.000   3.8366765e-64
      793.000   4.4047960e-64
      794.000   5.0552807e-64
      795.000   5.7998158e-64
      796.000   6.6517073e-64
      797.000   7.6261024e-64
      798.000   8.7402382e-64
      799.000   1.0013724e-63
      800.000   1.1468858e-63
      801.000   1.3130993e-63
      802.000   1.5028939e-63
      803.000   1.7195427e-63
      804.000   1.9667631e-63
      805.000   2.2487757e-63
      806.000   2.5703707e-63
      807.000   2.9369831e-63
      808.000   3.3547777e-63
      809.000   3.8307443e-63
      810.000   4.3728065e-63
      811.000   4.9899425e-63
      812.000   5.6923230e-63
      813.000   6.4914658e-63
      814.000   7.4004097e-63
      815.000   8.4339113e-63
      816.000   9.6086657e-63
      817.000   1.0943555e-62
      818.000   1.2459930e-62
      819.000   1.4181921e-62
      820.000   1.6136797e-62
      821.000   1.8355362e-62
      822.000   2.0872400e-62
      823.000   2.3727180e-62
      824.000   2.6964022e-62
      825.000   3.0632929e-62
      826.000   3.4790299e-62
      827.000   3.9499726e-62
      828.000   4.4832892e-62
      829.000   5.0870579e-62
      830.000   5.7703789e-62
      831.000   6.5435012e-62
      832.000   7.4179639e-62
      833.000   8.4067551e-62
      834.000   9.5244893e-62
      835.000   1.0787606e-61
      836.000   1.2214594e-61
      837.000   1.3826238e-61
      838.000   1.5645897e-61
      839.000   1.7699821e-61
      840.000   2.0017492e-61
      841.000   2.2632020e-61
      842.000   2.5580574e-61
      843.000   2.8904869e-61
      844.000   3.2651711e-61
      845.000   3.6873600e-61
      846.000   4.1629407e-61
      847.000   4.6985133e-61
      848.000   5.3014745e-61
      849.000   5.9801120e-61
      850.000   6.7437090e-61
      851.000   7.6026608e-61
      852.000   8.5686051e-61
      853.000   9.6545671e-61
      854.000   1.0875120e-60
      855.000   1.2246566e-60
      856.000   1.3787135e-60
      857.000   1.5517208e-60
      858.000   1.7459565e-60
      859.000   1.9639660e-60
      860.000   2.2085925e-60
      861.000   2.4830117e-60
      862.000   2.7907689e-60
      863.000   3.1358215e-60
      864.000   3.5225855e-60
      865.000   3.9559876e-60
      866.000   4.4415226e-60
      867.000   4.9853172e-60
      868.000   5.5942014e-60
      869.000   6.2757866e-60
      870.000   7.0385534e-60
      871.000   7.8919480e-60
      872.000   8.8464899e-60
      873.000   9.9138903e-60
      874.000   1.1107184e-59
      875.000   1.2440876e-59
      876.000   1.3931102e-59
      877.000   1.5595809e-59
      878.000   1.7454950e-59
      879.000   1.9530708e-59
      880.000   2.1847734e-59
      881.000   2.4433419e-59
      882.000   2.7318189e-59
      883.000   3.0535830e-59
      884.000   3.4123856e-59
      885.000   3.8123907e-59
      886.000   4.2582189e-59
      887.000   4.7549968e-59
      888.000   5.3084105e-59
      889.000   5.9247654e-59
      890.000   6.6110520e-59
      891.000   7.3750182e-59
      892.000   8.2252497e-59
      893.000   9.1712582e-59
      894.000   1.0223579e-58
      895.000   1.1393876e-58
      896.000   1.2695066e-58
      897.000   1.4141441e-58
      898.000   1.5748818e-58
      899.000   1.7534694e-58
      900.000   1.9518424e-58
      901.000   2.1721405e-58
      902.000   2.4167297e-58
      903.000   2.6882247e-58
      904.000   2.9895149e-58
      905.000   3.3237923e-58
      906.000   3.6945826e-58
      907.000   4.1057789e-58
      908.000   4.5616793e-58
      909.000   5.0670279e-58
      910.000   5.6270597e-58
      911.000   6.2475503e-58
      912.000   6.9348702e-58
      913.000   7.6960447e-58
      914.000   8.5388192e-58
      915.000   9.4717314e-58
      916.000   1.0504190e-57
      917.000   1.1646562e-57
      918.000   1.2910266e-57
      919.000   1.4307878e-57
      920.000   1.5853246e-57
      921.000   1.7561613e-57
      922.000   1.9449757e-57
      923.000   2.1536137e-57
      924.000   2.3841063e-57
      925.000   2.6386872e-57
      926.000   2.9198128e-57
      927.000   3.2301837e-57
      928.000   3.5727682e-57
      929.000   3.9508285e-57
      930.000   4.3679489e-57
      931.000   4.8280665e-57
      932.000   5.3355054e-57
      933.000   5.8950137e-57
      934.000   6.5118037e-57
      935.000   7.1915964e-57
      936.000   7.9406698e-57
      937.000   8.7659117e-57
      938.000   9.6748770e-57
      939.000   1.0675851e-56
      940.000   1.1777920e-56
      941.000   1.2991041e-56
      942.000   1.4326129e-56
      943.000   1.5795147e-56
      944.000   1.7411196e-56
      945.000   1.9188631e-56
      946.000   2.1143169e-56
      947.000   2.3292022e-56
      948.000   2.5654029e-56
      949.000   2.8249811e-56
      950.000   3.1101930e-56
      951.000   3.4235074e-56
      952.000   3.7676243e-56
      953.000   4.1454969e-56
      954.000   4.5603539e-56
      955.000   5.0157251e-56
      956.000   5.5154684e-56
      957.000   6.0637997e-56
      958.000   6.6653250e-56
      959.000   7.3250758e-56
      960.000   8.0485471e-56
      961.000   8.8417392e-56
      962.000   9.7112027e-56
      963.000   1.0664088e-55
      964.000   1.1708198e-55
      965.000   1.2852046e-55
      966.000   1.4104921e-55
      967.000   1.5476953e-55
      968.000   1.6979190e-55
      969.000   1.8623675e-55
      970.000   2.0423540e-55
      971.000   2.2393093e-55
      972.000   2.4547930e-55
      973.000   2.6905038e-55
      974.000   2.9482925e-55
      975.000   3.2301745e-55
      976.000   3.5383445e-55
      977.000   3.8751919e-55
      978.000   4.2433175e-55
      979.000   4.6455517e-55
      980.000   5.0849746e-55
      981.000   5.5649366e-55
      982.000   6.0890825e-55
      983.000   6.6613758e-55
      984.000   7.2861264e-55
      985.000   7.9680195e-55
      986.000   8.7121481e-55
      987.000   9.5240467e-55
      988.000   1.0409729e-54
      989.000   1.1375729e-54
      990.000   1.2429142e-54
      991.000   1.3577675e-54
      992.000   1.4829697e-54
      993.000   1.6194292e-54
      994.000   1.7681321e-54
      995.000   1.9301487e-54
      996.000   2.1066400e-54
      997.000   2.2988659e-54
      998.000   2.5081929e-54
      999.000   2.7361030e-54
      1000.00   2.9842032e-54
      1001.00   3.2542357e-54
      1002.00   3.5480890e-54
      1003.00   3.8678099e-54
      1004.00   4.2156163e-54
      1005.00   4.5939111e-54
      1006.00   5.0052974e-54
      1007.00   5.4525944e-54
      1008.00   5.9388550e-54
      1009.00   6.4673848e-54
      1010.00   7.0417619e-54
      1011.00   7.6658596e-54
      1012.00   8.3438690e-54
      1013.00   9.0803254e-54
      1014.00   9.8801349e-54
      1015.00   1.0748605e-53
      1016.00   1.1691473e-53
      1017.00   1.2714948e-53
      1018.00   1.3825737e-53
      1019.00   1.5031095e-53
      1020.00   1.6338859e-53
      1021.00   1.7757501e-53
      1022.00   1.9296174e-53
      1023.00   2.0964764e-53
      1024.00   2.2773951e-53
      1025.00   2.4735269e-53
      1026.00   2.6861170e-53
      1027.00   2.9165101e-53
      1028.00   3.1661573e-53
      1029.00   3.4366251e-53
      1030.00   3.7296036e-53
      1031.00   4.0469167e-53
      1032.00   4.3905316e-53
      1033.00   4.7625705e-53
      1034.00   5.1653219e-53
      1035.00   5.6012534e-53
      1036.00   6.0730255e-53
      1037.00   6.5835061e-53
      1038.00   7.1357862e-53
      1039.00   7.7331967e-53
      1040.00   8.3793268e-53
      1041.00   9.0780429e-53
      1042.00   9.8335099e-53
      1043.00   1.0650213e-52
      1044.00   1.1532983e-52
      1045.00   1.2487020e-52
      1046.00   1.3517923e-52
      1047.00   1.4631716e-52
      1048.00   1.5834887e-52
      1049.00   1.7134412e-52
      1050.00   1.8537800e-52
      1051.00   2.0053127e-52
      1052.00   2.1689081e-52
      1053.00   2.3455002e-52
      1054.00   2.5360937e-52
      1055.00   2.7417684e-52
      1056.00   2.9636854e-52
      1057.00   3.2030924e-52
      1058.00   3.4613303e-52
      1059.00   3.7398400e-52
      1060.00   4.0401693e-52
      1061.00   4.3639812e-52
      1062.00   4.7130615e-52
      1063.00   5.0893281e-52
      1064.00   5.4948405e-52
      1065.00   5.9318094e-52
      1066.00   6.4026083e-52
      1067.00   6.9097843e-52
      1068.00   7.4560712e-52
      1069.00   8.0444019e-52
      1070.00   8.6779235e-52
      1071.00   9.3600117e-52
      1072.00   1.0094287e-51
      1073.00   1.0884632e-51
      1074.00   1.1735211e-51
      1075.00   1.2650487e-51
      1076.00   1.3635245e-51
      1077.00   1.4694614e-51
      1078.00   1.5834090e-51
      1079.00   1.7059564e-51
      1080.00   1.8377346e-51
      1081.00   1.9794195e-51
      1082.00   2.1317353e-51
      1083.00   2.2954574e-51
      1084.00   2.4714163e-51
      1085.00   2.6605011e-51
      1086.00   2.8636637e-51
      1087.00   3.0819229e-51
      1088.00   3.3163693e-51
      1089.00   3.5681698e-51
      1090.00   3.8385731e-51
      1091.00   4.1289152e-51
      1092.00   4.4406250e-51
      1093.00   4.7752312e-51
      1094.00   5.1343683e-51
      1095.00   5.5197843e-51
      1096.00   5.9333480e-51
      1097.00   6.3770574e-51
      1098.00   6.8530481e-51
      1099.00   7.3636025e-51
      1100.00   7.9111595e-51
      1101.00   8.4983255e-51
      1102.00   9.1278847e-51
      1103.00   9.8028114e-51
      1104.00   1.0526283e-50
      1105.00   1.1301691e-50
      1106.00   1.2132659e-50
      1107.00   1.3023056e-50
      1108.00   1.3977010e-50
      1109.00   1.4998930e-50
      1110.00   1.6093521e-50
      1111.00   1.7265803e-50
      1112.00   1.8521134e-50
      1113.00   1.9865230e-50
      1114.00   2.1304188e-50
      1115.00   2.2844512e-50
      1116.00   2.4493140e-50
      1117.00   2.6257468e-50
      1118.00   2.8145384e-50
      1119.00   3.0165298e-50
      1120.00   3.2326175e-50
      1121.00   3.4637568e-50
      1122.00   3.7109663e-50
      1123.00   3.9753311e-50
      1124.00   4.2580074e-50
      1125.00   4.5602272e-50
      1126.00   4.8833029e-50
      1127.00   5.2286320e-50
      1128.00   5.5977034e-50
      1129.00   5.9921022e-50
      1130.00   6.4135163e-50
      1131.00   6.8637427e-50
      1132.00   7.3446944e-50
      1133.00   7.8584074e-50
      1134.00   8.4070488e-50
      1135.00   8.9929246e-50
      1136.00   9.6184884e-50
      1137.00   1.0286351e-49
      1138.00   1.0999288e-49
      1139.00   1.1760255e-49
      1140.00   1.2572392e-49
      1141.00   1.3439041e-49
      1142.00   1.4363753e-49
      1143.00   1.5350305e-49
      1144.00   1.6402712e-49
      1145.00   1.7525241e-49
      1146.00   1.8722428e-49
      1147.00   1.9999093e-49
      1148.00   2.1360358e-49
      1149.00   2.2811664e-49
      1150.00   2.4358793e-49
      1151.00   2.6007886e-49
      1152.00   2.7765464e-49
      1153.00   2.9638455e-49
      1154.00   3.1634214e-49
      1155.00   3.3760552e-49
      1156.00   3.6025759e-49
      1157.00   3.8438639e-49
      1158.00   4.1008533e-49
      1159.00   4.3745357e-49
      1160.00   4.6659633e-49
      1161.00   4.9762527e-49
      1162.00   5.3065885e-49
      1163.00   5.6582274e-49
      1164.00   6.0325025e-49
      1165.00   6.4308276e-49
      1166.00   6.8547023e-49
      1167.00   7.3057165e-49
      1168.00   7.7855563e-49
      1169.00   8.2960092e-49
      1170.00   8.8389699e-49
      1171.00   9.4164470e-49
      1172.00   1.0030569e-48
      1173.00   1.0683592e-48
      1174.00   1.1377907e-48
      1175.00   1.2116046e-48
      1176.00   1.2900692e-48
      1177.00   1.3734688e-48
      1178.00   1.4621045e-48
      1179.00   1.5562951e-48
      1180.00   1.6563784e-48
      1181.00   1.7627118e-48
      1182.00   1.8756739e-48
      1183.00   1.9956656e-48
      1184.00   2.1231111e-48
      1185.00   2.2584595e-48
      1186.00   2.4021860e-48
      1187.00   2.5547935e-48
      1188.00   2.7168144e-48
      1189.00   2.8888115e-48
      1190.00   3.0713806e-48
      1191.00   3.2651519e-48
      1192.00   3.4707918e-48
      1193.00   3.6890052e-48
      1194.00   3.9205377e-48
      1195.00   4.1661773e-48
      1196.00   4.4267576e-48
      1197.00   4.7031595e-48
      1198.00   4.9963146e-48
      1199.00   5.3072072e-48
      1200.00   5.6368778e-48
      1201.00   5.9864260e-48
      1202.00   6.3570136e-48
      1203.00   6.7498685e-48
      1204.00   7.1662874e-48
      1205.00   7.6076406e-48
      1206.00   8.0753753e-48
      1207.00   8.5710201e-48
      1208.00   9.0961892e-48
      1209.00   9.6525873e-48
      1210.00   1.0242014e-47
      1211.00   1.0866371e-47
      1212.00   1.1527662e-47
      1213.00   1.2228007e-47
      1214.00   1.2969640e-47
      1215.00   1.3754920e-47
      1216.00   1.4586337e-47
      1217.00   1.5466518e-47
      1218.00   1.6398234e-47
      1219.00   1.7384408e-47
      1220.00   1.8428126e-47
      1221.00   1.9532642e-47
      1222.00   2.0701386e-47
      1223.00   2.1937977e-47
      1224.00   2.3246233e-47
      1225.00   2.4630177e-47
      1226.00   2.6094051e-47
      1227.00   2.7642329e-47
      1228.00   2.9279724e-47
      1229.00   3.1011207e-47
      1230.00   3.2842015e-47
      1231.00   3.4777667e-47
      1232.00   3.6823982e-47
      1233.00   3.8987085e-47
      1234.00   4.1273436e-47
      1235.00   4.3689835e-47
      1236.00   4.6243449e-47
      1237.00   4.8941823e-47
      1238.00   5.1792907e-47
      1239.00   5.4805072e-47
      1240.00   5.7987132e-47
      1241.00   6.1348367e-47
      1242.00   6.4898550e-47
      1243.00   6.8647966e-47
      1244.00   7.2607443e-47
      1245.00   7.6788380e-47
      1246.00   8.1202770e-47
      1247.00   8.5863238e-47
      1248.00   9.0783066e-47
      1249.00   9.5976232e-47
      1250.00   1.0145744e-46
      1251.00   1.0724216e-46
      1252.00   1.1334666e-46
      1253.00   1.1978807e-46
      1254.00   1.2658438e-46
      1255.00   1.3375452e-46
      1256.00   1.4131841e-46
      1257.00   1.4929698e-46
      1258.00   1.5771223e-46
      1259.00   1.6658731e-46
      1260.00   1.7594653e-46
      1261.00   1.8581548e-46
      1262.00   1.9622101e-46
      1263.00   2.0719136e-46
      1264.00   2.1875623e-46
      1265.00   2.3094679e-46
      1266.00   2.4379580e-46
      1267.00   2.5733770e-46
      1268.00   2.7160865e-46
      1269.00   2.8664663e-46
      1270.00   3.0249154e-46
      1271.00   3.1918529e-46
      1272.00   3.3677189e-46
      1273.00   3.5529756e-46
      1274.00   3.7481081e-46
      1275.00   3.9536260e-46
      1276.00   4.1700641e-46
      1277.00   4.3979839e-46
      1278.00   4.6379748e-46
      1279.00   4.8906554e-46
      1280.00   5.1566749e-46
      1281.00   5.4367147e-46
      1282.00   5.7314897e-46
      1283.00   6.0417500e-46
      1284.00   6.3682828e-46
      1285.00   6.7119136e-46
      1286.00   7.0735087e-46
      1287.00   7.4539767e-46
      1288.00   7.8542703e-46
      1289.00   8.2753891e-46
      1290.00   8.7183810e-46
      1291.00   9.1843451e-46
      1292.00   9.6744337e-46
      1293.00   1.0189855e-45
      1294.00   1.0731875e-45
      1295.00   1.1301823e-45
      1296.00   1.1901089e-45
      1297.00   1.2531132e-45
      1298.00   1.3193482e-45
      1299.00   1.3889739e-45
      1300.00   1.4621584e-45
      1301.00   1.5390775e-45
      1302.00   1.6199155e-45
      1303.00   1.7048655e-45
      1304.00   1.7941298e-45
      1305.00   1.8879202e-45
      1306.00   1.9864586e-45
      1307.00   2.0899776e-45
      1308.00   2.1987204e-45
      1309.00   2.3129420e-45
      1310.00   2.4329092e-45
      1311.00   2.5589016e-45
      1312.00   2.6912116e-45
      1313.00   2.8301456e-45
      1314.00   2.9760241e-45
      1315.00   3.1291828e-45
      1316.00   3.2899728e-45
      1317.00   3.4587617e-45
      1318.00   3.6359343e-45
      1319.00   3.8218931e-45
      1320.00   4.0170592e-45
      1321.00   4.2218732e-45
      1322.00   4.4367963e-45
      1323.00   4.6623106e-45
      1324.00   4.8989207e-45
      1325.00   5.1471542e-45
      1326.00   5.4075629e-45
      1327.00   5.6807240e-45
      1328.00   5.9672411e-45
      1329.00   6.2677453e-45
      1330.00   6.5828963e-45
      1331.00   6.9133842e-45
      1332.00   7.2599301e-45
      1333.00   7.6232881e-45
      1334.00   8.0042463e-45
      1335.00   8.4036284e-45
      1336.00   8.8222954e-45
      1337.00   9.2611471e-45
      1338.00   9.7211236e-45
      1339.00   1.0203208e-44
      1340.00   1.0708426e-44
      1341.00   1.1237850e-44
      1342.00   1.1792601e-44
      1343.00   1.2373850e-44
      1344.00   1.2982820e-44
      1345.00   1.3620786e-44
      1346.00   1.4289084e-44
      1347.00   1.4989106e-44
      1348.00   1.5722307e-44
      1349.00   1.6490206e-44
      1350.00   1.7294389e-44
      1351.00   1.8136512e-44
      1352.00   1.9018304e-44
      1353.00   1.9941569e-44
      1354.00   2.0908192e-44
      1355.00   2.1920140e-44
      1356.00   2.2979464e-44
      1357.00   2.4088306e-44
      1358.00   2.5248903e-44
      1359.00   2.6463587e-44
      1360.00   2.7734792e-44
      1361.00   2.9065057e-44
      1362.00   3.0457033e-44
      1363.00   3.1913483e-44
      1364.00   3.3437292e-44
      1365.00   3.5031467e-44
      1366.00   3.6699145e-44
      1367.00   3.8443599e-44
      1368.00   4.0268241e-44
      1369.00   4.2176630e-44
      1370.00   4.4172476e-44
      1371.00   4.6259651e-44
      1372.00   4.8442187e-44
      1373.00   5.0724290e-44
      1374.00   5.3110347e-44
      1375.00   5.5604927e-44
      1376.00   5.8212795e-44
      1377.00   6.0938918e-44
      1378.00   6.3788471e-44
      1379.00   6.6766849e-44
      1380.00   6.9879673e-44
      1381.00   7.3132800e-44
      1382.00   7.6532333e-44
      1383.00   8.0084633e-44
      1384.00   8.3796325e-44
      1385.00   8.7674310e-44
      1386.00   9.1725779e-44
      1387.00   9.5958221e-44
      1388.00   1.0037944e-43
      1389.00   1.0499755e-43
      1390.00   1.0982103e-43
      1391.00   1.1485867e-43
      1392.00   1.2011967e-43
      1393.00   1.2561357e-43
      1394.00   1.3135032e-43
      1395.00   1.3734027e-43
      1396.00   1.4359422e-43
      1397.00   1.5012339e-43
      1398.00   1.5693945e-43
      1399.00   1.6405458e-43
      1400.00   1.7148143e-43
      1401.00   1.7923318e-43
      1402.00   1.8732353e-43
      1403.00   1.9576676e-43
      1404.00   2.0457771e-43
      1405.00   2.1377183e-43
      1406.00   2.2336519e-43
      1407.00   2.3337452e-43
      1408.00   2.4381721e-43
      1409.00   2.5471136e-43
      1410.00   2.6607578e-43
      1411.00   2.7793007e-43
      1412.00   2.9029459e-43
      1413.00   3.0319050e-43
      1414.00   3.1663985e-43
      1415.00   3.3066553e-43
      1416.00   3.4529135e-43
      1417.00   3.6054209e-43
      1418.00   3.7644349e-43
      1419.00   3.9302231e-43
      1420.00   4.1030639e-43
      1421.00   4.2832465e-43
      1422.00   4.4710715e-43
      1423.00   4.6668516e-43
      1424.00   4.8709116e-43
      1425.00   5.0835890e-43
      1426.00   5.3052347e-43
      1427.00   5.5362134e-43
      1428.00   5.7769038e-43
      1429.00   6.0276996e-43
      1430.00   6.2890098e-43
      1431.00   6.5612593e-43
      1432.00   6.8448896e-43
      1433.00   7.1403592e-43
      1434.00   7.4481446e-43
      1435.00   7.7687404e-43
      1436.00   8.1026606e-43
      1437.00   8.4504389e-43
      1438.00   8.8126297e-43
      1439.00   9.1898086e-43
      1440.00   9.5825733e-43
      1441.00   9.9915445e-43
      1442.00   1.0417367e-42
      1443.00   1.0860709e-42
      1444.00   1.1322266e-42
      1445.00   1.1802758e-42
      1446.00   1.2302935e-42
      1447.00   1.2823574e-42
      1448.00   1.3365480e-42
      1449.00   1.3929492e-42
      1450.00   1.4516477e-42
      1451.00   1.5127337e-42
      1452.00   1.5763009e-42
      1453.00   1.6424463e-42
      1454.00   1.7112706e-42
      1455.00   1.7828784e-42
      1456.00   1.8573781e-42
      1457.00   1.9348821e-42
      1458.00   2.0155074e-42
      1459.00   2.0993748e-42
      1460.00   2.1866101e-42
      1461.00   2.2773434e-42
      1462.00   2.3717098e-42
      1463.00   2.4698496e-42
      1464.00   2.5719080e-42
      1465.00   2.6780357e-42
      1466.00   2.7883889e-42
      1467.00   2.9031298e-42
      1468.00   3.0224264e-42
      1469.00   3.1464527e-42
      1470.00   3.2753894e-42
      1471.00   3.4094238e-42
      1472.00   3.5487498e-42
      1473.00   3.6935687e-42
      1474.00   3.8440890e-42
      1475.00   4.0005268e-42
      1476.00   4.1631061e-42
      1477.00   4.3320591e-42
      1478.00   4.5076264e-42
      1479.00   4.6900571e-42
      1480.00   4.8796098e-42
      1481.00   5.0765520e-42
      1482.00   5.2811611e-42
      1483.00   5.4937245e-42
      1484.00   5.7145397e-42
      1485.00   5.9439152e-42
      1486.00   6.1821704e-42
      1487.00   6.4296363e-42
      1488.00   6.6866556e-42
      1489.00   6.9535832e-42
      1490.00   7.2307869e-42
      1491.00   7.5186473e-42
      1492.00   7.8175589e-42
      1493.00   8.1279300e-42
      1494.00   8.4501833e-42
      1495.00   8.7847566e-42
      1496.00   9.1321033e-42
      1497.00   9.4926927e-42
      1498.00   9.8670106e-42
      1499.00   1.0255560e-41
      1500.00   1.0658861e-41
      1501.00   1.1077454e-41
      1502.00   1.1511896e-41
      1503.00   1.1962764e-41
      1504.00   1.2430656e-41
      1505.00   1.2916190e-41
      1506.00   1.3420007e-41
      1507.00   1.3942769e-41
      1508.00   1.4485161e-41
      1509.00   1.5047892e-41
      1510.00   1.5631696e-41
      1511.00   1.6237333e-41
      1512.00   1.6865588e-41
      1513.00   1.7517272e-41
      1514.00   1.8193228e-41
      1515.00   1.8894323e-41
      1516.00   1.9621459e-41
      1517.00   2.0375564e-41
      1518.00   2.1157601e-41
      1519.00   2.1968566e-41
      1520.00   2.2809487e-41
      1521.00   2.3681428e-41
      1522.00   2.4585490e-41
      1523.00   2.5522812e-41
      1524.00   2.6494569e-41
      1525.00   2.7501979e-41
      1526.00   2.8546299e-41
      1527.00   2.9628830e-41
      1528.00   3.0750915e-41
      1529.00   3.1913946e-41
      1530.00   3.3119358e-41
      1531.00   3.4368636e-41
      1532.00   3.5663316e-41
      1533.00   3.7004984e-41
      1534.00   3.8395279e-41
      1535.00   3.9835896e-41
      1536.00   4.1328585e-41
      1537.00   4.2875157e-41
      1538.00   4.4477482e-41
      1539.00   4.6137490e-41
      1540.00   4.7857179e-41
      1541.00   4.9638612e-41
      1542.00   5.1483919e-41
      1543.00   5.3395301e-41
      1544.00   5.5375032e-41
      1545.00   5.7425463e-41
      1546.00   5.9549020e-41
      1547.00   6.1748208e-41
      1548.00   6.4025618e-41
      1549.00   6.6383922e-41
      1550.00   6.8825884e-41
      1551.00   7.1354353e-41
      1552.00   7.3972277e-41
      1553.00   7.6682695e-41
      1554.00   7.9488748e-41
      1555.00   8.2393679e-41
      1556.00   8.5400836e-41
      1557.00   8.8513675e-41
      1558.00   9.1735765e-41
      1559.00   9.5070791e-41
      1560.00   9.8522555e-41
      1561.00   1.0209498e-40
      1562.00   1.0579213e-40
      1563.00   1.0961818e-40
      1564.00   1.1357744e-40
      1565.00   1.1767438e-40
      1566.00   1.2191359e-40
      1567.00   1.2629982e-40
      1568.00   1.3083796e-40
      1569.00   1.3553308e-40
      1570.00   1.4039038e-40
      1571.00   1.4541526e-40
      1572.00   1.5061325e-40
      1573.00   1.5599009e-40
      1574.00   1.6155169e-40
      1575.00   1.6730415e-40
      1576.00   1.7325375e-40
      1577.00   1.7940699e-40
      1578.00   1.8577057e-40
      1579.00   1.9235137e-40
      1580.00   1.9915653e-40
      1581.00   2.0619340e-40
      1582.00   2.1346954e-40
      1583.00   2.2099277e-40
      1584.00   2.2877114e-40
      1585.00   2.3681297e-40
      1586.00   2.4512682e-40
      1587.00   2.5372153e-40
      1588.00   2.6260621e-40
      1589.00   2.7179025e-40
      1590.00   2.8128333e-40
      1591.00   2.9109543e-40
      1592.00   3.0123686e-40
      1593.00   3.1171822e-40
      1594.00   3.2255044e-40
      1595.00   3.3374481e-40
      1596.00   3.4531294e-40
      1597.00   3.5726682e-40
      1598.00   3.6961879e-40
      1599.00   3.8238157e-40
      1600.00   3.9556828e-40
      1601.00   4.0919244e-40
      1602.00   4.2326798e-40
      1603.00   4.3780923e-40
      1604.00   4.5283101e-40
      1605.00   4.6834853e-40
      1606.00   4.8437751e-40
      1607.00   5.0093412e-40
      1608.00   5.1803503e-40
      1609.00   5.3569741e-40
      1610.00   5.5393894e-40
      1611.00   5.7277786e-40
      1612.00   5.9223293e-40
      1613.00   6.1232349e-40
      1614.00   6.3306945e-40
      1615.00   6.5449133e-40
      1616.00   6.7661026e-40
      1617.00   6.9944800e-40
      1618.00   7.2302696e-40
      1619.00   7.4737021e-40
      1620.00   7.7250153e-40
      1621.00   7.9844538e-40
      1622.00   8.2522698e-40
      1623.00   8.5287226e-40
      1624.00   8.8140794e-40
      1625.00   9.1086154e-40
      1626.00   9.4126138e-40
      1627.00   9.7263660e-40
      1628.00   1.0050172e-39
      1629.00   1.0384342e-39
      1630.00   1.0729192e-39
      1631.00   1.1085052e-39
      1632.00   1.1452256e-39
      1633.00   1.1831154e-39
      1634.00   1.2222101e-39
      1635.00   1.2625465e-39
      1636.00   1.3041624e-39
      1637.00   1.3470968e-39
      1638.00   1.3913896e-39
      1639.00   1.4370822e-39
      1640.00   1.4842169e-39
      1641.00   1.5328373e-39
      1642.00   1.5829885e-39
      1643.00   1.6347164e-39
      1644.00   1.6880688e-39
      1645.00   1.7430945e-39
      1646.00   1.7998438e-39
      1647.00   1.8583685e-39
      1648.00   1.9187218e-39
      1649.00   1.9809585e-39
      1650.00   2.0451350e-39
      1651.00   2.1113091e-39
      1652.00   2.1795405e-39
      1653.00   2.2498904e-39
      1654.00   2.3224221e-39
      1655.00   2.3972002e-39
      1656.00   2.4742914e-39
      1657.00   2.5537645e-39
      1658.00   2.6356898e-39
      1659.00   2.7201399e-39
      1660.00   2.8071893e-39
      1661.00   2.8969148e-39
      1662.00   2.9893952e-39
      1663.00   3.0847115e-39
      1664.00   3.1829470e-39
      1665.00   3.2841875e-39
      1666.00   3.3885209e-39
      1667.00   3.4960379e-39
      1668.00   3.6068315e-39
      1669.00   3.7209974e-39
      1670.00   3.8386339e-39
      1671.00   3.9598421e-39
      1672.00   4.0847259e-39
      1673.00   4.2133921e-39
      1674.00   4.3459504e-39
      1675.00   4.4825137e-39
      1676.00   4.6231977e-39
      1677.00   4.7681217e-39
      1678.00   4.9174081e-39
      1679.00   5.0711825e-39
      1680.00   5.2295743e-39
      1681.00   5.3927163e-39
      1682.00   5.5607448e-39
      1683.00   5.7338001e-39
      1684.00   5.9120262e-39
      1685.00   6.0955711e-39
      1686.00   6.2845868e-39
      1687.00   6.4792294e-39
      1688.00   6.6796594e-39
      1689.00   6.8860416e-39
      1690.00   7.0985451e-39
      1691.00   7.3173439e-39
      1692.00   7.5426165e-39
      1693.00   7.7745464e-39
      1694.00   8.0133220e-39
      1695.00   8.2591366e-39
      1696.00   8.5121889e-39
      1697.00   8.7726831e-39
      1698.00   9.0408285e-39
      1699.00   9.3168405e-39
      1700.00   9.6009398e-39
      1701.00   9.8933534e-39
      1702.00   1.0194314e-38
      1703.00   1.0504061e-38
      1704.00   1.0822840e-38
      1705.00   1.1150903e-38
      1706.00   1.1488509e-38
      1707.00   1.1835923e-38
      1708.00   1.2193419e-38
      1709.00   1.2561276e-38
      1710.00   1.2939781e-38
      1711.00   1.3329230e-38
      1712.00   1.3729925e-38
      1713.00   1.4142178e-38
      1714.00   1.4566307e-38
      1715.00   1.5002640e-38
      1716.00   1.5451512e-38
      1717.00   1.5913269e-38
      1718.00   1.6388264e-38
      1719.00   1.6876862e-38
      1720.00   1.7379433e-38
      1721.00   1.7896361e-38
      1722.00   1.8428038e-38
      1723.00   1.8974868e-38
      1724.00   1.9537262e-38
      1725.00   2.0115644e-38
      1726.00   2.0710451e-38
      1727.00   2.1322127e-38
      1728.00   2.1951130e-38
      1729.00   2.2597931e-38
      1730.00   2.3263010e-38
      1731.00   2.3946863e-38
      1732.00   2.4649995e-38
      1733.00   2.5372926e-38
      1734.00   2.6116191e-38
      1735.00   2.6880335e-38
      1736.00   2.7665920e-38
      1737.00   2.8473522e-38
      1738.00   2.9303730e-38
      1739.00   3.0157150e-38
      1740.00   3.1034402e-38
      1741.00   3.1936122e-38
      1742.00   3.2862964e-38
      1743.00   3.3815596e-38
      1744.00   3.4794705e-38
      1745.00   3.5800995e-38
      1746.00   3.6835187e-38
      1747.00   3.7898020e-38
      1748.00   3.8990254e-38
      1749.00   4.0112665e-38
      1750.00   4.1266052e-38
      1751.00   4.2451230e-38
      1752.00   4.3669038e-38
      1753.00   4.4920336e-38
      1754.00   4.6206002e-38
      1755.00   4.7526940e-38
      1756.00   4.8884075e-38
      1757.00   5.0278355e-38
      1758.00   5.1710751e-38
      1759.00   5.3182260e-38
      1760.00   5.4693902e-38
      1761.00   5.6246725e-38
      1762.00   5.7841799e-38
      1763.00   5.9480224e-38
      1764.00   6.1163125e-38
      1765.00   6.2891658e-38
      1766.00   6.4667003e-38
      1767.00   6.6490373e-38
      1768.00   6.8363010e-38
      1769.00   7.0286184e-38
      1770.00   7.2261201e-38
      1771.00   7.4289394e-38
      1772.00   7.6372132e-38
      1773.00   7.8510817e-38
      1774.00   8.0706885e-38
      1775.00   8.2961807e-38
      1776.00   8.5277089e-38
      1777.00   8.7654276e-38
      1778.00   9.0094948e-38
      1779.00   9.2600726e-38
      1780.00   9.5173269e-38
      1781.00   9.7814276e-38
      1782.00   1.0052549e-37
      1783.00   1.0330869e-37
      1784.00   1.0616570e-37
      1785.00   1.0909839e-37
      1786.00   1.1210869e-37
      1787.00   1.1519854e-37
      1788.00   1.1836996e-37
      1789.00   1.2162501e-37
      1790.00   1.2496578e-37
      1791.00   1.2839444e-37
      1792.00   1.3191320e-37
      1793.00   1.3552431e-37
      1794.00   1.3923010e-37
      1795.00   1.4303292e-37
      1796.00   1.4693522e-37
      1797.00   1.5093946e-37
      1798.00   1.5504820e-37
      1799.00   1.5926404e-37
      1800.00   1.6358964e-37
      1801.00   1.6802774e-37
      1802.00   1.7258112e-37
      1803.00   1.7725265e-37
      1804.00   1.8204526e-37
      1805.00   1.8696193e-37
      1806.00   1.9200574e-37
      1807.00   1.9717982e-37
      1808.00   2.0248738e-37
      1809.00   2.0793172e-37
      1810.00   2.1351620e-37
      1811.00   2.1924425e-37
      1812.00   2.2511941e-37
      1813.00   2.3114529e-37
      1814.00   2.3732556e-37
      1815.00   2.4366401e-37
      1816.00   2.5016449e-37
      1817.00   2.5683098e-37
      1818.00   2.6366750e-37
      1819.00   2.7067820e-37
      1820.00   2.7786731e-37
      1821.00   2.8523917e-37
      1822.00   2.9279821e-37
      1823.00   3.0054897e-37
      1824.00   3.0849608e-37
      1825.00   3.1664429e-37
      1826.00   3.2499845e-37
      1827.00   3.3356355e-37
      1828.00   3.4234464e-37
      1829.00   3.5134694e-37
      1830.00   3.6057576e-37
      1831.00   3.7003654e-37
      1832.00   3.7973483e-37
      1833.00   3.8967633e-37
      1834.00   3.9986686e-37
      1835.00   4.1031237e-37
      1836.00   4.2101893e-37
      1837.00   4.3199279e-37
      1838.00   4.4324029e-37
      1839.00   4.5476796e-37
      1840.00   4.6658244e-37
      1841.00   4.7869055e-37
      1842.00   4.9109924e-37
      1843.00   5.0381563e-37
      1844.00   5.1684700e-37
      1845.00   5.3020079e-37
      1846.00   5.4388460e-37
      1847.00   5.5790622e-37
      1848.00   5.7227359e-37
      1849.00   5.8699485e-37
      1850.00   6.0207831e-37
      1851.00   6.1753247e-37
      1852.00   6.3336601e-37
      1853.00   6.4958781e-37
      1854.00   6.6620696e-37
      1855.00   6.8323273e-37
      1856.00   7.0067460e-37
      1857.00   7.1854228e-37
      1858.00   7.3684567e-37
      1859.00   7.5559490e-37
      1860.00   7.7480033e-37
      1861.00   7.9447253e-37
      1862.00   8.1462233e-37
      1863.00   8.3526077e-37
      1864.00   8.5639915e-37
      1865.00   8.7804902e-37
      1866.00   9.0022216e-37
      1867.00   9.2293065e-37
      1868.00   9.4618678e-37
      1869.00   9.7000316e-37
      1870.00   9.9439265e-37
      1871.00   1.0193684e-36
      1872.00   1.0449438e-36
      1873.00   1.0711326e-36
      1874.00   1.0979489e-36
      1875.00   1.1254068e-36
      1876.00   1.1535212e-36
      1877.00   1.1823069e-36
      1878.00   1.2117792e-36
      1879.00   1.2419537e-36
      1880.00   1.2728464e-36
      1881.00   1.3044735e-36
      1882.00   1.3368516e-36
      1883.00   1.3699979e-36
      1884.00   1.4039296e-36
      1885.00   1.4386644e-36
      1886.00   1.4742205e-36
      1887.00   1.5106164e-36
      1888.00   1.5478709e-36
      1889.00   1.5860034e-36
      1890.00   1.6250335e-36
      1891.00   1.6649815e-36
      1892.00   1.7058677e-36
      1893.00   1.7477134e-36
      1894.00   1.7905398e-36
      1895.00   1.8343689e-36
      1896.00   1.8792231e-36
      1897.00   1.9251251e-36
      1898.00   1.9720983e-36
      1899.00   2.0201665e-36
      1900.00   2.0693540e-36
      1901.00   2.1196856e-36
      1902.00   2.1711867e-36
      1903.00   2.2238832e-36
      1904.00   2.2778013e-36
      1905.00   2.3329682e-36
      1906.00   2.3894114e-36
      1907.00   2.4471590e-36
      1908.00   2.5062396e-36
      1909.00   2.5666826e-36
      1910.00   2.6285179e-36
      1911.00   2.6917760e-36
      1912.00   2.7564881e-36
      1913.00   2.8226859e-36
      1914.00   2.8904021e-36
      1915.00   2.9596697e-36
      1916.00   3.0305226e-36
      1917.00   3.1029952e-36
      1918.00   3.1771229e-36
      1919.00   3.2529416e-36
      1920.00   3.3304881e-36
      1921.00   3.4097997e-36
      1922.00   3.4909148e-36
      1923.00   3.5738724e-36
      1924.00   3.6587123e-36
      1925.00   3.7454752e-36
      1926.00   3.8342025e-36
      1927.00   3.9249365e-36
      1928.00   4.0177205e-36
      1929.00   4.1125986e-36
      1930.00   4.2096156e-36
      1931.00   4.3088175e-36
      1932.00   4.4102511e-36
      1933.00   4.5139642e-36
      1934.00   4.6200055e-36
      1935.00   4.7284247e-36
      1936.00   4.8392726e-36
      1937.00   4.9526009e-36
      1938.00   5.0684624e-36
      1939.00   5.1869111e-36
      1940.00   5.3080018e-36
      1941.00   5.4317906e-36
      1942.00   5.5583347e-36
      1943.00   5.6876924e-36
      1944.00   5.8199233e-36
      1945.00   5.9550881e-36
      1946.00   6.0932486e-36
      1947.00   6.2344680e-36
      1948.00   6.3788107e-36
      1949.00   6.5263425e-36
      1950.00   6.6771303e-36
      1951.00   6.8312424e-36
      1952.00   6.9887487e-36
      1953.00   7.1497200e-36
      1954.00   7.3142291e-36
      1955.00   7.4823497e-36
      1956.00   7.6541573e-36
      1957.00   7.8297288e-36
      1958.00   8.0091425e-36
      1959.00   8.1924785e-36
      1960.00   8.3798182e-36
      1961.00   8.5712447e-36
      1962.00   8.7668429e-36
      1963.00   8.9666992e-36
      1964.00   9.1709016e-36
      1965.00   9.3795401e-36
      1966.00   9.5927063e-36
      1967.00   9.8104935e-36
      1968.00   1.0032997e-35
      1969.00   1.0260314e-35
      1970.00   1.0492543e-35
      1971.00   1.0729785e-35
      1972.00   1.0972144e-35
      1973.00   1.1219724e-35
      1974.00   1.1472631e-35
      1975.00   1.1730975e-35
      1976.00   1.1994867e-35
      1977.00   1.2264421e-35
      1978.00   1.2539751e-35
      1979.00   1.2820975e-35
      1980.00   1.3108213e-35
      1981.00   1.3401588e-35
      1982.00   1.3701223e-35
      1983.00   1.4007246e-35
      1984.00   1.4319787e-35
      1985.00   1.4638977e-35
      1986.00   1.4964950e-35
      1987.00   1.5297844e-35
      1988.00   1.5637798e-35
      1989.00   1.5984954e-35
      1990.00   1.6339458e-35
      1991.00   1.6701456e-35
      1992.00   1.7071101e-35
      1993.00   1.7448544e-35
      1994.00   1.7833942e-35
      1995.00   1.8227456e-35
      1996.00   1.8629246e-35
      1997.00   1.9039478e-35
      1998.00   1.9458321e-35
      1999.00   1.9885946e-35
      2000.00   2.0322529e-35
      2001.00   2.0768247e-35
      2002.00   2.1223282e-35
      2003.00   2.1687819e-35
      2004.00   2.2162047e-35
      2005.00   2.2646157e-35
      2006.00   2.3140344e-35
      2007.00   2.3644809e-35
      2008.00   2.4159755e-35
      2009.00   2.4685387e-35
      2010.00   2.5221916e-35
      2011.00   2.5769558e-35
      2012.00   2.6328530e-35
      2013.00   2.6899055e-35
      2014.00   2.7481359e-35
      2015.00   2.8075675e-35
      2016.00   2.8682236e-35
      2017.00   2.9301283e-35
      2018.00   2.9933059e-35
      2019.00   3.0577813e-35
      2020.00   3.1235798e-35
      2021.00   3.1907272e-35
      2022.00   3.2592496e-35
      2023.00   3.3291740e-35
      2024.00   3.4005273e-35
      2025.00   3.4733375e-35
      2026.00   3.5476327e-35
      2027.00   3.6234416e-35
      2028.00   3.7007936e-35
      2029.00   3.7797184e-35
      2030.00   3.8602465e-35
      2031.00   3.9424086e-35
      2032.00   4.0262362e-35
      2033.00   4.1117615e-35
      2034.00   4.1990170e-35
      2035.00   4.2880359e-35
      2036.00   4.3788521e-35
      2037.00   4.4715000e-35
      2038.00   4.5660146e-35
      2039.00   4.6624316e-35
      2040.00   4.7607874e-35
      2041.00   4.8611189e-35
      2042.00   4.9634638e-35
      2043.00   5.0678605e-35
      2044.00   5.1743479e-35
      2045.00   5.2829657e-35
      2046.00   5.3937544e-35
      2047.00   5.5067552e-35
      2048.00   5.6220099e-35
      2049.00   5.7395613e-35
      2050.00   5.8594526e-35
      2051.00   5.9817281e-35
      2052.00   6.1064327e-35
      2053.00   6.2336123e-35
      2054.00   6.3633133e-35
      2055.00   6.4955833e-35
      2056.00   6.6304704e-35
      2057.00   6.7680238e-35
      2058.00   6.9082934e-35
      2059.00   7.0513301e-35
      2060.00   7.1971858e-35
      2061.00   7.3459129e-35
      2062.00   7.4975652e-35
      2063.00   7.6521973e-35
      2064.00   7.8098645e-35
      2065.00   7.9706234e-35
      2066.00   8.1345316e-35
      2067.00   8.3016474e-35
      2068.00   8.4720303e-35
      2069.00   8.6457410e-35
      2070.00   8.8228411e-35
      2071.00   9.0033932e-35
      2072.00   9.1874611e-35
      2073.00   9.3751097e-35
      2074.00   9.5664051e-35
      2075.00   9.7614144e-35
      2076.00   9.9602059e-35
      2077.00   1.0162849e-34
      2078.00   1.0369415e-34
      2079.00   1.0579976e-34
      2080.00   1.0794604e-34
      2081.00   1.1013374e-34
      2082.00   1.1236362e-34
      2083.00   1.1463645e-34
      2084.00   1.1695302e-34
      2085.00   1.1931411e-34
      2086.00   1.2172055e-34
      2087.00   1.2417316e-34
      2088.00   1.2667278e-34
      2089.00   1.2922025e-34
      2090.00   1.3181645e-34
      2091.00   1.3446227e-34
      2092.00   1.3715859e-34
      2093.00   1.3990634e-34
      2094.00   1.4270644e-34
      2095.00   1.4555984e-34
      2096.00   1.4846750e-34
      2097.00   1.5143040e-34
      2098.00   1.5444952e-34
      2099.00   1.5752589e-34
      2100.00   1.6066052e-34
      2101.00   1.6385447e-34
      2102.00   1.6710880e-34
      2103.00   1.7042458e-34
      2104.00   1.7380293e-34
      2105.00   1.7724494e-34
      2106.00   1.8075178e-34
      2107.00   1.8432457e-34
      2108.00   1.8796452e-34
      2109.00   1.9167280e-34
      2110.00   1.9545063e-34
      2111.00   1.9929925e-34
      2112.00   2.0321992e-34
      2113.00   2.0721391e-34
      2114.00   2.1128252e-34
      2115.00   2.1542707e-34
      2116.00   2.1964890e-34
      2117.00   2.2394937e-34
      2118.00   2.2832988e-34
      2119.00   2.3279184e-34
      2120.00   2.3733667e-34
      2121.00   2.4196583e-34
      2122.00   2.4668081e-34
      2123.00   2.5148312e-34
      2124.00   2.5637427e-34
      2125.00   2.6135584e-34
      2126.00   2.6642939e-34
      2127.00   2.7159654e-34
      2128.00   2.7685893e-34
      2129.00   2.8221821e-34
      2130.00   2.8767607e-34
      2131.00   2.9323424e-34
      2132.00   2.9889444e-34
      2133.00   3.0465846e-34
      2134.00   3.1052810e-34
      2135.00   3.1650519e-34
      2136.00   3.2259159e-34
      2137.00   3.2878920e-34
      2138.00   3.3509993e-34
      2139.00   3.4152574e-34
      2140.00   3.4806861e-34
      2141.00   3.5473057e-34
      2142.00   3.6151366e-34
      2143.00   3.6841997e-34
      2144.00   3.7545161e-34
      2145.00   3.8261074e-34
      2146.00   3.8989954e-34
      2147.00   3.9732024e-34
      2148.00   4.0487510e-34
      2149.00   4.1256640e-34
      2150.00   4.2039648e-34
      2151.00   4.2836770e-34
      2152.00   4.3648248e-34
      2153.00   4.4474326e-34
      2154.00   4.5315253e-34
      2155.00   4.6171280e-34
      2156.00   4.7042665e-34
      2157.00   4.7929667e-34
      2158.00   4.8832553e-34
      2159.00   4.9751589e-34
      2160.00   5.0687051e-34
      2161.00   5.1639215e-34
      2162.00   5.2608363e-34
      2163.00   5.3594783e-34
      2164.00   5.4598764e-34
      2165.00   5.5620603e-34
      2166.00   5.6660599e-34
      2167.00   5.7719059e-34
      2168.00   5.8796292e-34
      2169.00   5.9892612e-34
      2170.00   6.1008340e-34
      2171.00   6.2143800e-34
      2172.00   6.3299322e-34
      2173.00   6.4475241e-34
      2174.00   6.5671898e-34
      2175.00   6.6889639e-34
      2176.00   6.8128814e-34
      2177.00   6.9389780e-34
      2178.00   7.0672899e-34
      2179.00   7.1978539e-34
      2180.00   7.3307075e-34
      2181.00   7.4658884e-34
      2182.00   7.6034354e-34
      2183.00   7.7433874e-34
      2184.00   7.8857842e-34
      2185.00   8.0306663e-34
      2186.00   8.1780746e-34
      2187.00   8.3280507e-34
      2188.00   8.4806368e-34
      2189.00   8.6358760e-34
      2190.00   8.7938118e-34
      2191.00   8.9544884e-34
      2192.00   9.1179509e-34
      2193.00   9.2842447e-34
      2194.00   9.4534164e-34
      2195.00   9.6255129e-34
      2196.00   9.8005820e-34
      2197.00   9.9786722e-34
      2198.00   1.0159833e-33
      2199.00   1.0344114e-33
      2200.00   1.0531566e-33
      2201.00   1.0722240e-33
      2202.00   1.0916190e-33
      2203.00   1.1113468e-33
      2204.00   1.1314128e-33
      2205.00   1.1518225e-33
      2206.00   1.1725815e-33
      2207.00   1.1936953e-33
      2208.00   1.2151697e-33
      2209.00   1.2370106e-33
      2210.00   1.2592239e-33
      2211.00   1.2818154e-33
      2212.00   1.3047914e-33
      2213.00   1.3281580e-33
      2214.00   1.3519215e-33
      2215.00   1.3760882e-33
      2216.00   1.4006646e-33
      2217.00   1.4256573e-33
      2218.00   1.4510729e-33
      2219.00   1.4769181e-33
      2220.00   1.5031999e-33
      2221.00   1.5299251e-33
      2222.00   1.5571009e-33
      2223.00   1.5847345e-33
      2224.00   1.6128330e-33
      2225.00   1.6414040e-33
      2226.00   1.6704548e-33
      2227.00   1.6999931e-33
      2228.00   1.7300266e-33
      2229.00   1.7605632e-33
      2230.00   1.7916108e-33
      2231.00   1.8231775e-33
      2232.00   1.8552714e-33
      2233.00   1.8879009e-33
      2234.00   1.9210745e-33
      2235.00   1.9548006e-33
      2236.00   1.9890880e-33
      2237.00   2.0239454e-33
      2238.00   2.0593819e-33
      2239.00   2.0954065e-33
      2240.00   2.1320284e-33
      2241.00   2.1692570e-33
      2242.00   2.2071016e-33
      2243.00   2.2455721e-33
      2244.00   2.2846781e-33
      2245.00   2.3244295e-33
      2246.00   2.3648363e-33
      2247.00   2.4059089e-33
      2248.00   2.4476574e-33
      2249.00   2.4900925e-33
      2250.00   2.5332248e-33
      2251.00   2.5770650e-33
      2252.00   2.6216242e-33
      2253.00   2.6669134e-33
      2254.00   2.7129439e-33
      2255.00   2.7597273e-33
      2256.00   2.8072750e-33
      2257.00   2.8555989e-33
      2258.00   2.9047109e-33
      2259.00   2.9546232e-33
      2260.00   3.0053481e-33
      2261.00   3.0568979e-33
      2262.00   3.1092855e-33
      2263.00   3.1625235e-33
      2264.00   3.2166251e-33
      2265.00   3.2716034e-33
      2266.00   3.3274719e-33
      2267.00   3.3842441e-33
      2268.00   3.4419338e-33
      2269.00   3.5005550e-33
      2270.00   3.5601219e-33
      2271.00   3.6206489e-33
      2272.00   3.6821505e-33
      2273.00   3.7446415e-33
      2274.00   3.8081371e-33
      2275.00   3.8726522e-33
      2276.00   3.9382025e-33
      2277.00   4.0048036e-33
      2278.00   4.0724713e-33
      2279.00   4.1412217e-33
      2280.00   4.2110713e-33
      2281.00   4.2820364e-33
      2282.00   4.3541340e-33
      2283.00   4.4273811e-33
      2284.00   4.5017949e-33
      2285.00   4.5773930e-33
      2286.00   4.6541931e-33
      2287.00   4.7322132e-33
      2288.00   4.8114716e-33
      2289.00   4.8919868e-33
      2290.00   4.9737776e-33
      2291.00   5.0568630e-33
      2292.00   5.1412624e-33
      2293.00   5.2269954e-33
      2294.00   5.3140817e-33
      2295.00   5.4025415e-33
      2296.00   5.4923952e-33
      2297.00   5.5836636e-33
      2298.00   5.6763675e-33
      2299.00   5.7705283e-33
      2300.00   5.8661676e-33
      2301.00   5.9633072e-33
      2302.00   6.0619692e-33
      2303.00   6.1621762e-33
      2304.00   6.2639510e-33
      2305.00   6.3673166e-33
      2306.00   6.4722964e-33
      2307.00   6.5789143e-33
      2308.00   6.6871943e-33
      2309.00   6.7971608e-33
      2310.00   6.9088385e-33
      2311.00   7.0222526e-33
      2312.00   7.1374284e-33
      2313.00   7.2543917e-33
      2314.00   7.3731686e-33
      2315.00   7.4937856e-33
      2316.00   7.6162696e-33
      2317.00   7.7406478e-33
      2318.00   7.8669478e-33
      2319.00   7.9951974e-33
      2320.00   8.1254251e-33
      2321.00   8.2576596e-33
      2322.00   8.3919300e-33
      2323.00   8.5282658e-33
      2324.00   8.6666970e-33
      2325.00   8.8072537e-33
      2326.00   8.9499668e-33
      2327.00   9.0948675e-33
      2328.00   9.2419871e-33
      2329.00   9.3913579e-33
      2330.00   9.5430121e-33
      2331.00   9.6969827e-33
      2332.00   9.8533029e-33
      2333.00   1.0012007e-32
      2334.00   1.0173128e-32
      2335.00   1.0336701e-32
      2336.00   1.0502762e-32
      2337.00   1.0671346e-32
      2338.00   1.0842489e-32
      2339.00   1.1016227e-32
      2340.00   1.1192598e-32
      2341.00   1.1371640e-32
      2342.00   1.1553389e-32
      2343.00   1.1737886e-32
      2344.00   1.1925168e-32
      2345.00   1.2115275e-32
      2346.00   1.2308249e-32
      2347.00   1.2504128e-32
      2348.00   1.2702955e-32
      2349.00   1.2904770e-32
      2350.00   1.3109617e-32
      2351.00   1.3317539e-32
      2352.00   1.3528577e-32
      2353.00   1.3742778e-32
      2354.00   1.3960184e-32
      2355.00   1.4180842e-32
      2356.00   1.4404797e-32
      2357.00   1.4632095e-32
      2358.00   1.4862783e-32
      2359.00   1.5096909e-32
      2360.00   1.5334522e-32
      2361.00   1.5575669e-32
      2362.00   1.5820400e-32
      2363.00   1.6068766e-32
      2364.00   1.6320817e-32
      2365.00   1.6576604e-32
      2366.00   1.6836180e-32
      2367.00   1.7099598e-32
      2368.00   1.7366910e-32
      2369.00   1.7638171e-32
      2370.00   1.7913437e-32
      2371.00   1.8192761e-32
      2372.00   1.8476202e-32
      2373.00   1.8763815e-32
      2374.00   1.9055659e-32
      2375.00   1.9351792e-32
      2376.00   1.9652273e-32
      2377.00   1.9957162e-32
      2378.00   2.0266521e-32
      2379.00   2.0580410e-32
      2380.00   2.0898892e-32
      2381.00   2.1222031e-32
      2382.00   2.1549890e-32
      2383.00   2.1882533e-32
      2384.00   2.2220028e-32
      2385.00   2.2562439e-32
      2386.00   2.2909835e-32
      2387.00   2.3262284e-32
      2388.00   2.3619854e-32
      2389.00   2.3982617e-32
      2390.00   2.4350641e-32
      2391.00   2.4724000e-32
      2392.00   2.5102766e-32
      2393.00   2.5487012e-32
      2394.00   2.5876814e-32
      2395.00   2.6272245e-32
      2396.00   2.6673384e-32
      2397.00   2.7080307e-32
      2398.00   2.7493093e-32
      2399.00   2.7911820e-32
      2400.00   2.8336570e-32
      2401.00   2.8767424e-32
      2402.00   2.9204464e-32
      2403.00   2.9647773e-32
      2404.00   3.0097436e-32
      2405.00   3.0553540e-32
      2406.00   3.1016169e-32
      2407.00   3.1485412e-32
      2408.00   3.1961358e-32
      2409.00   3.2444097e-32
      2410.00   3.2933719e-32
      2411.00   3.3430318e-32
      2412.00   3.3933985e-32
      2413.00   3.4444817e-32
      2414.00   3.4962908e-32
      2415.00   3.5488355e-32
      2416.00   3.6021257e-32
      2417.00   3.6561712e-32
      2418.00   3.7109822e-32
      2419.00   3.7665688e-32
      2420.00   3.8229413e-32
      2421.00   3.8801102e-32
      2422.00   3.9380860e-32
      2423.00   3.9968794e-32
      2424.00   4.0565012e-32
      2425.00   4.1169624e-32
      2426.00   4.1782741e-32
      2427.00   4.2404475e-32
      2428.00   4.3034940e-32
      2429.00   4.3674251e-32
      2430.00   4.4322525e-32
      2431.00   4.4979878e-32
      2432.00   4.5646432e-32
      2433.00   4.6322306e-32
      2434.00   4.7007624e-32
      2435.00   4.7702508e-32
      2436.00   4.8407084e-32
      2437.00   4.9121479e-32
      2438.00   4.9845822e-32
      2439.00   5.0580242e-32
      2440.00   5.1324871e-32
      2441.00   5.2079843e-32
      2442.00   5.2845291e-32
      2443.00   5.3621353e-32
      2444.00   5.4408167e-32
      2445.00   5.5205871e-32
      2446.00   5.6014609e-32
      2447.00   5.6834522e-32
      2448.00   5.7665756e-32
      2449.00   5.8508458e-32
      2450.00   5.9362776e-32
      2451.00   6.0228859e-32
      2452.00   6.1106861e-32
      2453.00   6.1996935e-32
      2454.00   6.2899237e-32
      2455.00   6.3813924e-32
      2456.00   6.4741155e-32
      2457.00   6.5681093e-32
      2458.00   6.6633900e-32
      2459.00   6.7599742e-32
      2460.00   6.8578786e-32
      2461.00   6.9571201e-32
      2462.00   7.0577159e-32
      2463.00   7.1596833e-32
      2464.00   7.2630398e-32
      2465.00   7.3678031e-32
      2466.00   7.4739913e-32
      2467.00   7.5816225e-32
      2468.00   7.6907150e-32
      2469.00   7.8012876e-32
      2470.00   7.9133590e-32
      2471.00   8.0269483e-32
      2472.00   8.1420747e-32
      2473.00   8.2587577e-32
      2474.00   8.3770172e-32
      2475.00   8.4968730e-32
      2476.00   8.6183453e-32
      2477.00   8.7414547e-32
      2478.00   8.8662217e-32
      2479.00   8.9926673e-32
      2480.00   9.1208127e-32
      2481.00   9.2506793e-32
      2482.00   9.3822887e-32
      2483.00   9.5156630e-32
      2484.00   9.6508242e-32
      2485.00   9.7877948e-32
      2486.00   9.9265975e-32
      2487.00   1.0067255e-31
      2488.00   1.0209791e-31
      2489.00   1.0354229e-31
      2490.00   1.0500593e-31
      2491.00   1.0648906e-31
      2492.00   1.0799193e-31
      2493.00   1.0951479e-31
      2494.00   1.1105788e-31
      2495.00   1.1262146e-31
      2496.00   1.1420579e-31
      2497.00   1.1581111e-31
      2498.00   1.1743769e-31
      2499.00   1.1908580e-31
      2500.00   1.2075570e-31
      2501.00   1.2244766e-31
      2502.00   1.2416195e-31
      2503.00   1.2589886e-31
      2504.00   1.2765865e-31
      2505.00   1.2944162e-31
      2506.00   1.3124804e-31
      2507.00   1.3307822e-31
      2508.00   1.3493243e-31
      2509.00   1.3681098e-31
      2510.00   1.3871416e-31
      2511.00   1.4064228e-31
      2512.00   1.4259564e-31
      2513.00   1.4457456e-31
      2514.00   1.4657934e-31
      2515.00   1.4861031e-31
      2516.00   1.5066777e-31
      2517.00   1.5275207e-31
      2518.00   1.5486352e-31
      2519.00   1.5700245e-31
      2520.00   1.5916921e-31
      2521.00   1.6136412e-31
      2522.00   1.6358754e-31
      2523.00   1.6583980e-31
      2524.00   1.6812126e-31
      2525.00   1.7043228e-31
      2526.00   1.7277321e-31
      2527.00   1.7514441e-31
      2528.00   1.7754625e-31
      2529.00   1.7997911e-31
      2530.00   1.8244335e-31
      2531.00   1.8493936e-31
      2532.00   1.8746751e-31
      2533.00   1.9002820e-31
      2534.00   1.9262182e-31
      2535.00   1.9524876e-31
      2536.00   1.9790943e-31
      2537.00   2.0060423e-31
      2538.00   2.0333357e-31
      2539.00   2.0609786e-31
      2540.00   2.0889753e-31
      2541.00   2.1173300e-31
      2542.00   2.1460468e-31
      2543.00   2.1751303e-31
      2544.00   2.2045848e-31
      2545.00   2.2344146e-31
      2546.00   2.2646243e-31
      2547.00   2.2952184e-31
      2548.00   2.3262015e-31
      2549.00   2.3575781e-31
      2550.00   2.3893531e-31
      2551.00   2.4215310e-31
      2552.00   2.4541167e-31
      2553.00   2.4871151e-31
      2554.00   2.5205310e-31
      2555.00   2.5543693e-31
      2556.00   2.5886350e-31
      2557.00   2.6233333e-31
      2558.00   2.6584692e-31
      2559.00   2.6940478e-31
      2560.00   2.7300744e-31
      2561.00   2.7665543e-31
      2562.00   2.8034928e-31
      2563.00   2.8408952e-31
      2564.00   2.8787671e-31
      2565.00   2.9171140e-31
      2566.00   2.9559413e-31
      2567.00   2.9952548e-31
      2568.00   3.0350602e-31
      2569.00   3.0753631e-31
      2570.00   3.1161695e-31
      2571.00   3.1574851e-31
      2572.00   3.1993160e-31
      2573.00   3.2416681e-31
      2574.00   3.2845475e-31
      2575.00   3.3279604e-31
      2576.00   3.3719130e-31
      2577.00   3.4164114e-31
      2578.00   3.4614622e-31
      2579.00   3.5070716e-31
      2580.00   3.5532461e-31
      2581.00   3.5999924e-31
      2582.00   3.6473170e-31
      2583.00   3.6952266e-31
      2584.00   3.7437279e-31
      2585.00   3.7928278e-31
      2586.00   3.8425333e-31
      2587.00   3.8928512e-31
      2588.00   3.9437886e-31
      2589.00   3.9953527e-31
      2590.00   4.0475507e-31
      2591.00   4.1003898e-31
      2592.00   4.1538774e-31
      2593.00   4.2080210e-31
      2594.00   4.2628280e-31
      2595.00   4.3183061e-31
      2596.00   4.3744629e-31
      2597.00   4.4313062e-31
      2598.00   4.4888439e-31
      2599.00   4.5470838e-31
      2600.00   4.6060340e-31
      2601.00   4.6657025e-31
      2602.00   4.7260976e-31
      2603.00   4.7872274e-31
      2604.00   4.8491005e-31
      2605.00   4.9117251e-31
      2606.00   4.9751098e-31
      2607.00   5.0392633e-31
      2608.00   5.1041942e-31
      2609.00   5.1699114e-31
      2610.00   5.2364237e-31
      2611.00   5.3037402e-31
      2612.00   5.3718699e-31
      2613.00   5.4408219e-31
      2614.00   5.5106056e-31
      2615.00   5.5812303e-31
      2616.00   5.6527056e-31
      2617.00   5.7250408e-31
      2618.00   5.7982458e-31
      2619.00   5.8723303e-31
      2620.00   5.9473041e-31
      2621.00   6.0231772e-31
      2622.00   6.0999597e-31
      2623.00   6.1776618e-31
      2624.00   6.2562938e-31
      2625.00   6.3358659e-31
      2626.00   6.4163888e-31
      2627.00   6.4978731e-31
      2628.00   6.5803294e-31
      2629.00   6.6637686e-31
      2630.00   6.7482015e-31
      2631.00   6.8336394e-31
      2632.00   6.9200933e-31
      2633.00   7.0075745e-31
      2634.00   7.0960944e-31
      2635.00   7.1856645e-31
      2636.00   7.2762965e-31
      2637.00   7.3680020e-31
      2638.00   7.4607930e-31
      2639.00   7.5546815e-31
      2640.00   7.6496795e-31
      2641.00   7.7457993e-31
      2642.00   7.8430533e-31
      2643.00   7.9414539e-31
      2644.00   8.0410138e-31
      2645.00   8.1417458e-31
      2646.00   8.2436626e-31
      2647.00   8.3467773e-31
      2648.00   8.4511030e-31
      2649.00   8.5566530e-31
      2650.00   8.6634407e-31
      2651.00   8.7714797e-31
      2652.00   8.8807836e-31
      2653.00   8.9913662e-31
      2654.00   9.1032415e-31
      2655.00   9.2164236e-31
      2656.00   9.3309268e-31
      2657.00   9.4467653e-31
      2658.00   9.5639538e-31
      2659.00   9.6825069e-31
      2660.00   9.8024394e-31
      2661.00   9.9237663e-31
      2662.00   1.0046503e-30
      2663.00   1.0170664e-30
      2664.00   1.0296266e-30
      2665.00   1.0423323e-30
      2666.00   1.0551852e-30
      2667.00   1.0681868e-30
      2668.00   1.0813388e-30
      2669.00   1.0946427e-30
      2670.00   1.1081003e-30
      2671.00   1.1217131e-30
      2672.00   1.1354828e-30
      2673.00   1.1494112e-30
      2674.00   1.1634998e-30
      2675.00   1.1777506e-30
      2676.00   1.1921651e-30
      2677.00   1.2067451e-30
      2678.00   1.2214924e-30
      2679.00   1.2364089e-30
      2680.00   1.2514962e-30
      2681.00   1.2667563e-30
      2682.00   1.2821909e-30
      2683.00   1.2978020e-30
      2684.00   1.3135914e-30
      2685.00   1.3295610e-30
      2686.00   1.3457127e-30
      2687.00   1.3620485e-30
      2688.00   1.3785704e-30
      2689.00   1.3952802e-30
      2690.00   1.4121800e-30
      2691.00   1.4292718e-30
      2692.00   1.4465576e-30
      2693.00   1.4640395e-30
      2694.00   1.4817196e-30
      2695.00   1.4995999e-30
      2696.00   1.5176826e-30
      2697.00   1.5359698e-30
      2698.00   1.5544637e-30
      2699.00   1.5731664e-30
      2700.00   1.5920801e-30
      2701.00   1.6112070e-30
      2702.00   1.6305495e-30
      2703.00   1.6501097e-30
      2704.00   1.6698899e-30
      2705.00   1.6898924e-30
      2706.00   1.7101197e-30
      2707.00   1.7305739e-30
      2708.00   1.7512575e-30
      2709.00   1.7721729e-30
      2710.00   1.7933225e-30
      2711.00   1.8147088e-30
      2712.00   1.8363342e-30
      2713.00   1.8582011e-30
      2714.00   1.8803122e-30
      2715.00   1.9026700e-30
      2716.00   1.9252769e-30
      2717.00   1.9481357e-30
      2718.00   1.9712488e-30
      2719.00   1.9946191e-30
      2720.00   2.0182490e-30
      2721.00   2.0421414e-30
      2722.00   2.0662988e-30
      2723.00   2.0907241e-30
      2724.00   2.1154201e-30
      2725.00   2.1403894e-30
      2726.00   2.1656350e-30
      2727.00   2.1911596e-30
      2728.00   2.2169662e-30
      2729.00   2.2430576e-30
      2730.00   2.2694368e-30
      2731.00   2.2961068e-30
      2732.00   2.3230704e-30
      2733.00   2.3503308e-30
      2734.00   2.3778909e-30
      2735.00   2.4057538e-30
      2736.00   2.4339227e-30
      2737.00   2.4624006e-30
      2738.00   2.4911907e-30
      2739.00   2.5202962e-30
      2740.00   2.5497203e-30
      2741.00   2.5794663e-30
      2742.00   2.6095374e-30
      2743.00   2.6399369e-30
      2744.00   2.6706682e-30
      2745.00   2.7017347e-30
      2746.00   2.7331396e-30
      2747.00   2.7648866e-30
      2748.00   2.7969790e-30
      2749.00   2.8294203e-30
      2750.00   2.8622141e-30
      2751.00   2.8953640e-30
      2752.00   2.9288734e-30
      2753.00   2.9627462e-30
      2754.00   2.9969858e-30
      2755.00   3.0315960e-30
      2756.00   3.0665806e-30
      2757.00   3.1019433e-30
      2758.00   3.1376880e-30
      2759.00   3.1738183e-30
      2760.00   3.2103384e-30
      2761.00   3.2472519e-30
      2762.00   3.2845629e-30
      2763.00   3.3222754e-30
      2764.00   3.3603933e-30
      2765.00   3.3989208e-30
      2766.00   3.4378618e-30
      2767.00   3.4772207e-30
      2768.00   3.5170014e-30
      2769.00   3.5572083e-30
      2770.00   3.5978455e-30
      2771.00   3.6389174e-30
      2772.00   3.6804283e-30
      2773.00   3.7223825e-30
      2774.00   3.7647844e-30
      2775.00   3.8076385e-30
      2776.00   3.8509493e-30
      2777.00   3.8947212e-30
      2778.00   3.9389590e-30
      2779.00   3.9836670e-30
      2780.00   4.0288501e-30
      2781.00   4.0745129e-30
      2782.00   4.1206601e-30
      2783.00   4.1672965e-30
      2784.00   4.2144269e-30
      2785.00   4.2620563e-30
      2786.00   4.3101894e-30
      2787.00   4.3588313e-30
      2788.00   4.4079870e-30
      2789.00   4.4576614e-30
      2790.00   4.5078597e-30
      2791.00   4.5585871e-30
      2792.00   4.6098486e-30
      2793.00   4.6616496e-30
      2794.00   4.7139953e-30
      2795.00   4.7668910e-30
      2796.00   4.8203421e-30
      2797.00   4.8743540e-30
      2798.00   4.9289322e-30
      2799.00   4.9840822e-30
      2800.00   5.0398095e-30
      2801.00   5.0961198e-30
      2802.00   5.1530188e-30
      2803.00   5.2105121e-30
      2804.00   5.2686056e-30
      2805.00   5.3273050e-30
      2806.00   5.3866162e-30
      2807.00   5.4465452e-30
      2808.00   5.5070978e-30
      2809.00   5.5682802e-30
      2810.00   5.6300985e-30
      2811.00   5.6925587e-30
      2812.00   5.7556671e-30
      2813.00   5.8194298e-30
      2814.00   5.8838533e-30
      2815.00   5.9489439e-30
      2816.00   6.0147079e-30
      2817.00   6.0811519e-30
      2818.00   6.1482823e-30
      2819.00   6.2161058e-30
      2820.00   6.2846291e-30
      2821.00   6.3538587e-30
      2822.00   6.4238015e-30
      2823.00   6.4944643e-30
      2824.00   6.5658540e-30
      2825.00   6.6379775e-30
      2826.00   6.7108418e-30
      2827.00   6.7844539e-30
      2828.00   6.8588211e-30
      2829.00   6.9339505e-30
      2830.00   7.0098494e-30
      2831.00   7.0865250e-30
      2832.00   7.1639848e-30
      2833.00   7.2422361e-30
      2834.00   7.3212865e-30
      2835.00   7.4011436e-30
      2836.00   7.4818151e-30
      2837.00   7.5633085e-30
      2838.00   7.6456317e-30
      2839.00   7.7287926e-30
      2840.00   7.8127990e-30
      2841.00   7.8976589e-30
      2842.00   7.9833804e-30
      2843.00   8.0699715e-30
      2844.00   8.1574406e-30
      2845.00   8.2457957e-30
      2846.00   8.3350453e-30
      2847.00   8.4251978e-30
      2848.00   8.5162616e-30
      2849.00   8.6082453e-30
      2850.00   8.7011575e-30
      2851.00   8.7950069e-30
      2852.00   8.8898023e-30
      2853.00   8.9855524e-30
      2854.00   9.0822663e-30
      2855.00   9.1799530e-30
      2856.00   9.2786214e-30
      2857.00   9.3782808e-30
      2858.00   9.4789404e-30
      2859.00   9.5806095e-30
      2860.00   9.6832975e-30
      2861.00   9.7870139e-30
      2862.00   9.8917681e-30
      2863.00   9.9975699e-30
      2864.00   1.0104429e-29
      2865.00   1.0212355e-29
      2866.00   1.0321358e-29
      2867.00   1.0431448e-29
      2868.00   1.0542635e-29
      2869.00   1.0654929e-29
      2870.00   1.0768340e-29
      2871.00   1.0882879e-29
      2872.00   1.0998556e-29
      2873.00   1.1115382e-29
      2874.00   1.1233366e-29
      2875.00   1.1352521e-29
      2876.00   1.1472855e-29
      2877.00   1.1594382e-29
      2878.00   1.1717110e-29
      2879.00   1.1841052e-29
      2880.00   1.1966218e-29
      2881.00   1.2092619e-29
      2882.00   1.2220268e-29
      2883.00   1.2349175e-29
      2884.00   1.2479351e-29
      2885.00   1.2610809e-29
      2886.00   1.2743561e-29
      2887.00   1.2877617e-29
      2888.00   1.3012990e-29
      2889.00   1.3149691e-29
      2890.00   1.3287734e-29
      2891.00   1.3427129e-29
      2892.00   1.3567890e-29
      2893.00   1.3710029e-29
      2894.00   1.3853558e-29
      2895.00   1.3998489e-29
      2896.00   1.4144837e-29
      2897.00   1.4292612e-29
      2898.00   1.4441829e-29
      2899.00   1.4592500e-29
      2900.00   1.4744638e-29
      2901.00   1.4898257e-29
      2902.00   1.5053370e-29
      2903.00   1.5209991e-29
      2904.00   1.5368132e-29
      2905.00   1.5527808e-29
      2906.00   1.5689033e-29
      2907.00   1.5851820e-29
      2908.00   1.6016184e-29
      2909.00   1.6182138e-29
      2910.00   1.6349697e-29
      2911.00   1.6518875e-29
      2912.00   1.6689687e-29
      2913.00   1.6862147e-29
      2914.00   1.7036270e-29
      2915.00   1.7212071e-29
      2916.00   1.7389565e-29
      2917.00   1.7568767e-29
      2918.00   1.7749692e-29
      2919.00   1.7932355e-29
      2920.00   1.8116773e-29
      2921.00   1.8302960e-29
      2922.00   1.8490932e-29
      2923.00   1.8680705e-29
      2924.00   1.8872296e-29
      2925.00   1.9065720e-29
      2926.00   1.9260993e-29
      2927.00   1.9458132e-29
      2928.00   1.9657154e-29
      2929.00   1.9858074e-29
      2930.00   2.0060911e-29
      2931.00   2.0265680e-29
      2932.00   2.0472398e-29
      2933.00   2.0681084e-29
      2934.00   2.0891753e-29
      2935.00   2.1104425e-29
      2936.00   2.1319115e-29
      2937.00   2.1535843e-29
      2938.00   2.1754626e-29
      2939.00   2.1975481e-29
      2940.00   2.2198428e-29
      2941.00   2.2423484e-29
      2942.00   2.2650668e-29
      2943.00   2.2879998e-29
      2944.00   2.3111494e-29
      2945.00   2.3345174e-29
      2946.00   2.3581057e-29
      2947.00   2.3819163e-29
      2948.00   2.4059510e-29
      2949.00   2.4302119e-29
      2950.00   2.4547009e-29
      2951.00   2.4794200e-29
      2952.00   2.5043712e-29
      2953.00   2.5295565e-29
      2954.00   2.5549779e-29
      2955.00   2.5806376e-29
      2956.00   2.6065374e-29
      2957.00   2.6326796e-29
      2958.00   2.6590663e-29
      2959.00   2.6856994e-29
      2960.00   2.7125813e-29
      2961.00   2.7397140e-29
      2962.00   2.7670996e-29
      2963.00   2.7947404e-29
      2964.00   2.8226386e-29
      2965.00   2.8507964e-29
      2966.00   2.8792160e-29
      2967.00   2.9078996e-29
      2968.00   2.9368496e-29
      2969.00   2.9660682e-29
      2970.00   2.9955578e-29
      2971.00   3.0253206e-29
      2972.00   3.0553589e-29
      2973.00   3.0856752e-29
      2974.00   3.1162719e-29
      2975.00   3.1471513e-29
      2976.00   3.1783158e-29
      2977.00   3.2097679e-29
      2978.00   3.2415100e-29
      2979.00   3.2735446e-29
      2980.00   3.3058742e-29
      2981.00   3.3385012e-29
      2982.00   3.3714284e-29
      2983.00   3.4046581e-29
      2984.00   3.4381929e-29
      2985.00   3.4720355e-29
      2986.00   3.5061885e-29
      2987.00   3.5406544e-29
      2988.00   3.5754359e-29
      2989.00   3.6105358e-29
      2990.00   3.6459566e-29
      2991.00   3.6817012e-29
      2992.00   3.7177722e-29
      2993.00   3.7541724e-29
      2994.00   3.7909045e-29
      2995.00   3.8279714e-29
      2996.00   3.8653759e-29
      2997.00   3.9031209e-29
      2998.00   3.9412091e-29
      2999.00   3.9796435e-29
      3000.00   4.0184270e-29
      3001.00   4.0575625e-29
      3002.00   4.0970529e-29
      3003.00   4.1369013e-29
      3004.00   4.1771106e-29
      3005.00   4.2176839e-29
      3006.00   4.2586242e-29
      3007.00   4.2999345e-29
      3008.00   4.3416180e-29
      3009.00   4.3836777e-29
      3010.00   4.4261168e-29
      3011.00   4.4689385e-29
      3012.00   4.5121460e-29
      3013.00   4.5557424e-29
      3014.00   4.5997310e-29
      3015.00   4.6441150e-29
      3016.00   4.6888978e-29
      3017.00   4.7340826e-29
      3018.00   4.7796727e-29
      3019.00   4.8256716e-29
      3020.00   4.8720826e-29
      3021.00   4.9189091e-29
      3022.00   4.9661546e-29
      3023.00   5.0138225e-29
      3024.00   5.0619163e-29
      3025.00   5.1104395e-29
      3026.00   5.1593956e-29
      3027.00   5.2087883e-29
      3028.00   5.2586211e-29
      3029.00   5.3088976e-29
      3030.00   5.3596215e-29
      3031.00   5.4107964e-29
      3032.00   5.4624261e-29
      3033.00   5.5145143e-29
      3034.00   5.5670648e-29
      3035.00   5.6200812e-29
      3036.00   5.6735675e-29
      3037.00   5.7275275e-29
      3038.00   5.7819650e-29
      3039.00   5.8368840e-29
      3040.00   5.8922884e-29
      3041.00   5.9481822e-29
      3042.00   6.0045692e-29
      3043.00   6.0614536e-29
      3044.00   6.1188395e-29
      3045.00   6.1767307e-29
      3046.00   6.2351316e-29
      3047.00   6.2940462e-29
      3048.00   6.3534787e-29
      3049.00   6.4134333e-29
      3050.00   6.4739142e-29
      3051.00   6.5349256e-29
      3052.00   6.5964720e-29
      3053.00   6.6585576e-29
      3054.00   6.7211867e-29
      3055.00   6.7843638e-29
      3056.00   6.8480932e-29
      3057.00   6.9123795e-29
      3058.00   6.9772271e-29
      3059.00   7.0426405e-29
      3060.00   7.1086243e-29
      3061.00   7.1751831e-29
      3062.00   7.2423215e-29
      3063.00   7.3100441e-29
      3064.00   7.3783557e-29
      3065.00   7.4472609e-29
      3066.00   7.5167645e-29
      3067.00   7.5868714e-29
      3068.00   7.6575863e-29
      3069.00   7.7289141e-29
      3070.00   7.8008596e-29
      3071.00   7.8734280e-29
      3072.00   7.9466240e-29
      3073.00   8.0204527e-29
      3074.00   8.0949192e-29
      3075.00   8.1700284e-29
      3076.00   8.2457857e-29
      3077.00   8.3221960e-29
      3078.00   8.3992646e-29
      3079.00   8.4769967e-29
      3080.00   8.5553976e-29
      3081.00   8.6344726e-29
      3082.00   8.7142270e-29
      3083.00   8.7946662e-29
      3084.00   8.8757956e-29
      3085.00   8.9576207e-29
      3086.00   9.0401470e-29
      3087.00   9.1233800e-29
      3088.00   9.2073252e-29
      3089.00   9.2919884e-29
      3090.00   9.3773752e-29
      3091.00   9.4634912e-29
      3092.00   9.5503422e-29
      3093.00   9.6379340e-29
      3094.00   9.7262724e-29
      3095.00   9.8153632e-29
      3096.00   9.9052125e-29
      3097.00   9.9958260e-29
      3098.00   1.0087210e-28
      3099.00   1.0179370e-28
      3100.00   1.0272313e-28
      3101.00   1.0366044e-28
      3102.00   1.0460570e-28
      3103.00   1.0555896e-28
      3104.00   1.0652030e-28
      3105.00   1.0748978e-28
      3106.00   1.0846745e-28
      3107.00   1.0945338e-28
      3108.00   1.1044764e-28
      3109.00   1.1145029e-28
      3110.00   1.1246140e-28
      3111.00   1.1348103e-28
      3112.00   1.1450924e-28
      3113.00   1.1554611e-28
      3114.00   1.1659170e-28
      3115.00   1.1764608e-28
      3116.00   1.1870932e-28
      3117.00   1.1978149e-28
      3118.00   1.2086264e-28
      3119.00   1.2195287e-28
      3120.00   1.2305222e-28
      3121.00   1.2416078e-28
      3122.00   1.2527862e-28
      3123.00   1.2640580e-28
      3124.00   1.2754240e-28
      3125.00   1.2868850e-28
      3126.00   1.2984415e-28
      3127.00   1.3100945e-28
      3128.00   1.3218446e-28
      3129.00   1.3336925e-28
      3130.00   1.3456390e-28
      3131.00   1.3576849e-28
      3132.00   1.3698310e-28
      3133.00   1.3820779e-28
      3134.00   1.3944265e-28
      3135.00   1.4068775e-28
      3136.00   1.4194318e-28
      3137.00   1.4320901e-28
      3138.00   1.4448531e-28
      3139.00   1.4577218e-28
      3140.00   1.4706969e-28
      3141.00   1.4837792e-28
      3142.00   1.4969696e-28
      3143.00   1.5102688e-28
      3144.00   1.5236776e-28
      3145.00   1.5371970e-28
      3146.00   1.5508277e-28
      3147.00   1.5645707e-28
      3148.00   1.5784266e-28
      3149.00   1.5923965e-28
      3150.00   1.6064811e-28
      3151.00   1.6206814e-28
      3152.00   1.6349981e-28
      3153.00   1.6494322e-28
      3154.00   1.6639846e-28
      3155.00   1.6786562e-28
      3156.00   1.6934478e-28
      3157.00   1.7083603e-28
      3158.00   1.7233948e-28
      3159.00   1.7385520e-28
      3160.00   1.7538329e-28
      3161.00   1.7692384e-28
      3162.00   1.7847695e-28
      3163.00   1.8004271e-28
      3164.00   1.8162122e-28
      3165.00   1.8321257e-28
      3166.00   1.8481685e-28
      3167.00   1.8643417e-28
      3168.00   1.8806462e-28
      3169.00   1.8970830e-28
      3170.00   1.9136531e-28
      3171.00   1.9303574e-28
      3172.00   1.9471970e-28
      3173.00   1.9641729e-28
      3174.00   1.9812861e-28
      3175.00   1.9985376e-28
      3176.00   2.0159284e-28
      3177.00   2.0334596e-28
      3178.00   2.0511322e-28
      3179.00   2.0689473e-28
      3180.00   2.0869059e-28
      3181.00   2.1050091e-28
      3182.00   2.1232579e-28
      3183.00   2.1416535e-28
      3184.00   2.1601969e-28
      3185.00   2.1788892e-28
      3186.00   2.1977315e-28
      3187.00   2.2167249e-28
      3188.00   2.2358705e-28
      3189.00   2.2551695e-28
      3190.00   2.2746229e-28
      3191.00   2.2942320e-28
      3192.00   2.3139978e-28
      3193.00   2.3339215e-28
      3194.00   2.3540043e-28
      3195.00   2.3742473e-28
      3196.00   2.3946517e-28
      3197.00   2.4152187e-28
      3198.00   2.4359495e-28
      3199.00   2.4568453e-28
      3200.00   2.4779072e-28
      3201.00   2.4991365e-28
      3202.00   2.5205345e-28
      3203.00   2.5421023e-28
      3204.00   2.5638412e-28
      3205.00   2.5857524e-28
      3206.00   2.6078372e-28
      3207.00   2.6300968e-28
      3208.00   2.6525326e-28
      3209.00   2.6751458e-28
      3210.00   2.6979376e-28
      3211.00   2.7209095e-28
      3212.00   2.7440626e-28
      3213.00   2.7673983e-28
      3214.00   2.7909180e-28
      3215.00   2.8146229e-28
      3216.00   2.8385145e-28
      3217.00   2.8625939e-28
      3218.00   2.8868627e-28
      3219.00   2.9113221e-28
      3220.00   2.9359736e-28
      3221.00   2.9608185e-28
      3222.00   2.9858583e-28
      3223.00   3.0110942e-28
      3224.00   3.0365279e-28
      3225.00   3.0621605e-28
      3226.00   3.0879937e-28
      3227.00   3.1140287e-28
      3228.00   3.1402672e-28
      3229.00   3.1667105e-28
      3230.00   3.1933601e-28
      3231.00   3.2202174e-28
      3232.00   3.2472840e-28
      3233.00   3.2745614e-28
      3234.00   3.3020511e-28
      3235.00   3.3297545e-28
      3236.00   3.3576733e-28
      3237.00   3.3858089e-28
      3238.00   3.4141629e-28
      3239.00   3.4427368e-28
      3240.00   3.4715323e-28
      3241.00   3.5005508e-28
      3242.00   3.5297940e-28
      3243.00   3.5592635e-28
      3244.00   3.5889608e-28
      3245.00   3.6188876e-28
      3246.00   3.6490456e-28
      3247.00   3.6794363e-28
      3248.00   3.7100614e-28
      3249.00   3.7409226e-28
      3250.00   3.7720215e-28
      3251.00   3.8033598e-28
      3252.00   3.8349392e-28
      3253.00   3.8667614e-28
      3254.00   3.8988282e-28
      3255.00   3.9311411e-28
      3256.00   3.9637021e-28
      3257.00   3.9965127e-28
      3258.00   4.0295749e-28
      3259.00   4.0628902e-28
      3260.00   4.0964606e-28
      3261.00   4.1302878e-28
      3262.00   4.1643736e-28
      3263.00   4.1987199e-28
      3264.00   4.2333283e-28
      3265.00   4.2682009e-28
      3266.00   4.3033394e-28
      3267.00   4.3387457e-28
      3268.00   4.3744216e-28
      3269.00   4.4103691e-28
      3270.00   4.4465901e-28
      3271.00   4.4830863e-28
      3272.00   4.5198599e-28
      3273.00   4.5569126e-28
      3274.00   4.5942465e-28
      3275.00   4.6318635e-28
      3276.00   4.6697655e-28
      3277.00   4.7079546e-28
      3278.00   4.7464327e-28
      3279.00   4.7852018e-28
      3280.00   4.8242640e-28
      3281.00   4.8636213e-28
      3282.00   4.9032757e-28
      3283.00   4.9432293e-28
      3284.00   4.9834842e-28
      3285.00   5.0240424e-28
      3286.00   5.0649060e-28
      3287.00   5.1060771e-28
      3288.00   5.1475580e-28
      3289.00   5.1893506e-28
      3290.00   5.2314571e-28
      3291.00   5.2738798e-28
      3292.00   5.3166207e-28
      3293.00   5.3596821e-28
      3294.00   5.4030661e-28
      3295.00   5.4467750e-28
      3296.00   5.4908111e-28
      3297.00   5.5351764e-28
      3298.00   5.5798734e-28
      3299.00   5.6249043e-28
      3300.00   5.6702713e-28
      3301.00   5.7159768e-28
      3302.00   5.7620230e-28
      3303.00   5.8084123e-28
      3304.00   5.8551471e-28
      3305.00   5.9022297e-28
      3306.00   5.9496624e-28
      3307.00   5.9974477e-28
      3308.00   6.0455880e-28
      3309.00   6.0940856e-28
      3310.00   6.1429430e-28
      3311.00   6.1921626e-28
      3312.00   6.2417469e-28
      3313.00   6.2916984e-28
      3314.00   6.3420196e-28
      3315.00   6.3927129e-28
      3316.00   6.4437810e-28
      3317.00   6.4952262e-28
      3318.00   6.5470512e-28
      3319.00   6.5992585e-28
      3320.00   6.6518508e-28
      3321.00   6.7048306e-28
      3322.00   6.7582005e-28
      3323.00   6.8119632e-28
      3324.00   6.8661213e-28
      3325.00   6.9206774e-28
      3326.00   6.9756343e-28
      3327.00   7.0309946e-28
      3328.00   7.0867611e-28
      3329.00   7.1429365e-28
      3330.00   7.1995235e-28
      3331.00   7.2565249e-28
      3332.00   7.3139434e-28
      3333.00   7.3717819e-28
      3334.00   7.4300431e-28
      3335.00   7.4887300e-28
      3336.00   7.5478453e-28
      3337.00   7.6073918e-28
      3338.00   7.6673726e-28
      3339.00   7.7277904e-28
      3340.00   7.7886482e-28
      3341.00   7.8499490e-28
      3342.00   7.9116956e-28
      3343.00   7.9738910e-28
      3344.00   8.0365383e-28
      3345.00   8.0996403e-28
      3346.00   8.1632003e-28
      3347.00   8.2272211e-28
      3348.00   8.2917058e-28
      3349.00   8.3566576e-28
      3350.00   8.4220794e-28
      3351.00   8.4879745e-28
      3352.00   8.5543459e-28
      3353.00   8.6211969e-28
      3354.00   8.6885305e-28
      3355.00   8.7563499e-28
      3356.00   8.8246584e-28
      3357.00   8.8934592e-28
      3358.00   8.9627555e-28
      3359.00   9.0325506e-28
      3360.00   9.1028478e-28
      3361.00   9.1736504e-28
      3362.00   9.2449617e-28
      3363.00   9.3167850e-28
      3364.00   9.3891237e-28
      3365.00   9.4619812e-28
      3366.00   9.5353609e-28
      3367.00   9.6092662e-28
      3368.00   9.6837005e-28
      3369.00   9.7586674e-28
      3370.00   9.8341703e-28
      3371.00   9.9102126e-28
      3372.00   9.9867980e-28
      3373.00   1.0063930e-27
      3374.00   1.0141612e-27
      3375.00   1.0219848e-27
      3376.00   1.0298641e-27
      3377.00   1.0377995e-27
      3378.00   1.0457914e-27
      3379.00   1.0538401e-27
      3380.00   1.0619459e-27
      3381.00   1.0701094e-27
      3382.00   1.0783308e-27
      3383.00   1.0866105e-27
      3384.00   1.0949489e-27
      3385.00   1.1033464e-27
      3386.00   1.1118034e-27
      3387.00   1.1203202e-27
      3388.00   1.1288972e-27
      3389.00   1.1375348e-27
      3390.00   1.1462335e-27
      3391.00   1.1549935e-27
      3392.00   1.1638154e-27
      3393.00   1.1726994e-27
      3394.00   1.1816461e-27
      3395.00   1.1906557e-27
      3396.00   1.1997288e-27
      3397.00   1.2088656e-27
      3398.00   1.2180667e-27
      3399.00   1.2273325e-27
      3400.00   1.2366633e-27
      3401.00   1.2460595e-27
      3402.00   1.2555217e-27
      3403.00   1.2650501e-27
      3404.00   1.2746453e-27
      3405.00   1.2843076e-27
      3406.00   1.2940376e-27
      3407.00   1.3038356e-27
      3408.00   1.3137020e-27
      3409.00   1.3236373e-27
      3410.00   1.3336419e-27
      3411.00   1.3437163e-27
      3412.00   1.3538610e-27
      3413.00   1.3640763e-27
      3414.00   1.3743627e-27
      3415.00   1.3847207e-27
      3416.00   1.3951507e-27
      3417.00   1.4056532e-27
      3418.00   1.4162286e-27
      3419.00   1.4268774e-27
      3420.00   1.4376001e-27
      3421.00   1.4483971e-27
      3422.00   1.4592690e-27
      3423.00   1.4702161e-27
      3424.00   1.4812389e-27
      3425.00   1.4923380e-27
      3426.00   1.5035138e-27
      3427.00   1.5147668e-27
      3428.00   1.5260975e-27
      3429.00   1.5375063e-27
      3430.00   1.5489939e-27
      3431.00   1.5605605e-27
      3432.00   1.5722069e-27
      3433.00   1.5839334e-27
      3434.00   1.5957405e-27
      3435.00   1.6076288e-27
      3436.00   1.6195988e-27
      3437.00   1.6316510e-27
      3438.00   1.6437859e-27
      3439.00   1.6560040e-27
      3440.00   1.6683058e-27
      3441.00   1.6806920e-27
      3442.00   1.6931629e-27
      3443.00   1.7057191e-27
      3444.00   1.7183612e-27
      3445.00   1.7310896e-27
      3446.00   1.7439050e-27
      3447.00   1.7568079e-27
      3448.00   1.7697988e-27
      3449.00   1.7828782e-27
      3450.00   1.7960468e-27
      3451.00   1.8093050e-27
      3452.00   1.8226534e-27
      3453.00   1.8360926e-27
      3454.00   1.8496232e-27
      3455.00   1.8632457e-27
      3456.00   1.8769607e-27
      3457.00   1.8907687e-27
      3458.00   1.9046703e-27
      3459.00   1.9186662e-27
      3460.00   1.9327568e-27
      3461.00   1.9469428e-27
      3462.00   1.9612248e-27
      3463.00   1.9756033e-27
      3464.00   1.9900790e-27
      3465.00   2.0046525e-27
      3466.00   2.0193242e-27
      3467.00   2.0340950e-27
      3468.00   2.0489653e-27
      3469.00   2.0639358e-27
      3470.00   2.0790070e-27
      3471.00   2.0941797e-27
      3472.00   2.1094544e-27
      3473.00   2.1248318e-27
      3474.00   2.1403125e-27
      3475.00   2.1558971e-27
      3476.00   2.1715862e-27
      3477.00   2.1873805e-27
      3478.00   2.2032807e-27
      3479.00   2.2192873e-27
      3480.00   2.2354011e-27
      3481.00   2.2516226e-27
      3482.00   2.2679526e-27
      3483.00   2.2843917e-27
      3484.00   2.3009406e-27
      3485.00   2.3175999e-27
      3486.00   2.3343703e-27
      3487.00   2.3512525e-27
      3488.00   2.3682472e-27
      3489.00   2.3853550e-27
      3490.00   2.4025766e-27
      3491.00   2.4199128e-27
      3492.00   2.4373641e-27
      3493.00   2.4549314e-27
      3494.00   2.4726153e-27
      3495.00   2.4904165e-27
      3496.00   2.5083357e-27
      3497.00   2.5263736e-27
      3498.00   2.5445310e-27
      3499.00   2.5628086e-27
      3500.00   2.5812071e-27
      3501.00   2.5997272e-27
      3502.00   2.6183697e-27
      3503.00   2.6371353e-27
      3504.00   2.6560247e-27
      3505.00   2.6750387e-27
      3506.00   2.6941780e-27
      3507.00   2.7134434e-27
      3508.00   2.7328356e-27
      3509.00   2.7523554e-27
      3510.00   2.7720036e-27
      3511.00   2.7917810e-27
      3512.00   2.8116882e-27
      3513.00   2.8317261e-27
      3514.00   2.8518954e-27
      3515.00   2.8721971e-27
      3516.00   2.8926317e-27
      3517.00   2.9132002e-27
      3518.00   2.9339033e-27
      3519.00   2.9547418e-27
      3520.00   2.9757166e-27
      3521.00   2.9968284e-27
      3522.00   3.0180780e-27
      3523.00   3.0394664e-27
      3524.00   3.0609942e-27
      3525.00   3.0826624e-27
      3526.00   3.1044718e-27
      3527.00   3.1264231e-27
      3528.00   3.1485173e-27
      3529.00   3.1707552e-27
      3530.00   3.1931376e-27
      3531.00   3.2156654e-27
      3532.00   3.2383395e-27
      3533.00   3.2611606e-27
      3534.00   3.2841298e-27
      3535.00   3.3072478e-27
      3536.00   3.3305156e-27
      3537.00   3.3539340e-27
      3538.00   3.3775038e-27
      3539.00   3.4012261e-27
      3540.00   3.4251017e-27
      3541.00   3.4491314e-27
      3542.00   3.4733163e-27
      3543.00   3.4976572e-27
      3544.00   3.5221550e-27
      3545.00   3.5468106e-27
      3546.00   3.5716250e-27
      3547.00   3.5965991e-27
      3548.00   3.6217339e-27
      3549.00   3.6470302e-27
      3550.00   3.6724891e-27
      3551.00   3.6981114e-27
      3552.00   3.7238981e-27
      3553.00   3.7498503e-27
      3554.00   3.7759687e-27
      3555.00   3.8022545e-27
      3556.00   3.8287086e-27
      3557.00   3.8553319e-27
      3558.00   3.8821256e-27
      3559.00   3.9090904e-27
      3560.00   3.9362275e-27
      3561.00   3.9635378e-27
      3562.00   3.9910224e-27
      3563.00   4.0186823e-27
      3564.00   4.0465184e-27
      3565.00   4.0745318e-27
      3566.00   4.1027235e-27
      3567.00   4.1310946e-27
      3568.00   4.1596461e-27
      3569.00   4.1883790e-27
      3570.00   4.2172944e-27
      3571.00   4.2463933e-27
      3572.00   4.2756768e-27
      3573.00   4.3051460e-27
      3574.00   4.3348019e-27
      3575.00   4.3646456e-27
      3576.00   4.3946782e-27
      3577.00   4.4249008e-27
      3578.00   4.4553144e-27
      3579.00   4.4859201e-27
      3580.00   4.5167192e-27
      3581.00   4.5477126e-27
      3582.00   4.5789015e-27
      3583.00   4.6102870e-27
      3584.00   4.6418702e-27
      3585.00   4.6736523e-27
      3586.00   4.7056344e-27
      3587.00   4.7378176e-27
      3588.00   4.7702031e-27
      3589.00   4.8027921e-27
      3590.00   4.8355857e-27
      3591.00   4.8685851e-27
      3592.00   4.9017914e-27
      3593.00   4.9352058e-27
      3594.00   4.9688296e-27
      3595.00   5.0026638e-27
      3596.00   5.0367098e-27
      3597.00   5.0709686e-27
      3598.00   5.1054416e-27
      3599.00   5.1401299e-27
      3600.00   5.1750347e-27
      3601.00   5.2101574e-27
      3602.00   5.2454990e-27
      3603.00   5.2810609e-27
      3604.00   5.3168443e-27
      3605.00   5.3528504e-27
      3606.00   5.3890805e-27
      3607.00   5.4255359e-27
      3608.00   5.4622179e-27
      3609.00   5.4991277e-27
      3610.00   5.5362666e-27
      3611.00   5.5736358e-27
      3612.00   5.6112368e-27
      3613.00   5.6490708e-27
      3614.00   5.6871391e-27
      3615.00   5.7254430e-27
      3616.00   5.7639839e-27
      3617.00   5.8027631e-27
      3618.00   5.8417819e-27
      3619.00   5.8810416e-27
      3620.00   5.9205437e-27
      3621.00   5.9602894e-27
      3622.00   6.0002802e-27
      3623.00   6.0405173e-27
      3624.00   6.0810023e-27
      3625.00   6.1217364e-27
      3626.00   6.1627211e-27
      3627.00   6.2039578e-27
      3628.00   6.2454478e-27
      3629.00   6.2871926e-27
      3630.00   6.3291936e-27
      3631.00   6.3714522e-27
      3632.00   6.4139699e-27
      3633.00   6.4567480e-27
      3634.00   6.4997882e-27
      3635.00   6.5430917e-27
      3636.00   6.5866601e-27
      3637.00   6.6304948e-27
      3638.00   6.6745973e-27
      3639.00   6.7189691e-27
      3640.00   6.7636117e-27
      3641.00   6.8085266e-27
      3642.00   6.8537153e-27
      3643.00   6.8991793e-27
      3644.00   6.9449201e-27
      3645.00   6.9909393e-27
      3646.00   7.0372384e-27
      3647.00   7.0838189e-27
      3648.00   7.1306823e-27
      3649.00   7.1778304e-27
      3650.00   7.2252645e-27
      3651.00   7.2729863e-27
      3652.00   7.3209974e-27
      3653.00   7.3692994e-27
      3654.00   7.4178938e-27
      3655.00   7.4667823e-27
      3656.00   7.5159664e-27
      3657.00   7.5654479e-27
      3658.00   7.6152282e-27
      3659.00   7.6653092e-27
      3660.00   7.7156923e-27
      3661.00   7.7663793e-27
      3662.00   7.8173718e-27
      3663.00   7.8686715e-27
      3664.00   7.9202801e-27
      3665.00   7.9721993e-27
      3666.00   8.0244306e-27
      3667.00   8.0769760e-27
      3668.00   8.1298370e-27
      3669.00   8.1830153e-27
      3670.00   8.2365128e-27
      3671.00   8.2903312e-27
      3672.00   8.3444721e-27
      3673.00   8.3989373e-27
      3674.00   8.4537287e-27
      3675.00   8.5088479e-27
      3676.00   8.5642967e-27
      3677.00   8.6200770e-27
      3678.00   8.6761906e-27
      3679.00   8.7326391e-27
      3680.00   8.7894245e-27
      3681.00   8.8465486e-27
      3682.00   8.9040131e-27
      3683.00   8.9618200e-27
      3684.00   9.0199711e-27
      3685.00   9.0784682e-27
      3686.00   9.1373132e-27
      3687.00   9.1965079e-27
      3688.00   9.2560544e-27
      3689.00   9.3159544e-27
      3690.00   9.3762098e-27
      3691.00   9.4368226e-27
      3692.00   9.4977947e-27
      3693.00   9.5591280e-27
      3694.00   9.6208245e-27
      3695.00   9.6828860e-27
      3696.00   9.7453146e-27
      3697.00   9.8081122e-27
      3698.00   9.8712809e-27
      3699.00   9.9348225e-27
      3700.00   9.9987390e-27
      3701.00   1.0063033e-26
      3702.00   1.0127705e-26
      3703.00   1.0192759e-26
      3704.00   1.0258195e-26
      3705.00   1.0324017e-26
      3706.00   1.0390226e-26
      3707.00   1.0456824e-26
      3708.00   1.0523813e-26
      3709.00   1.0591196e-26
      3710.00   1.0658974e-26
      3711.00   1.0727150e-26
      3712.00   1.0795725e-26
      3713.00   1.0864702e-26
      3714.00   1.0934083e-26
      3715.00   1.1003870e-26
      3716.00   1.1074065e-26
      3717.00   1.1144671e-26
      3718.00   1.1215689e-26
      3719.00   1.1287122e-26
      3720.00   1.1358971e-26
      3721.00   1.1431240e-26
      3722.00   1.1503930e-26
      3723.00   1.1577044e-26
      3724.00   1.1650584e-26
      3725.00   1.1724551e-26
      3726.00   1.1798949e-26
      3727.00   1.1873779e-26
      3728.00   1.1949044e-26
      3729.00   1.2024746e-26
      3730.00   1.2100888e-26
      3731.00   1.2177471e-26
      3732.00   1.2254499e-26
      3733.00   1.2331972e-26
      3734.00   1.2409895e-26
      3735.00   1.2488268e-26
      3736.00   1.2567095e-26
      3737.00   1.2646377e-26
      3738.00   1.2726118e-26
      3739.00   1.2806319e-26
      3740.00   1.2886984e-26
      3741.00   1.2968113e-26
      3742.00   1.3049711e-26
      3743.00   1.3131778e-26
      3744.00   1.3214319e-26
      3745.00   1.3297334e-26
      3746.00   1.3380827e-26
      3747.00   1.3464800e-26
      3748.00   1.3549256e-26
      3749.00   1.3634197e-26
      3750.00   1.3719626e-26
      3751.00   1.3805545e-26
      3752.00   1.3891956e-26
      3753.00   1.3978863e-26
      3754.00   1.4066267e-26
      3755.00   1.4154172e-26
      3756.00   1.4242580e-26
      3757.00   1.4331494e-26
      3758.00   1.4420916e-26
      3759.00   1.4510848e-26
      3760.00   1.4601295e-26
      3761.00   1.4692257e-26
      3762.00   1.4783738e-26
      3763.00   1.4875740e-26
      3764.00   1.4968267e-26
      3765.00   1.5061321e-26
      3766.00   1.5154904e-26
      3767.00   1.5249019e-26
      3768.00   1.5343669e-26
      3769.00   1.5438858e-26
      3770.00   1.5534586e-26
      3771.00   1.5630858e-26
      3772.00   1.5727676e-26
      3773.00   1.5825043e-26
      3774.00   1.5922962e-26
      3775.00   1.6021435e-26
      3776.00   1.6120466e-26
      3777.00   1.6220057e-26
      3778.00   1.6320211e-26
      3779.00   1.6420930e-26
      3780.00   1.6522219e-26
      3781.00   1.6624080e-26
      3782.00   1.6726515e-26
      3783.00   1.6829527e-26
      3784.00   1.6933121e-26
      3785.00   1.7037297e-26
      3786.00   1.7142061e-26
      3787.00   1.7247413e-26
      3788.00   1.7353358e-26
      3789.00   1.7459899e-26
      3790.00   1.7567038e-26
      3791.00   1.7674778e-26
      3792.00   1.7783123e-26
      3793.00   1.7892076e-26
      3794.00   1.8001639e-26
      3795.00   1.8111816e-26
      3796.00   1.8222610e-26
      3797.00   1.8334024e-26
      3798.00   1.8446062e-26
      3799.00   1.8558725e-26
      3800.00   1.8672018e-26
      3801.00   1.8785943e-26
      3802.00   1.8900505e-26
      3803.00   1.9015705e-26
      3804.00   1.9131548e-26
      3805.00   1.9248036e-26
      3806.00   1.9365173e-26
      3807.00   1.9482961e-26
      3808.00   1.9601405e-26
      3809.00   1.9720508e-26
      3810.00   1.9840272e-26
      3811.00   1.9960702e-26
      3812.00   2.0081800e-26
      3813.00   2.0203570e-26
      3814.00   2.0326015e-26
      3815.00   2.0449139e-26
      3816.00   2.0572944e-26
      3817.00   2.0697435e-26
      3818.00   2.0822615e-26
      3819.00   2.0948488e-26
      3820.00   2.1075055e-26
      3821.00   2.1202323e-26
      3822.00   2.1330292e-26
      3823.00   2.1458968e-26
      3824.00   2.1588354e-26
      3825.00   2.1718453e-26
      3826.00   2.1849268e-26
      3827.00   2.1980804e-26
      3828.00   2.2113064e-26
      3829.00   2.2246051e-26
      3830.00   2.2379770e-26
      3831.00   2.2514223e-26
      3832.00   2.2649415e-26
      3833.00   2.2785348e-26
      3834.00   2.2922027e-26
      3835.00   2.3059456e-26
      3836.00   2.3197638e-26
      3837.00   2.3336577e-26
      3838.00   2.3476276e-26
      3839.00   2.3616739e-26
      3840.00   2.3757971e-26
      3841.00   2.3899975e-26
      3842.00   2.4042754e-26
      3843.00   2.4186312e-26
      3844.00   2.4330655e-26
      3845.00   2.4475784e-26
      3846.00   2.4621704e-26
      3847.00   2.4768419e-26
      3848.00   2.4915933e-26
      3849.00   2.5064250e-26
      3850.00   2.5213374e-26
      3851.00   2.5363308e-26
      3852.00   2.5514057e-26
      3853.00   2.5665625e-26
      3854.00   2.5818015e-26
      3855.00   2.5971232e-26
      3856.00   2.6125280e-26
      3857.00   2.6280162e-26
      3858.00   2.6435884e-26
      3859.00   2.6592448e-26
      3860.00   2.6749859e-26
      3861.00   2.6908122e-26
      3862.00   2.7067240e-26
      3863.00   2.7227217e-26
      3864.00   2.7388058e-26
      3865.00   2.7549767e-26
      3866.00   2.7712348e-26
      3867.00   2.7875806e-26
      3868.00   2.8040144e-26
      3869.00   2.8205367e-26
      3870.00   2.8371479e-26
      3871.00   2.8538484e-26
      3872.00   2.8706388e-26
      3873.00   2.8875193e-26
      3874.00   2.9044906e-26
      3875.00   2.9215529e-26
      3876.00   2.9387067e-26
      3877.00   2.9559525e-26
      3878.00   2.9732908e-26
      3879.00   2.9907219e-26
      3880.00   3.0082463e-26
      3881.00   3.0258645e-26
      3882.00   3.0435769e-26
      3883.00   3.0613839e-26
      3884.00   3.0792861e-26
      3885.00   3.0972839e-26
      3886.00   3.1153777e-26
      3887.00   3.1335680e-26
      3888.00   3.1518553e-26
      3889.00   3.1702400e-26
      3890.00   3.1887227e-26
      3891.00   3.2073037e-26
      3892.00   3.2259835e-26
      3893.00   3.2447627e-26
      3894.00   3.2636416e-26
      3895.00   3.2826208e-26
      3896.00   3.3017008e-26
      3897.00   3.3208820e-26
      3898.00   3.3401649e-26
      3899.00   3.3595500e-26
      3900.00   3.3790378e-26
      3901.00   3.3986287e-26
      3902.00   3.4183234e-26
      3903.00   3.4381222e-26
      3904.00   3.4580256e-26
      3905.00   3.4780342e-26
      3906.00   3.4981485e-26
      3907.00   3.5183689e-26
      3908.00   3.5386960e-26
      3909.00   3.5591302e-26
      3910.00   3.5796722e-26
      3911.00   3.6003223e-26
      3912.00   3.6210811e-26
      3913.00   3.6419491e-26
      3914.00   3.6629269e-26
      3915.00   3.6840149e-26
      3916.00   3.7052137e-26
      3917.00   3.7265238e-26
      3918.00   3.7479457e-26
      3919.00   3.7694800e-26
      3920.00   3.7911271e-26
      3921.00   3.8128877e-26
      3922.00   3.8347622e-26
      3923.00   3.8567511e-26
      3924.00   3.8788552e-26
      3925.00   3.9010747e-26
      3926.00   3.9234104e-26
      3927.00   3.9458628e-26
      3928.00   3.9684323e-26
      3929.00   3.9911196e-26
      3930.00   4.0139252e-26
      3931.00   4.0368497e-26
      3932.00   4.0598935e-26
      3933.00   4.0830574e-26
      3934.00   4.1063418e-26
      3935.00   4.1297473e-26
      3936.00   4.1532745e-26
      3937.00   4.1769239e-26
      3938.00   4.2006961e-26
      3939.00   4.2245917e-26
      3940.00   4.2486113e-26
      3941.00   4.2727554e-26
      3942.00   4.2970246e-26
      3943.00   4.3214195e-26
      3944.00   4.3459407e-26
      3945.00   4.3705888e-26
      3946.00   4.3953643e-26
      3947.00   4.4202679e-26
      3948.00   4.4453002e-26
      3949.00   4.4704617e-26
      3950.00   4.4957530e-26
      3951.00   4.5211748e-26
      3952.00   4.5467277e-26
      3953.00   4.5724122e-26
      3954.00   4.5982290e-26
      3955.00   4.6241787e-26
      3956.00   4.6502619e-26
      3957.00   4.6764792e-26
      3958.00   4.7028313e-26
      3959.00   4.7293187e-26
      3960.00   4.7559421e-26
      3961.00   4.7827021e-26
      3962.00   4.8095993e-26
      3963.00   4.8366344e-26
      3964.00   4.8638081e-26
      3965.00   4.8911209e-26
      3966.00   4.9185734e-26
      3967.00   4.9461664e-26
      3968.00   4.9739005e-26
      3969.00   5.0017763e-26
      3970.00   5.0297945e-26
      3971.00   5.0579557e-26
      3972.00   5.0862606e-26
      3973.00   5.1147099e-26
      3974.00   5.1433041e-26
      3975.00   5.1720441e-26
      3976.00   5.2009303e-26
      3977.00   5.2299636e-26
      3978.00   5.2591445e-26
      3979.00   5.2884738e-26
      3980.00   5.3179521e-26
      3981.00   5.3475802e-26
      3982.00   5.3773586e-26
      3983.00   5.4072881e-26
      3984.00   5.4373694e-26
      3985.00   5.4676031e-26
      3986.00   5.4979900e-26
      3987.00   5.5285307e-26
      3988.00   5.5592260e-26
      3989.00   5.5900765e-26
      3990.00   5.6210830e-26
      3991.00   5.6522461e-26
      3992.00   5.6835667e-26
      3993.00   5.7150453e-26
      3994.00   5.7466827e-26
      3995.00   5.7784796e-26
      3996.00   5.8104368e-26
      3997.00   5.8425550e-26
      3998.00   5.8748348e-26
      3999.00   5.9072771e-26
      4000.00   5.9398826e-26
      4001.00   5.9726519e-26
      4002.00   6.0055859e-26
      4003.00   6.0386853e-26
      4004.00   6.0719507e-26
      4005.00   6.1053831e-26
      4006.00   6.1389831e-26
      4007.00   6.1727515e-26
      4008.00   6.2066890e-26
      4009.00   6.2407964e-26
      4010.00   6.2750745e-26
      4011.00   6.3095240e-26
      4012.00   6.3441457e-26
      4013.00   6.3789404e-26
      4014.00   6.4139089e-26
      4015.00   6.4490518e-26
      4016.00   6.4843701e-26
      4017.00   6.5198644e-26
      4018.00   6.5555357e-26
      4019.00   6.5913846e-26
      4020.00   6.6274119e-26
      4021.00   6.6636185e-26
      4022.00   6.7000052e-26
      4023.00   6.7365728e-26
      4024.00   6.7733220e-26
      4025.00   6.8102537e-26
      4026.00   6.8473687e-26
      4027.00   6.8846678e-26
      4028.00   6.9221518e-26
      4029.00   6.9598216e-26
      4030.00   6.9976780e-26
      4031.00   7.0357217e-26
      4032.00   7.0739537e-26
      4033.00   7.1123748e-26
      4034.00   7.1509858e-26
      4035.00   7.1897876e-26
      4036.00   7.2287809e-26
      4037.00   7.2679667e-26
      4038.00   7.3073458e-26
      4039.00   7.3469190e-26
      4040.00   7.3866873e-26
      4041.00   7.4266514e-26
      4042.00   7.4668122e-26
      4043.00   7.5071707e-26
      4044.00   7.5477277e-26
      4045.00   7.5884840e-26
      4046.00   7.6294405e-26
      4047.00   7.6705982e-26
      4048.00   7.7119578e-26
      4049.00   7.7535203e-26
      4050.00   7.7952867e-26
      4051.00   7.8372577e-26
      4052.00   7.8794342e-26
      4053.00   7.9218173e-26
      4054.00   7.9644077e-26
      4055.00   8.0072064e-26
      4056.00   8.0502144e-26
      4057.00   8.0934324e-26
      4058.00   8.1368615e-26
      4059.00   8.1805026e-26
      4060.00   8.2243566e-26
      4061.00   8.2684243e-26
      4062.00   8.3127069e-26
      4063.00   8.3572051e-26
      4064.00   8.4019200e-26
      4065.00   8.4468525e-26
      4066.00   8.4920035e-26
      4067.00   8.5373739e-26
      4068.00   8.5829649e-26
      4069.00   8.6287772e-26
      4070.00   8.6748118e-26
      4071.00   8.7210699e-26
      4072.00   8.7675522e-26
      4073.00   8.8142598e-26
      4074.00   8.8611936e-26
      4075.00   8.9083547e-26
      4076.00   8.9557440e-26
      4077.00   9.0033625e-26
      4078.00   9.0512112e-26
      4079.00   9.0992911e-26
      4080.00   9.1476032e-26
      4081.00   9.1961485e-26
      4082.00   9.2449280e-26
      4083.00   9.2939427e-26
      4084.00   9.3431937e-26
      4085.00   9.3926819e-26
      4086.00   9.4424085e-26
      4087.00   9.4923743e-26
      4088.00   9.5425805e-26
      4089.00   9.5930280e-26
      4090.00   9.6437180e-26
      4091.00   9.6946514e-26
      4092.00   9.7458294e-26
      4093.00   9.7972529e-26
      4094.00   9.8489230e-26
      4095.00   9.9008407e-26
      4096.00   9.9530072e-26
      4097.00   1.0005424e-25
      4098.00   1.0058091e-25
      4099.00   1.0111010e-25
      4100.00   1.0164182e-25
      4101.00   1.0217608e-25
      4102.00   1.0271290e-25
      4103.00   1.0325227e-25
      4104.00   1.0379423e-25
      4105.00   1.0433876e-25
      4106.00   1.0488589e-25
      4107.00   1.0543563e-25
      4108.00   1.0598799e-25
      4109.00   1.0654297e-25
      4110.00   1.0710060e-25
      4111.00   1.0766088e-25
      4112.00   1.0822382e-25
      4113.00   1.0878943e-25
      4114.00   1.0935773e-25
      4115.00   1.0992873e-25
      4116.00   1.1050244e-25
      4117.00   1.1107886e-25
      4118.00   1.1165802e-25
      4119.00   1.1223992e-25
      4120.00   1.1282458e-25
      4121.00   1.1341200e-25
      4122.00   1.1400220e-25
      4123.00   1.1459519e-25
      4124.00   1.1519098e-25
      4125.00   1.1578958e-25
      4126.00   1.1639101e-25
      4127.00   1.1699528e-25
      4128.00   1.1760240e-25
      4129.00   1.1821238e-25
      4130.00   1.1882523e-25
      4131.00   1.1944096e-25
      4132.00   1.2005960e-25
      4133.00   1.2068114e-25
      4134.00   1.2130561e-25
      4135.00   1.2193301e-25
      4136.00   1.2256335e-25
      4137.00   1.2319666e-25
      4138.00   1.2383294e-25
      4139.00   1.2447220e-25
      4140.00   1.2511445e-25
      4141.00   1.2575972e-25
      4142.00   1.2640801e-25
      4143.00   1.2705933e-25
      4144.00   1.2771370e-25
      4145.00   1.2837113e-25
      4146.00   1.2903163e-25
      4147.00   1.2969521e-25
      4148.00   1.3036190e-25
      4149.00   1.3103169e-25
      4150.00   1.3170461e-25
      4151.00   1.3238067e-25
      4152.00   1.3305987e-25
      4153.00   1.3374224e-25
      4154.00   1.3442779e-25
      4155.00   1.3511653e-25
      4156.00   1.3580847e-25
      4157.00   1.3650362e-25
      4158.00   1.3720201e-25
      4159.00   1.3790363e-25
      4160.00   1.3860852e-25
      4161.00   1.3931667e-25
      4162.00   1.4002811e-25
      4163.00   1.4074284e-25
      4164.00   1.4146089e-25
      4165.00   1.4218226e-25
      4166.00   1.4290697e-25
      4167.00   1.4363503e-25
      4168.00   1.4436645e-25
      4169.00   1.4510126e-25
      4170.00   1.4583946e-25
      4171.00   1.4658106e-25
      4172.00   1.4732609e-25
      4173.00   1.4807456e-25
      4174.00   1.4882647e-25
      4175.00   1.4958185e-25
      4176.00   1.5034071e-25
      4177.00   1.5110306e-25
      4178.00   1.5186891e-25
      4179.00   1.5263829e-25
      4180.00   1.5341121e-25
      4181.00   1.5418767e-25
      4182.00   1.5496770e-25
      4183.00   1.5575131e-25
      4184.00   1.5653852e-25
      4185.00   1.5732933e-25
      4186.00   1.5812377e-25
      4187.00   1.5892185e-25
      4188.00   1.5972358e-25
      4189.00   1.6052897e-25
      4190.00   1.6133806e-25
      4191.00   1.6215084e-25
      4192.00   1.6296733e-25
      4193.00   1.6378755e-25
      4194.00   1.6461152e-25
      4195.00   1.6543925e-25
      4196.00   1.6627075e-25
      4197.00   1.6710604e-25
      4198.00   1.6794513e-25
      4199.00   1.6878805e-25
      4200.00   1.6963480e-25
      4201.00   1.7048541e-25
      4202.00   1.7133988e-25
      4203.00   1.7219824e-25
      4204.00   1.7306049e-25
      4205.00   1.7392666e-25
      4206.00   1.7479676e-25
      4207.00   1.7567081e-25
      4208.00   1.7654882e-25
      4209.00   1.7743081e-25
      4210.00   1.7831679e-25
      4211.00   1.7920678e-25
      4212.00   1.8010080e-25
      4213.00   1.8099887e-25
      4214.00   1.8190099e-25
      4215.00   1.8280719e-25
      4216.00   1.8371748e-25
      4217.00   1.8463188e-25
      4218.00   1.8555041e-25
      4219.00   1.8647308e-25
      4220.00   1.8739991e-25
      4221.00   1.8833091e-25
      4222.00   1.8926610e-25
      4223.00   1.9020551e-25
      4224.00   1.9114914e-25
      4225.00   1.9209701e-25
      4226.00   1.9304914e-25
      4227.00   1.9400555e-25
      4228.00   1.9496625e-25
      4229.00   1.9593127e-25
      4230.00   1.9690061e-25
      4231.00   1.9787430e-25
      4232.00   1.9885235e-25
      4233.00   1.9983479e-25
      4234.00   2.0082162e-25
      4235.00   2.0181287e-25
      4236.00   2.0280855e-25
      4237.00   2.0380868e-25
      4238.00   2.0481328e-25
      4239.00   2.0582237e-25
      4240.00   2.0683596e-25
      4241.00   2.0785407e-25
      4242.00   2.0887673e-25
      4243.00   2.0990394e-25
      4244.00   2.1093573e-25
      4245.00   2.1197211e-25
      4246.00   2.1301311e-25
      4247.00   2.1405874e-25
      4248.00   2.1510901e-25
      4249.00   2.1616396e-25
      4250.00   2.1722359e-25
      4251.00   2.1828793e-25
      4252.00   2.1935699e-25
      4253.00   2.2043079e-25
      4254.00   2.2150936e-25
      4255.00   2.2259270e-25
      4256.00   2.2368085e-25
      4257.00   2.2477381e-25
      4258.00   2.2587160e-25
      4259.00   2.2697426e-25
      4260.00   2.2808179e-25
      4261.00   2.2919421e-25
      4262.00   2.3031155e-25
      4263.00   2.3143382e-25
      4264.00   2.3256104e-25
      4265.00   2.3369323e-25
      4266.00   2.3483041e-25
      4267.00   2.3597261e-25
      4268.00   2.3711983e-25
      4269.00   2.3827211e-25
      4270.00   2.3942945e-25
      4271.00   2.4059189e-25
      4272.00   2.4175944e-25
      4273.00   2.4293211e-25
      4274.00   2.4410994e-25
      4275.00   2.4529293e-25
      4276.00   2.4648112e-25
      4277.00   2.4767451e-25
      4278.00   2.4887314e-25
      4279.00   2.5007702e-25
      4280.00   2.5128617e-25
      4281.00   2.5250061e-25
      4282.00   2.5372036e-25
      4283.00   2.5494545e-25
      4284.00   2.5617589e-25
      4285.00   2.5741171e-25
      4286.00   2.5865293e-25
      4287.00   2.5989956e-25
      4288.00   2.6115163e-25
      4289.00   2.6240916e-25
      4290.00   2.6367217e-25
      4291.00   2.6494068e-25
      4292.00   2.6621471e-25
      4293.00   2.6749429e-25
      4294.00   2.6877944e-25
      4295.00   2.7007017e-25
      4296.00   2.7136651e-25
      4297.00   2.7266848e-25
      4298.00   2.7397611e-25
      4299.00   2.7528941e-25
      4300.00   2.7660841e-25
      4301.00   2.7793312e-25
      4302.00   2.7926357e-25
      4303.00   2.8059979e-25
      4304.00   2.8194179e-25
      4305.00   2.8328960e-25
      4306.00   2.8464324e-25
      4307.00   2.8600273e-25
      4308.00   2.8736810e-25
      4309.00   2.8873936e-25
      4310.00   2.9011654e-25
      4311.00   2.9149967e-25
      4312.00   2.9288876e-25
      4313.00   2.9428383e-25
      4314.00   2.9568492e-25
      4315.00   2.9709204e-25
      4316.00   2.9850522e-25
      4317.00   2.9992448e-25
      4318.00   3.0134985e-25
      4319.00   3.0278134e-25
      4320.00   3.0421898e-25
      4321.00   3.0566279e-25
      4322.00   3.0711280e-25
      4323.00   3.0856904e-25
      4324.00   3.1003152e-25
      4325.00   3.1150026e-25
      4326.00   3.1297530e-25
      4327.00   3.1445666e-25
      4328.00   3.1594436e-25
      4329.00   3.1743842e-25
      4330.00   3.1893887e-25
      4331.00   3.2044573e-25
      4332.00   3.2195904e-25
      4333.00   3.2347880e-25
      4334.00   3.2500505e-25
      4335.00   3.2653781e-25
      4336.00   3.2807711e-25
      4337.00   3.2962297e-25
      4338.00   3.3117541e-25
      4339.00   3.3273447e-25
      4340.00   3.3430016e-25
      4341.00   3.3587251e-25
      4342.00   3.3745154e-25
      4343.00   3.3903729e-25
      4344.00   3.4062978e-25
      4345.00   3.4222902e-25
      4346.00   3.4383506e-25
      4347.00   3.4544790e-25
      4348.00   3.4706759e-25
      4349.00   3.4869414e-25
      4350.00   3.5032758e-25
      4351.00   3.5196794e-25
      4352.00   3.5361524e-25
      4353.00   3.5526950e-25
      4354.00   3.5693077e-25
      4355.00   3.5859905e-25
      4356.00   3.6027438e-25
      4357.00   3.6195678e-25
      4358.00   3.6364629e-25
      4359.00   3.6534292e-25
      4360.00   3.6704670e-25
      4361.00   3.6875767e-25
      4362.00   3.7047584e-25
      4363.00   3.7220125e-25
      4364.00   3.7393392e-25
      4365.00   3.7567387e-25
      4366.00   3.7742114e-25
      4367.00   3.7917576e-25
      4368.00   3.8093775e-25
      4369.00   3.8270713e-25
      4370.00   3.8448394e-25
      4371.00   3.8626820e-25
      4372.00   3.8805994e-25
      4373.00   3.8985919e-25
      4374.00   3.9166598e-25
      4375.00   3.9348034e-25
      4376.00   3.9530228e-25
      4377.00   3.9713185e-25
      4378.00   3.9896907e-25
      4379.00   4.0081396e-25
      4380.00   4.0266656e-25
      4381.00   4.0452690e-25
      4382.00   4.0639500e-25
      4383.00   4.0827089e-25
      4384.00   4.1015461e-25
      4385.00   4.1204617e-25
      4386.00   4.1394561e-25
      4387.00   4.1585296e-25
      4388.00   4.1776825e-25
      4389.00   4.1969151e-25
      4390.00   4.2162276e-25
      4391.00   4.2356204e-25
      4392.00   4.2550937e-25
      4393.00   4.2746479e-25
      4394.00   4.2942832e-25
      4395.00   4.3140000e-25
      4396.00   4.3337985e-25
      4397.00   4.3536791e-25
      4398.00   4.3736420e-25
      4399.00   4.3936876e-25
      4400.00   4.4138161e-25
      4401.00   4.4340279e-25
      4402.00   4.4543233e-25
      4403.00   4.4747025e-25
      4404.00   4.4951659e-25
      4405.00   4.5157139e-25
      4406.00   4.5363466e-25
      4407.00   4.5570644e-25
      4408.00   4.5778676e-25
      4409.00   4.5987566e-25
      4410.00   4.6197316e-25
      4411.00   4.6407930e-25
      4412.00   4.6619411e-25
      4413.00   4.6831761e-25
      4414.00   4.7044985e-25
      4415.00   4.7259085e-25
      4416.00   4.7474064e-25
      4417.00   4.7689927e-25
      4418.00   4.7906675e-25
      4419.00   4.8124312e-25
      4420.00   4.8342841e-25
      4421.00   4.8562267e-25
      4422.00   4.8782591e-25
      4423.00   4.9003817e-25
      4424.00   4.9225949e-25
      4425.00   4.9448989e-25
      4426.00   4.9672941e-25
      4427.00   4.9897809e-25
      4428.00   5.0123595e-25
      4429.00   5.0350303e-25
      4430.00   5.0577937e-25
      4431.00   5.0806499e-25
      4432.00   5.1035993e-25
      4433.00   5.1266422e-25
      4434.00   5.1497790e-25
      4435.00   5.1730101e-25
      4436.00   5.1963357e-25
      4437.00   5.2197561e-25
      4438.00   5.2432718e-25
      4439.00   5.2668831e-25
      4440.00   5.2905904e-25
      4441.00   5.3143938e-25
      4442.00   5.3382939e-25
      4443.00   5.3622910e-25
      4444.00   5.3863854e-25
      4445.00   5.4105774e-25
      4446.00   5.4348675e-25
      4447.00   5.4592559e-25
      4448.00   5.4837430e-25
      4449.00   5.5083293e-25
      4450.00   5.5330149e-25
      4451.00   5.5578003e-25
      4452.00   5.5826859e-25
      4453.00   5.6076719e-25
      4454.00   5.6327589e-25
      4455.00   5.6579470e-25
      4456.00   5.6832367e-25
      4457.00   5.7086284e-25
      4458.00   5.7341223e-25
      4459.00   5.7597190e-25
      4460.00   5.7854187e-25
      4461.00   5.8112218e-25
      4462.00   5.8371286e-25
      4463.00   5.8631397e-25
      4464.00   5.8892552e-25
      4465.00   5.9154756e-25
      4466.00   5.9418013e-25
      4467.00   5.9682326e-25
      4468.00   5.9947699e-25
      4469.00   6.0214137e-25
      4470.00   6.0481642e-25
      4471.00   6.0750218e-25
      4472.00   6.1019869e-25
      4473.00   6.1290600e-25
      4474.00   6.1562413e-25
      4475.00   6.1835314e-25
      4476.00   6.2109304e-25
      4477.00   6.2384390e-25
      4478.00   6.2660573e-25
      4479.00   6.2937859e-25
      4480.00   6.3216250e-25
      4481.00   6.3495752e-25
      4482.00   6.3776368e-25
      4483.00   6.4058101e-25
      4484.00   6.4340956e-25
      4485.00   6.4624937e-25
      4486.00   6.4910048e-25
      4487.00   6.5196292e-25
      4488.00   6.5483674e-25
      4489.00   6.5772198e-25
      4490.00   6.6061867e-25
      4491.00   6.6352686e-25
      4492.00   6.6644659e-25
      4493.00   6.6937789e-25
      4494.00   6.7232082e-25
      4495.00   6.7527540e-25
      4496.00   6.7824168e-25
      4497.00   6.8121971e-25
      4498.00   6.8420951e-25
      4499.00   6.8721114e-25
      4500.00   6.9022464e-25
      4501.00   6.9325004e-25
      4502.00   6.9628739e-25
      4503.00   6.9933673e-25
      4504.00   7.0239810e-25
      4505.00   7.0547154e-25
      4506.00   7.0855710e-25
      4507.00   7.1165482e-25
      4508.00   7.1476474e-25
      4509.00   7.1788690e-25
      4510.00   7.2102135e-25
      4511.00   7.2416813e-25
      4512.00   7.2732727e-25
      4513.00   7.3049883e-25
      4514.00   7.3368285e-25
      4515.00   7.3687937e-25
      4516.00   7.4008844e-25
      4517.00   7.4331009e-25
      4518.00   7.4654437e-25
      4519.00   7.4979133e-25
      4520.00   7.5305100e-25
      4521.00   7.5632344e-25
      4522.00   7.5960869e-25
      4523.00   7.6290679e-25
      4524.00   7.6621778e-25
      4525.00   7.6954172e-25
      4526.00   7.7287864e-25
      4527.00   7.7622859e-25
      4528.00   7.7959162e-25
      4529.00   7.8296776e-25
      4530.00   7.8635707e-25
      4531.00   7.8975960e-25
      4532.00   7.9317538e-25
      4533.00   7.9660446e-25
      4534.00   8.0004689e-25
      4535.00   8.0350271e-25
      4536.00   8.0697197e-25
      4537.00   8.1045472e-25
      4538.00   8.1395101e-25
      4539.00   8.1746087e-25
      4540.00   8.2098435e-25
      4541.00   8.2452151e-25
      4542.00   8.2807239e-25
      4543.00   8.3163703e-25
      4544.00   8.3521549e-25
      4545.00   8.3880781e-25
      4546.00   8.4241404e-25
      4547.00   8.4603422e-25
      4548.00   8.4966841e-25
      4549.00   8.5331664e-25
      4550.00   8.5697898e-25
      4551.00   8.6065546e-25
      4552.00   8.6434614e-25
      4553.00   8.6805107e-25
      4554.00   8.7177029e-25
      4555.00   8.7550384e-25
      4556.00   8.7925179e-25
      4557.00   8.8301418e-25
      4558.00   8.8679106e-25
      4559.00   8.9058247e-25
      4560.00   8.9438847e-25
      4561.00   8.9820911e-25
      4562.00   9.0204444e-25
      4563.00   9.0589450e-25
      4564.00   9.0975934e-25
      4565.00   9.1363903e-25
      4566.00   9.1753360e-25
      4567.00   9.2144311e-25
      4568.00   9.2536760e-25
      4569.00   9.2930714e-25
      4570.00   9.3326176e-25
      4571.00   9.3723153e-25
      4572.00   9.4121648e-25
      4573.00   9.4521668e-25
      4574.00   9.4923218e-25
      4575.00   9.5326302e-25
      4576.00   9.5730925e-25
      4577.00   9.6137094e-25
      4578.00   9.6544813e-25
      4579.00   9.6954088e-25
      4580.00   9.7364923e-25
      4581.00   9.7777324e-25
      4582.00   9.8191296e-25
      4583.00   9.8606845e-25
      4584.00   9.9023975e-25
      4585.00   9.9442692e-25
      4586.00   9.9863002e-25
      4587.00   1.0028491e-24
      4588.00   1.0070842e-24
      4589.00   1.0113354e-24
      4590.00   1.0156027e-24
      4591.00   1.0198863e-24
      4592.00   1.0241860e-24
      4593.00   1.0285021e-24
      4594.00   1.0328345e-24
      4595.00   1.0371834e-24
      4596.00   1.0415487e-24
      4597.00   1.0459305e-24
      4598.00   1.0503289e-24
      4599.00   1.0547439e-24
      4600.00   1.0591757e-24
      4601.00   1.0636241e-24
      4602.00   1.0680894e-24
      4603.00   1.0725715e-24
      4604.00   1.0770705e-24
      4605.00   1.0815865e-24
      4606.00   1.0861195e-24
      4607.00   1.0906696e-24
      4608.00   1.0952369e-24
      4609.00   1.0998213e-24
      4610.00   1.1044229e-24
      4611.00   1.1090419e-24
      4612.00   1.1136783e-24
      4613.00   1.1183320e-24
      4614.00   1.1230033e-24
      4615.00   1.1276921e-24
      4616.00   1.1323985e-24
      4617.00   1.1371225e-24
      4618.00   1.1418642e-24
      4619.00   1.1466238e-24
      4620.00   1.1514011e-24
      4621.00   1.1561964e-24
      4622.00   1.1610096e-24
      4623.00   1.1658407e-24
      4624.00   1.1706900e-24
      4625.00   1.1755574e-24
      4626.00   1.1804430e-24
      4627.00   1.1853468e-24
      4628.00   1.1902689e-24
      4629.00   1.1952094e-24
      4630.00   1.2001683e-24
      4631.00   1.2051458e-24
      4632.00   1.2101417e-24
      4633.00   1.2151563e-24
      4634.00   1.2201895e-24
      4635.00   1.2252415e-24
      4636.00   1.2303122e-24
      4637.00   1.2354019e-24
      4638.00   1.2405104e-24
      4639.00   1.2456379e-24
      4640.00   1.2507844e-24
      4641.00   1.2559501e-24
      4642.00   1.2611349e-24
      4643.00   1.2663390e-24
      4644.00   1.2715623e-24
      4645.00   1.2768050e-24
      4646.00   1.2820671e-24
      4647.00   1.2873487e-24
      4648.00   1.2926498e-24
      4649.00   1.2979705e-24
      4650.00   1.3033109e-24
      4651.00   1.3086711e-24
      4652.00   1.3140510e-24
      4653.00   1.3194508e-24
      4654.00   1.3248706e-24
      4655.00   1.3303103e-24
      4656.00   1.3357701e-24
      4657.00   1.3412500e-24
      4658.00   1.3467501e-24
      4659.00   1.3522705e-24
      4660.00   1.3578111e-24
      4661.00   1.3633722e-24
      4662.00   1.3689537e-24
      4663.00   1.3745557e-24
      4664.00   1.3801784e-24
      4665.00   1.3858216e-24
      4666.00   1.3914856e-24
      4667.00   1.3971704e-24
      4668.00   1.4028760e-24
      4669.00   1.4086026e-24
      4670.00   1.4143501e-24
      4671.00   1.4201187e-24
      4672.00   1.4259084e-24
      4673.00   1.4317193e-24
      4674.00   1.4375514e-24
      4675.00   1.4434049e-24
      4676.00   1.4492798e-24
      4677.00   1.4551762e-24
      4678.00   1.4610940e-24
      4679.00   1.4670335e-24
      4680.00   1.4729947e-24
      4681.00   1.4789776e-24
      4682.00   1.4849823e-24
      4683.00   1.4910089e-24
      4684.00   1.4970575e-24
      4685.00   1.5031280e-24
      4686.00   1.5092207e-24
      4687.00   1.5153355e-24
      4688.00   1.5214726e-24
      4689.00   1.5276320e-24
      4690.00   1.5338137e-24
      4691.00   1.5400179e-24
      4692.00   1.5462446e-24
      4693.00   1.5524940e-24
      4694.00   1.5587659e-24
      4695.00   1.5650606e-24
      4696.00   1.5713782e-24
      4697.00   1.5777186e-24
      4698.00   1.5840819e-24
      4699.00   1.5904683e-24
      4700.00   1.5968778e-24
      4701.00   1.6033105e-24
      4702.00   1.6097664e-24
      4703.00   1.6162457e-24
      4704.00   1.6227483e-24
      4705.00   1.6292744e-24
      4706.00   1.6358241e-24
      4707.00   1.6423974e-24
      4708.00   1.6489943e-24
      4709.00   1.6556151e-24
      4710.00   1.6622597e-24
      4711.00   1.6689282e-24
      4712.00   1.6756207e-24
      4713.00   1.6823373e-24
      4714.00   1.6890780e-24
      4715.00   1.6958430e-24
      4716.00   1.7026323e-24
      4717.00   1.7094459e-24
      4718.00   1.7162840e-24
      4719.00   1.7231467e-24
      4720.00   1.7300339e-24
      4721.00   1.7369458e-24
      4722.00   1.7438825e-24
      4723.00   1.7508441e-24
      4724.00   1.7578305e-24
      4725.00   1.7648420e-24
      4726.00   1.7718786e-24
      4727.00   1.7789403e-24
      4728.00   1.7860272e-24
      4729.00   1.7931395e-24
      4730.00   1.8002771e-24
      4731.00   1.8074403e-24
      4732.00   1.8146290e-24
      4733.00   1.8218433e-24
      4734.00   1.8290833e-24
      4735.00   1.8363492e-24
      4736.00   1.8436409e-24
      4737.00   1.8509586e-24
      4738.00   1.8583023e-24
      4739.00   1.8656721e-24
      4740.00   1.8730682e-24
      4741.00   1.8804905e-24
      4742.00   1.8879392e-24
      4743.00   1.8954144e-24
      4744.00   1.9029160e-24
      4745.00   1.9104443e-24
      4746.00   1.9179993e-24
      4747.00   1.9255811e-24
      4748.00   1.9331897e-24
      4749.00   1.9408253e-24
      4750.00   1.9484879e-24
      4751.00   1.9561777e-24
      4752.00   1.9638946e-24
      4753.00   1.9716388e-24
      4754.00   1.9794104e-24
      4755.00   1.9872094e-24
      4756.00   1.9950360e-24
      4757.00   2.0028902e-24
      4758.00   2.0107722e-24
      4759.00   2.0186819e-24
      4760.00   2.0266195e-24
      4761.00   2.0345850e-24
      4762.00   2.0425786e-24
      4763.00   2.0506004e-24
      4764.00   2.0586504e-24
      4765.00   2.0667287e-24
      4766.00   2.0748354e-24
      4767.00   2.0829706e-24
      4768.00   2.0911344e-24
      4769.00   2.0993269e-24
      4770.00   2.1075481e-24
      4771.00   2.1157981e-24
      4772.00   2.1240771e-24
      4773.00   2.1323851e-24
      4774.00   2.1407223e-24
      4775.00   2.1490886e-24
      4776.00   2.1574842e-24
      4777.00   2.1659092e-24
      4778.00   2.1743637e-24
      4779.00   2.1828477e-24
      4780.00   2.1913614e-24
      4781.00   2.1999048e-24
      4782.00   2.2084781e-24
      4783.00   2.2170813e-24
      4784.00   2.2257145e-24
      4785.00   2.2343778e-24
      4786.00   2.2430713e-24
      4787.00   2.2517951e-24
      4788.00   2.2605493e-24
      4789.00   2.2693340e-24
      4790.00   2.2781493e-24
      4791.00   2.2869952e-24
      4792.00   2.2958719e-24
      4793.00   2.3047794e-24
      4794.00   2.3137179e-24
      4795.00   2.3226874e-24
      4796.00   2.3316881e-24
      4797.00   2.3407200e-24
      4798.00   2.3497832e-24
      4799.00   2.3588779e-24
      4800.00   2.3680040e-24
      4801.00   2.3771618e-24
      4802.00   2.3863513e-24
      4803.00   2.3955726e-24
      4804.00   2.4048258e-24
      4805.00   2.4141110e-24
      4806.00   2.4234283e-24
      4807.00   2.4327778e-24
      4808.00   2.4421595e-24
      4809.00   2.4515737e-24
      4810.00   2.4610204e-24
      4811.00   2.4704996e-24
      4812.00   2.4800116e-24
      4813.00   2.4895563e-24
      4814.00   2.4991339e-24
      4815.00   2.5087444e-24
      4816.00   2.5183881e-24
      4817.00   2.5280649e-24
      4818.00   2.5377750e-24
      4819.00   2.5475185e-24
      4820.00   2.5572955e-24
      4821.00   2.5671061e-24
      4822.00   2.5769503e-24
      4823.00   2.5868284e-24
      4824.00   2.5967403e-24
      4825.00   2.6066862e-24
      4826.00   2.6166662e-24
      4827.00   2.6266804e-24
      4828.00   2.6367289e-24
      4829.00   2.6468118e-24
      4830.00   2.6569292e-24
      4831.00   2.6670812e-24
      4832.00   2.6772679e-24
      4833.00   2.6874894e-24
      4834.00   2.6977459e-24
      4835.00   2.7080373e-24
      4836.00   2.7183639e-24
      4837.00   2.7287257e-24
      4838.00   2.7391229e-24
      4839.00   2.7495555e-24
      4840.00   2.7600237e-24
      4841.00   2.7705275e-24
      4842.00   2.7810671e-24
      4843.00   2.7916425e-24
      4844.00   2.8022539e-24
      4845.00   2.8129014e-24
      4846.00   2.8235851e-24
      4847.00   2.8343051e-24
      4848.00   2.8450615e-24
      4849.00   2.8558544e-24
      4850.00   2.8666839e-24
      4851.00   2.8775502e-24
      4852.00   2.8884533e-24
      4853.00   2.8993933e-24
      4854.00   2.9103705e-24
      4855.00   2.9213847e-24
      4856.00   2.9324363e-24
      4857.00   2.9435253e-24
      4858.00   2.9546517e-24
      4859.00   2.9658158e-24
      4860.00   2.9770176e-24
      4861.00   2.9882572e-24
      4862.00   2.9995348e-24
      4863.00   3.0108504e-24
      4864.00   3.0222042e-24
      4865.00   3.0335963e-24
      4866.00   3.0450268e-24
      4867.00   3.0564958e-24
      4868.00   3.0680034e-24
      4869.00   3.0795498e-24
      4870.00   3.0911350e-24
      4871.00   3.1027592e-24
      4872.00   3.1144224e-24
      4873.00   3.1261249e-24
      4874.00   3.1378667e-24
      4875.00   3.1496479e-24
      4876.00   3.1614686e-24
      4877.00   3.1733290e-24
      4878.00   3.1852292e-24
      4879.00   3.1971693e-24
      4880.00   3.2091494e-24
      4881.00   3.2211696e-24
      4882.00   3.2332301e-24
      4883.00   3.2453309e-24
      4884.00   3.2574722e-24
      4885.00   3.2696541e-24
      4886.00   3.2818767e-24
      4887.00   3.2941402e-24
      4888.00   3.3064446e-24
      4889.00   3.3187901e-24
      4890.00   3.3311768e-24
      4891.00   3.3436048e-24
      4892.00   3.3560742e-24
      4893.00   3.3685852e-24
      4894.00   3.3811379e-24
      4895.00   3.3937324e-24
      4896.00   3.4063688e-24
      4897.00   3.4190473e-24
      4898.00   3.4317679e-24
      4899.00   3.4445308e-24
      4900.00   3.4573361e-24
      4901.00   3.4701840e-24
      4902.00   3.4830745e-24
      4903.00   3.4960078e-24
      4904.00   3.5089840e-24
      4905.00   3.5220033e-24
      4906.00   3.5350657e-24
      4907.00   3.5481714e-24
      4908.00   3.5613205e-24
      4909.00   3.5745131e-24
      4910.00   3.5877494e-24
      4911.00   3.6010295e-24
      4912.00   3.6143534e-24
      4913.00   3.6277215e-24
      4914.00   3.6411337e-24
      4915.00   3.6545902e-24
      4916.00   3.6680911e-24
      4917.00   3.6816365e-24
      4918.00   3.6952267e-24
      4919.00   3.7088616e-24
      4920.00   3.7225415e-24
      4921.00   3.7362665e-24
      4922.00   3.7500366e-24
      4923.00   3.7638521e-24
      4924.00   3.7777130e-24
      4925.00   3.7916196e-24
      4926.00   3.8055718e-24
      4927.00   3.8195699e-24
      4928.00   3.8336140e-24
      4929.00   3.8477041e-24
      4930.00   3.8618406e-24
      4931.00   3.8760234e-24
      4932.00   3.8902527e-24
      4933.00   3.9045287e-24
      4934.00   3.9188514e-24
      4935.00   3.9332211e-24
      4936.00   3.9476378e-24
      4937.00   3.9621017e-24
      4938.00   3.9766129e-24
      4939.00   3.9911716e-24
      4940.00   4.0057778e-24
      4941.00   4.0204318e-24
      4942.00   4.0351336e-24
      4943.00   4.0498834e-24
      4944.00   4.0646814e-24
      4945.00   4.0795276e-24
      4946.00   4.0944222e-24
      4947.00   4.1093654e-24
      4948.00   4.1243573e-24
      4949.00   4.1393980e-24
      4950.00   4.1544876e-24
      4951.00   4.1696264e-24
      4952.00   4.1848144e-24
      4953.00   4.2000517e-24
      4954.00   4.2153386e-24
      4955.00   4.2306752e-24
      4956.00   4.2460615e-24
      4957.00   4.2614978e-24
      4958.00   4.2769842e-24
      4959.00   4.2925208e-24
      4960.00   4.3081078e-24
      4961.00   4.3237453e-24
      4962.00   4.3394334e-24
      4963.00   4.3551723e-24
      4964.00   4.3709622e-24
      4965.00   4.3868032e-24
      4966.00   4.4026954e-24
      4967.00   4.4186389e-24
      4968.00   4.4346340e-24
      4969.00   4.4506807e-24
      4970.00   4.4667793e-24
      4971.00   4.4829298e-24
      4972.00   4.4991324e-24
      4973.00   4.5153873e-24
      4974.00   4.5316946e-24
      4975.00   4.5480544e-24
      4976.00   4.5644668e-24
      4977.00   4.5809322e-24
      4978.00   4.5974505e-24
      4979.00   4.6140220e-24
      4980.00   4.6306467e-24
      4981.00   4.6473249e-24
      4982.00   4.6640566e-24
      4983.00   4.6808421e-24
      4984.00   4.6976815e-24
      4985.00   4.7145749e-24
      4986.00   4.7315226e-24
      4987.00   4.7485245e-24
      4988.00   4.7655809e-24
      4989.00   4.7826920e-24
      4990.00   4.7998579e-24
      4991.00   4.8170787e-24
      4992.00   4.8343547e-24
      4993.00   4.8516859e-24
      4994.00   4.8690725e-24
      4995.00   4.8865147e-24
      4996.00   4.9040125e-24
      4997.00   4.9215663e-24
      4998.00   4.9391761e-24
      4999.00   4.9568421e-24
      5000.00   4.9745644e-24
      5001.00   4.9923433e-24
      5002.00   5.0101788e-24
      5003.00   5.0280711e-24
      5004.00   5.0460203e-24
      5005.00   5.0640268e-24
      5006.00   5.0820905e-24
      5007.00   5.1002116e-24
      5008.00   5.1183904e-24
      5009.00   5.1366269e-24
      5010.00   5.1549214e-24
      5011.00   5.1732739e-24
      5012.00   5.1916847e-24
      5013.00   5.2101539e-24
      5014.00   5.2286817e-24
      5015.00   5.2472682e-24
      5016.00   5.2659136e-24
      5017.00   5.2846181e-24
      5018.00   5.3033818e-24
      5019.00   5.3222048e-24
      5020.00   5.3410875e-24
      5021.00   5.3600298e-24
      5022.00   5.3790320e-24
      5023.00   5.3980943e-24
      5024.00   5.4172168e-24
      5025.00   5.4363996e-24
      5026.00   5.4556430e-24
      5027.00   5.4749471e-24
      5028.00   5.4943121e-24
      5029.00   5.5137381e-24
      5030.00   5.5332253e-24
      5031.00   5.5527739e-24
      5032.00   5.5723840e-24
      5033.00   5.5920559e-24
      5034.00   5.6117896e-24
      5035.00   5.6315854e-24
      5036.00   5.6514434e-24
      5037.00   5.6713638e-24
      5038.00   5.6913468e-24
      5039.00   5.7113925e-24
      5040.00   5.7315011e-24
      5041.00   5.7516728e-24
      5042.00   5.7719078e-24
      5043.00   5.7922062e-24
      5044.00   5.8125681e-24
      5045.00   5.8329939e-24
      5046.00   5.8534836e-24
      5047.00   5.8740374e-24
      5048.00   5.8946555e-24
      5049.00   5.9153381e-24
      5050.00   5.9360853e-24
      5051.00   5.9568973e-24
      5052.00   5.9777743e-24
      5053.00   5.9987166e-24
      5054.00   6.0197241e-24
      5055.00   6.0407972e-24
      5056.00   6.0619360e-24
      5057.00   6.0831407e-24
      5058.00   6.1044114e-24
      5059.00   6.1257484e-24
      5060.00   6.1471518e-24
      5061.00   6.1686219e-24
      5062.00   6.1901587e-24
      5063.00   6.2117624e-24
      5064.00   6.2334333e-24
      5065.00   6.2551716e-24
      5066.00   6.2769773e-24
      5067.00   6.2988508e-24
      5068.00   6.3207921e-24
      5069.00   6.3428014e-24
      5070.00   6.3648791e-24
      5071.00   6.3870251e-24
      5072.00   6.4092398e-24
      5073.00   6.4315232e-24
      5074.00   6.4538756e-24
      5075.00   6.4762972e-24
      5076.00   6.4987882e-24
      5077.00   6.5213487e-24
      5078.00   6.5439789e-24
      5079.00   6.5666790e-24
      5080.00   6.5894493e-24
      5081.00   6.6122898e-24
      5082.00   6.6352008e-24
      5083.00   6.6581825e-24
      5084.00   6.6812350e-24
      5085.00   6.7043586e-24
      5086.00   6.7275534e-24
      5087.00   6.7508196e-24
      5088.00   6.7741575e-24
      5089.00   6.7975672e-24
      5090.00   6.8210489e-24
      5091.00   6.8446028e-24
      5092.00   6.8682291e-24
      5093.00   6.8919279e-24
      5094.00   6.9156996e-24
      5095.00   6.9395442e-24
      5096.00   6.9634620e-24
      5097.00   6.9874532e-24
      5098.00   7.0115179e-24
      5099.00   7.0356563e-24
      5100.00   7.0598688e-24
      5101.00   7.0841553e-24
      5102.00   7.1085162e-24
      5103.00   7.1329517e-24
      5104.00   7.1574619e-24
      5105.00   7.1820471e-24
      5106.00   7.2067073e-24
      5107.00   7.2314430e-24
      5108.00   7.2562541e-24
      5109.00   7.2811410e-24
      5110.00   7.3061039e-24
      5111.00   7.3311429e-24
      5112.00   7.3562582e-24
      5113.00   7.3814501e-24
      5114.00   7.4067188e-24
      5115.00   7.4320644e-24
      5116.00   7.4574871e-24
      5117.00   7.4829872e-24
      5118.00   7.5085649e-24
      5119.00   7.5342204e-24
      5120.00   7.5599538e-24
      5121.00   7.5857654e-24
      5122.00   7.6116554e-24
      5123.00   7.6376240e-24
      5124.00   7.6636714e-24
      5125.00   7.6897978e-24
      5126.00   7.7160035e-24
      5127.00   7.7422886e-24
      5128.00   7.7686533e-24
      5129.00   7.7950978e-24
      5130.00   7.8216224e-24
      5131.00   7.8482273e-24
      5132.00   7.8749127e-24
      5133.00   7.9016787e-24
      5134.00   7.9285257e-24
      5135.00   7.9554537e-24
      5136.00   7.9824631e-24
      5137.00   8.0095541e-24
      5138.00   8.0367268e-24
      5139.00   8.0639815e-24
      5140.00   8.0913183e-24
      5141.00   8.1187376e-24
      5142.00   8.1462394e-24
      5143.00   8.1738241e-24
      5144.00   8.2014919e-24
      5145.00   8.2292429e-24
      5146.00   8.2570774e-24
      5147.00   8.2849956e-24
      5148.00   8.3129977e-24
      5149.00   8.3410840e-24
      5150.00   8.3692546e-24
      5151.00   8.3975098e-24
      5152.00   8.4258498e-24
      5153.00   8.4542749e-24
      5154.00   8.4827851e-24
      5155.00   8.5113809e-24
      5156.00   8.5400623e-24
      5157.00   8.5688296e-24
      5158.00   8.5976831e-24
      5159.00   8.6266229e-24
      5160.00   8.6556493e-24
      5161.00   8.6847625e-24
      5162.00   8.7139627e-24
      5163.00   8.7432502e-24
      5164.00   8.7726252e-24
      5165.00   8.8020879e-24
      5166.00   8.8316385e-24
      5167.00   8.8612773e-24
      5168.00   8.8910045e-24
      5169.00   8.9208203e-24
      5170.00   8.9507250e-24
      5171.00   8.9807187e-24
      5172.00   9.0108018e-24
      5173.00   9.0409744e-24
      5174.00   9.0712367e-24
      5175.00   9.1015891e-24
      5176.00   9.1320317e-24
      5177.00   9.1625648e-24
      5178.00   9.1931886e-24
      5179.00   9.2239034e-24
      5180.00   9.2547093e-24
      5181.00   9.2856066e-24
      5182.00   9.3165956e-24
      5183.00   9.3476764e-24
      5184.00   9.3788493e-24
      5185.00   9.4101147e-24
      5186.00   9.4414726e-24
      5187.00   9.4729233e-24
      5188.00   9.5044671e-24
      5189.00   9.5361042e-24
      5190.00   9.5678348e-24
      5191.00   9.5996592e-24
      5192.00   9.6315777e-24
      5193.00   9.6635904e-24
      5194.00   9.6956976e-24
      5195.00   9.7278996e-24
      5196.00   9.7601965e-24
      5197.00   9.7925887e-24
      5198.00   9.8250764e-24
      5199.00   9.8576598e-24
      5200.00   9.8903391e-24
      5201.00   9.9231147e-24
      5202.00   9.9559867e-24
      5203.00   9.9889555e-24
      5204.00   1.0022021e-23
      5205.00   1.0055184e-23
      5206.00   1.0088444e-23
      5207.00   1.0121802e-23
      5208.00   1.0155258e-23
      5209.00   1.0188813e-23
      5210.00   1.0222465e-23
      5211.00   1.0256216e-23
      5212.00   1.0290067e-23
      5213.00   1.0324016e-23
      5214.00   1.0358065e-23
      5215.00   1.0392213e-23
      5216.00   1.0426462e-23
      5217.00   1.0460811e-23
      5218.00   1.0495260e-23
      5219.00   1.0529810e-23
      5220.00   1.0564461e-23
      5221.00   1.0599213e-23
      5222.00   1.0634066e-23
      5223.00   1.0669022e-23
      5224.00   1.0704079e-23
      5225.00   1.0739238e-23
      5226.00   1.0774501e-23
      5227.00   1.0809865e-23
      5228.00   1.0845333e-23
      5229.00   1.0880904e-23
      5230.00   1.0916579e-23
      5231.00   1.0952358e-23
      5232.00   1.0988240e-23
      5233.00   1.1024227e-23
      5234.00   1.1060319e-23
      5235.00   1.1096515e-23
      5236.00   1.1132817e-23
      5237.00   1.1169224e-23
      5238.00   1.1205736e-23
      5239.00   1.1242355e-23
      5240.00   1.1279079e-23
      5241.00   1.1315910e-23
      5242.00   1.1352848e-23
      5243.00   1.1389893e-23
      5244.00   1.1427045e-23
      5245.00   1.1464305e-23
      5246.00   1.1501672e-23
      5247.00   1.1539148e-23
      5248.00   1.1576732e-23
      5249.00   1.1614424e-23
      5250.00   1.1652225e-23
      5251.00   1.1690136e-23
      5252.00   1.1728156e-23
      5253.00   1.1766285e-23
      5254.00   1.1804525e-23
      5255.00   1.1842875e-23
      5256.00   1.1881335e-23
      5257.00   1.1919906e-23
      5258.00   1.1958588e-23
      5259.00   1.1997382e-23
      5260.00   1.2036287e-23
      5261.00   1.2075304e-23
      5262.00   1.2114433e-23
      5263.00   1.2153675e-23
      5264.00   1.2193030e-23
      5265.00   1.2232497e-23
      5266.00   1.2272078e-23
      5267.00   1.2311772e-23
      5268.00   1.2351581e-23
      5269.00   1.2391503e-23
      5270.00   1.2431540e-23
      5271.00   1.2471692e-23
      5272.00   1.2511958e-23
      5273.00   1.2552340e-23
      5274.00   1.2592837e-23
      5275.00   1.2633451e-23
      5276.00   1.2674180e-23
      5277.00   1.2715026e-23
      5278.00   1.2755989e-23
      5279.00   1.2797068e-23
      5280.00   1.2838265e-23
      5281.00   1.2879580e-23
      5282.00   1.2921012e-23
      5283.00   1.2962563e-23
      5284.00   1.3004232e-23
      5285.00   1.3046020e-23
      5286.00   1.3087926e-23
      5287.00   1.3129953e-23
      5288.00   1.3172099e-23
      5289.00   1.3214364e-23
      5290.00   1.3256750e-23
      5291.00   1.3299257e-23
      5292.00   1.3341884e-23
      5293.00   1.3384633e-23
      5294.00   1.3427502e-23
      5295.00   1.3470494e-23
      5296.00   1.3513607e-23
      5297.00   1.3556843e-23
      5298.00   1.3600202e-23
      5299.00   1.3643683e-23
      5300.00   1.3687288e-23
      5301.00   1.3731016e-23
      5302.00   1.3774868e-23
      5303.00   1.3818844e-23
      5304.00   1.3862944e-23
      5305.00   1.3907170e-23
      5306.00   1.3951520e-23
      5307.00   1.3995996e-23
      5308.00   1.4040597e-23
      5309.00   1.4085324e-23
      5310.00   1.4130177e-23
      5311.00   1.4175157e-23
      5312.00   1.4220264e-23
      5313.00   1.4265498e-23
      5314.00   1.4310860e-23
      5315.00   1.4356349e-23
      5316.00   1.4401967e-23
      5317.00   1.4447713e-23
      5318.00   1.4493587e-23
      5319.00   1.4539591e-23
      5320.00   1.4585724e-23
      5321.00   1.4631987e-23
      5322.00   1.4678379e-23
      5323.00   1.4724902e-23
      5324.00   1.4771556e-23
      5325.00   1.4818341e-23
      5326.00   1.4865257e-23
      5327.00   1.4912304e-23
      5328.00   1.4959483e-23
      5329.00   1.5006795e-23
      5330.00   1.5054239e-23
      5331.00   1.5101816e-23
      5332.00   1.5149526e-23
      5333.00   1.5197370e-23
      5334.00   1.5245348e-23
      5335.00   1.5293459e-23
      5336.00   1.5341705e-23
      5337.00   1.5390086e-23
      5338.00   1.5438602e-23
      5339.00   1.5487254e-23
      5340.00   1.5536041e-23
      5341.00   1.5584964e-23
      5342.00   1.5634024e-23
      5343.00   1.5683221e-23
      5344.00   1.5732554e-23
      5345.00   1.5782026e-23
      5346.00   1.5831634e-23
      5347.00   1.5881381e-23
      5348.00   1.5931267e-23
      5349.00   1.5981291e-23
      5350.00   1.6031454e-23
      5351.00   1.6081756e-23
      5352.00   1.6132199e-23
      5353.00   1.6182781e-23
      5354.00   1.6233504e-23
      5355.00   1.6284367e-23
      5356.00   1.6335372e-23
      5357.00   1.6386518e-23
      5358.00   1.6437806e-23
      5359.00   1.6489236e-23
      5360.00   1.6540808e-23
      5361.00   1.6592524e-23
      5362.00   1.6644382e-23
      5363.00   1.6696384e-23
      5364.00   1.6748529e-23
      5365.00   1.6800819e-23
      5366.00   1.6853253e-23
      5367.00   1.6905833e-23
      5368.00   1.6958557e-23
      5369.00   1.7011427e-23
      5370.00   1.7064442e-23
      5371.00   1.7117604e-23
      5372.00   1.7170913e-23
      5373.00   1.7224368e-23
      5374.00   1.7277971e-23
      5375.00   1.7331721e-23
      5376.00   1.7385620e-23
      5377.00   1.7439667e-23
      5378.00   1.7493862e-23
      5379.00   1.7548206e-23
      5380.00   1.7602700e-23
      5381.00   1.7657344e-23
      5382.00   1.7712137e-23
      5383.00   1.7767081e-23
      5384.00   1.7822176e-23
      5385.00   1.7877422e-23
      5386.00   1.7932820e-23
      5387.00   1.7988369e-23
      5388.00   1.8044071e-23
      5389.00   1.8099925e-23
      5390.00   1.8155933e-23
      5391.00   1.8212093e-23
      5392.00   1.8268407e-23
      5393.00   1.8324876e-23
      5394.00   1.8381499e-23
      5395.00   1.8438276e-23
      5396.00   1.8495209e-23
      5397.00   1.8552297e-23
      5398.00   1.8609541e-23
      5399.00   1.8666941e-23
      5400.00   1.8724498e-23
      5401.00   1.8782212e-23
      5402.00   1.8840083e-23
      5403.00   1.8898112e-23
      5404.00   1.8956299e-23
      5405.00   1.9014644e-23
      5406.00   1.9073149e-23
      5407.00   1.9131812e-23
      5408.00   1.9190635e-23
      5409.00   1.9249618e-23
      5410.00   1.9308762e-23
      5411.00   1.9368066e-23
      5412.00   1.9427531e-23
      5413.00   1.9487157e-23
      5414.00   1.9546946e-23
      5415.00   1.9606896e-23
      5416.00   1.9667010e-23
      5417.00   1.9727286e-23
      5418.00   1.9787725e-23
      5419.00   1.9848328e-23
      5420.00   1.9909096e-23
      5421.00   1.9970028e-23
      5422.00   2.0031124e-23
      5423.00   2.0092386e-23
      5424.00   2.0153814e-23
      5425.00   2.0215408e-23
      5426.00   2.0277168e-23
      5427.00   2.0339095e-23
      5428.00   2.0401189e-23
      5429.00   2.0463451e-23
      5430.00   2.0525880e-23
      5431.00   2.0588478e-23
      5432.00   2.0651245e-23
      5433.00   2.0714181e-23
      5434.00   2.0777286e-23
      5435.00   2.0840562e-23
      5436.00   2.0904008e-23
      5437.00   2.0967624e-23
      5438.00   2.1031412e-23
      5439.00   2.1095371e-23
      5440.00   2.1159502e-23
      5441.00   2.1223805e-23
      5442.00   2.1288281e-23
      5443.00   2.1352930e-23
      5444.00   2.1417753e-23
      5445.00   2.1482749e-23
      5446.00   2.1547920e-23
      5447.00   2.1613266e-23
      5448.00   2.1678787e-23
      5449.00   2.1744483e-23
      5450.00   2.1810355e-23
      5451.00   2.1876404e-23
      5452.00   2.1942629e-23
      5453.00   2.2009031e-23
      5454.00   2.2075611e-23
      5455.00   2.2142369e-23
      5456.00   2.2209305e-23
      5457.00   2.2276420e-23
      5458.00   2.2343715e-23
      5459.00   2.2411188e-23
      5460.00   2.2478842e-23
      5461.00   2.2546677e-23
      5462.00   2.2614692e-23
      5463.00   2.2682888e-23
      5464.00   2.2751266e-23
      5465.00   2.2819826e-23
      5466.00   2.2888569e-23
      5467.00   2.2957495e-23
      5468.00   2.3026604e-23
      5469.00   2.3095896e-23
      5470.00   2.3165373e-23
      5471.00   2.3235035e-23
      5472.00   2.3304881e-23
      5473.00   2.3374913e-23
      5474.00   2.3445131e-23
      5475.00   2.3515535e-23
      5476.00   2.3586126e-23
      5477.00   2.3656904e-23
      5478.00   2.3727870e-23
      5479.00   2.3799024e-23
      5480.00   2.3870366e-23
      5481.00   2.3941897e-23
      5482.00   2.4013617e-23
      5483.00   2.4085527e-23
      5484.00   2.4157627e-23
      5485.00   2.4229918e-23
      5486.00   2.4302400e-23
      5487.00   2.4375073e-23
      5488.00   2.4447938e-23
      5489.00   2.4520995e-23
      5490.00   2.4594245e-23
      5491.00   2.4667689e-23
      5492.00   2.4741326e-23
      5493.00   2.4815157e-23
      5494.00   2.4889183e-23
      5495.00   2.4963403e-23
      5496.00   2.5037819e-23
      5497.00   2.5112431e-23
      5498.00   2.5187239e-23
      5499.00   2.5262244e-23
      5500.00   2.5337446e-23
      5501.00   2.5412846e-23
      5502.00   2.5488443e-23
      5503.00   2.5564240e-23
      5504.00   2.5640235e-23
      5505.00   2.5716429e-23
      5506.00   2.5792824e-23
      5507.00   2.5869419e-23
      5508.00   2.5946214e-23
      5509.00   2.6023211e-23
      5510.00   2.6100410e-23
      5511.00   2.6177810e-23
      5512.00   2.6255413e-23
      5513.00   2.6333219e-23
      5514.00   2.6411229e-23
      5515.00   2.6489443e-23
      5516.00   2.6567861e-23
      5517.00   2.6646484e-23
      5518.00   2.6725312e-23
      5519.00   2.6804346e-23
      5520.00   2.6883586e-23
      5521.00   2.6963033e-23
      5522.00   2.7042687e-23
      5523.00   2.7122549e-23
      5524.00   2.7202619e-23
      5525.00   2.7282897e-23
      5526.00   2.7363385e-23
      5527.00   2.7444082e-23
      5528.00   2.7524989e-23
      5529.00   2.7606106e-23
      5530.00   2.7687434e-23
      5531.00   2.7768974e-23
      5532.00   2.7850725e-23
      5533.00   2.7932689e-23
      5534.00   2.8014866e-23
      5535.00   2.8097256e-23
      5536.00   2.8179859e-23
      5537.00   2.8262677e-23
      5538.00   2.8345710e-23
      5539.00   2.8428958e-23
      5540.00   2.8512421e-23
      5541.00   2.8596101e-23
      5542.00   2.8679997e-23
      5543.00   2.8764110e-23
      5544.00   2.8848441e-23
      5545.00   2.8932990e-23
      5546.00   2.9017758e-23
      5547.00   2.9102744e-23
      5548.00   2.9187950e-23
      5549.00   2.9273376e-23
      5550.00   2.9359023e-23
      5551.00   2.9444891e-23
      5552.00   2.9530980e-23
      5553.00   2.9617291e-23
      5554.00   2.9703824e-23
      5555.00   2.9790580e-23
      5556.00   2.9877560e-23
      5557.00   2.9964764e-23
      5558.00   3.0052192e-23
      5559.00   3.0139845e-23
      5560.00   3.0227724e-23
      5561.00   3.0315828e-23
      5562.00   3.0404159e-23
      5563.00   3.0492717e-23
      5564.00   3.0581502e-23
      5565.00   3.0670516e-23
      5566.00   3.0759757e-23
      5567.00   3.0849228e-23
      5568.00   3.0938928e-23
      5569.00   3.1028857e-23
      5570.00   3.1119018e-23
      5571.00   3.1209409e-23
      5572.00   3.1300032e-23
      5573.00   3.1390886e-23
      5574.00   3.1481974e-23
      5575.00   3.1573294e-23
      5576.00   3.1664847e-23
      5577.00   3.1756635e-23
      5578.00   3.1848657e-23
      5579.00   3.1940914e-23
      5580.00   3.2033407e-23
      5581.00   3.2126136e-23
      5582.00   3.2219101e-23
      5583.00   3.2312304e-23
      5584.00   3.2405744e-23
      5585.00   3.2499422e-23
      5586.00   3.2593339e-23
      5587.00   3.2687495e-23
      5588.00   3.2781890e-23
      5589.00   3.2876526e-23
      5590.00   3.2971403e-23
      5591.00   3.3066521e-23
      5592.00   3.3161881e-23
      5593.00   3.3257483e-23
      5594.00   3.3353328e-23
      5595.00   3.3449416e-23
      5596.00   3.3545749e-23
      5597.00   3.3642325e-23
      5598.00   3.3739147e-23
      5599.00   3.3836214e-23
      5600.00   3.3933527e-23
      5601.00   3.4031087e-23
      5602.00   3.4128894e-23
      5603.00   3.4226949e-23
      5604.00   3.4325251e-23
      5605.00   3.4423803e-23
      5606.00   3.4522603e-23
      5607.00   3.4621654e-23
      5608.00   3.4720955e-23
      5609.00   3.4820507e-23
      5610.00   3.4920310e-23
      5611.00   3.5020365e-23
      5612.00   3.5120673e-23
      5613.00   3.5221233e-23
      5614.00   3.5322048e-23
      5615.00   3.5423116e-23
      5616.00   3.5524439e-23
      5617.00   3.5626018e-23
      5618.00   3.5727852e-23
      5619.00   3.5829943e-23
      5620.00   3.5932290e-23
      5621.00   3.6034895e-23
      5622.00   3.6137759e-23
      5623.00   3.6240880e-23
      5624.00   3.6344261e-23
      5625.00   3.6447901e-23
      5626.00   3.6551802e-23
      5627.00   3.6655964e-23
      5628.00   3.6760387e-23
      5629.00   3.6865072e-23
      5630.00   3.6970019e-23
      5631.00   3.7075229e-23
      5632.00   3.7180703e-23
      5633.00   3.7286442e-23
      5634.00   3.7392445e-23
      5635.00   3.7498713e-23
      5636.00   3.7605247e-23
      5637.00   3.7712048e-23
      5638.00   3.7819116e-23
      5639.00   3.7926451e-23
      5640.00   3.8034054e-23
      5641.00   3.8141927e-23
      5642.00   3.8250068e-23
      5643.00   3.8358480e-23
      5644.00   3.8467162e-23
      5645.00   3.8576115e-23
      5646.00   3.8685340e-23
      5647.00   3.8794836e-23
      5648.00   3.8904606e-23
      5649.00   3.9014649e-23
      5650.00   3.9124966e-23
      5651.00   3.9235558e-23
      5652.00   3.9346425e-23
      5653.00   3.9457567e-23
      5654.00   3.9568986e-23
      5655.00   3.9680681e-23
      5656.00   3.9792655e-23
      5657.00   3.9904906e-23
      5658.00   4.0017436e-23
      5659.00   4.0130245e-23
      5660.00   4.0243334e-23
      5661.00   4.0356703e-23
      5662.00   4.0470354e-23
      5663.00   4.0584286e-23
      5664.00   4.0698500e-23
      5665.00   4.0812997e-23
      5666.00   4.0927778e-23
      5667.00   4.1042842e-23
      5668.00   4.1158192e-23
      5669.00   4.1273826e-23
      5670.00   4.1389746e-23
      5671.00   4.1505953e-23
      5672.00   4.1622447e-23
      5673.00   4.1739228e-23
      5674.00   4.1856298e-23
      5675.00   4.1973657e-23
      5676.00   4.2091305e-23
      5677.00   4.2209243e-23
      5678.00   4.2327472e-23
      5679.00   4.2445992e-23
      5680.00   4.2564804e-23
      5681.00   4.2683908e-23
      5682.00   4.2803306e-23
      5683.00   4.2922998e-23
      5684.00   4.3042984e-23
      5685.00   4.3163265e-23
      5686.00   4.3283841e-23
      5687.00   4.3404714e-23
      5688.00   4.3525884e-23
      5689.00   4.3647351e-23
      5690.00   4.3769116e-23
      5691.00   4.3891180e-23
      5692.00   4.4013544e-23
      5693.00   4.4136207e-23
      5694.00   4.4259172e-23
      5695.00   4.4382437e-23
      5696.00   4.4506004e-23
      5697.00   4.4629874e-23
      5698.00   4.4754047e-23
      5699.00   4.4878524e-23
      5700.00   4.5003305e-23
      5701.00   4.5128391e-23
      5702.00   4.5253783e-23
      5703.00   4.5379481e-23
      5704.00   4.5505487e-23
      5705.00   4.5631800e-23
      5706.00   4.5758421e-23
      5707.00   4.5885351e-23
      5708.00   4.6012590e-23
      5709.00   4.6140140e-23
      5710.00   4.6268001e-23
      5711.00   4.6396173e-23
      5712.00   4.6524657e-23
      5713.00   4.6653454e-23
      5714.00   4.6782565e-23
      5715.00   4.6911989e-23
      5716.00   4.7041729e-23
      5717.00   4.7171784e-23
      5718.00   4.7302154e-23
      5719.00   4.7432842e-23
      5720.00   4.7563847e-23
      5721.00   4.7695170e-23
      5722.00   4.7826811e-23
      5723.00   4.7958772e-23
      5724.00   4.8091053e-23
      5725.00   4.8223655e-23
      5726.00   4.8356578e-23
      5727.00   4.8489822e-23
      5728.00   4.8623390e-23
      5729.00   4.8757281e-23
      5730.00   4.8891496e-23
      5731.00   4.9026035e-23
      5732.00   4.9160900e-23
      5733.00   4.9296091e-23
      5734.00   4.9431609e-23
      5735.00   4.9567454e-23
      5736.00   4.9703627e-23
      5737.00   4.9840129e-23
      5738.00   4.9976960e-23
      5739.00   5.0114121e-23
      5740.00   5.0251613e-23
      5741.00   5.0389436e-23
      5742.00   5.0527592e-23
      5743.00   5.0666080e-23
      5744.00   5.0804902e-23
      5745.00   5.0944058e-23
      5746.00   5.1083548e-23
      5747.00   5.1223375e-23
      5748.00   5.1363537e-23
      5749.00   5.1504036e-23
      5750.00   5.1644874e-23
      5751.00   5.1786049e-23
      5752.00   5.1927563e-23
      5753.00   5.2069417e-23
      5754.00   5.2211612e-23
      5755.00   5.2354147e-23
      5756.00   5.2497024e-23
      5757.00   5.2640244e-23
      5758.00   5.2783807e-23
      5759.00   5.2927714e-23
      5760.00   5.3071965e-23
      5761.00   5.3216562e-23
      5762.00   5.3361504e-23
      5763.00   5.3506794e-23
      5764.00   5.3652430e-23
      5765.00   5.3798415e-23
      5766.00   5.3944749e-23
      5767.00   5.4091432e-23
      5768.00   5.4238466e-23
      5769.00   5.4385850e-23
      5770.00   5.4533586e-23
      5771.00   5.4681675e-23
      5772.00   5.4830116e-23
      5773.00   5.4978912e-23
      5774.00   5.5128062e-23
      5775.00   5.5277567e-23
      5776.00   5.5427428e-23
      5777.00   5.5577646e-23
      5778.00   5.5728222e-23
      5779.00   5.5879155e-23
      5780.00   5.6030448e-23
      5781.00   5.6182100e-23
      5782.00   5.6334112e-23
      5783.00   5.6486486e-23
      5784.00   5.6639221e-23
      5785.00   5.6792319e-23
      5786.00   5.6945780e-23
      5787.00   5.7099605e-23
      5788.00   5.7253795e-23
      5789.00   5.7408350e-23
      5790.00   5.7563272e-23
      5791.00   5.7718560e-23
      5792.00   5.7874217e-23
      5793.00   5.8030241e-23
      5794.00   5.8186635e-23
      5795.00   5.8343399e-23
      5796.00   5.8500533e-23
      5797.00   5.8658039e-23
      5798.00   5.8815917e-23
      5799.00   5.8974168e-23
      5800.00   5.9132793e-23
      5801.00   5.9291792e-23
      5802.00   5.9451166e-23
      5803.00   5.9610916e-23
      5804.00   5.9771043e-23
      5805.00   5.9931548e-23
      5806.00   6.0092430e-23
      5807.00   6.0253692e-23
      5808.00   6.0415333e-23
      5809.00   6.0577354e-23
      5810.00   6.0739757e-23
      5811.00   6.0902542e-23
      5812.00   6.1065710e-23
      5813.00   6.1229261e-23
      5814.00   6.1393197e-23
      5815.00   6.1557518e-23
      5816.00   6.1722224e-23
      5817.00   6.1887317e-23
      5818.00   6.2052798e-23
      5819.00   6.2218667e-23
      5820.00   6.2384924e-23
      5821.00   6.2551572e-23
      5822.00   6.2718610e-23
      5823.00   6.2886039e-23
      5824.00   6.3053860e-23
      5825.00   6.3222074e-23
      5826.00   6.3390682e-23
      5827.00   6.3559684e-23
      5828.00   6.3729081e-23
      5829.00   6.3898875e-23
      5830.00   6.4069065e-23
      5831.00   6.4239652e-23
      5832.00   6.4410638e-23
      5833.00   6.4582023e-23
      5834.00   6.4753808e-23
      5835.00   6.4925994e-23
      5836.00   6.5098582e-23
      5837.00   6.5271571e-23
      5838.00   6.5444964e-23
      5839.00   6.5618761e-23
      5840.00   6.5792962e-23
      5841.00   6.5967569e-23
      5842.00   6.6142583e-23
      5843.00   6.6318003e-23
      5844.00   6.6493832e-23
      5845.00   6.6670069e-23
      5846.00   6.6846715e-23
      5847.00   6.7023772e-23
      5848.00   6.7201241e-23
      5849.00   6.7379121e-23
      5850.00   6.7557414e-23
      5851.00   6.7736121e-23
      5852.00   6.7915242e-23
      5853.00   6.8094778e-23
      5854.00   6.8274731e-23
      5855.00   6.8455100e-23
      5856.00   6.8635887e-23
      5857.00   6.8817093e-23
      5858.00   6.8998718e-23
      5859.00   6.9180763e-23
      5860.00   6.9363229e-23
      5861.00   6.9546117e-23
      5862.00   6.9729428e-23
      5863.00   6.9913162e-23
      5864.00   7.0097321e-23
      5865.00   7.0281905e-23
      5866.00   7.0466915e-23
      5867.00   7.0652351e-23
      5868.00   7.0838216e-23
      5869.00   7.1024508e-23
      5870.00   7.1211231e-23
      5871.00   7.1398383e-23
      5872.00   7.1585966e-23
      5873.00   7.1773982e-23
      5874.00   7.1962430e-23
      5875.00   7.2151312e-23
      5876.00   7.2340628e-23
      5877.00   7.2530379e-23
      5878.00   7.2720567e-23
      5879.00   7.2911191e-23
      5880.00   7.3102254e-23
      5881.00   7.3293755e-23
      5882.00   7.3485695e-23
      5883.00   7.3678076e-23
      5884.00   7.3870899e-23
      5885.00   7.4064163e-23
      5886.00   7.4257871e-23
      5887.00   7.4452022e-23
      5888.00   7.4646618e-23
      5889.00   7.4841660e-23
      5890.00   7.5037148e-23
      5891.00   7.5233083e-23
      5892.00   7.5429467e-23
      5893.00   7.5626299e-23
      5894.00   7.5823582e-23
      5895.00   7.6021315e-23
      5896.00   7.6219500e-23
      5897.00   7.6418138e-23
      5898.00   7.6617229e-23
      5899.00   7.6816774e-23
      5900.00   7.7016775e-23
      5901.00   7.7217232e-23
      5902.00   7.7418145e-23
      5903.00   7.7619517e-23
      5904.00   7.7821347e-23
      5905.00   7.8023637e-23
      5906.00   7.8226387e-23
      5907.00   7.8429599e-23
      5908.00   7.8633273e-23
      5909.00   7.8837411e-23
      5910.00   7.9042012e-23
      5911.00   7.9247079e-23
      5912.00   7.9452611e-23
      5913.00   7.9658610e-23
      5914.00   7.9865077e-23
      5915.00   8.0072012e-23
      5916.00   8.0279417e-23
      5917.00   8.0487292e-23
      5918.00   8.0695639e-23
      5919.00   8.0904458e-23
      5920.00   8.1113749e-23
      5921.00   8.1323515e-23
      5922.00   8.1533756e-23
      5923.00   8.1744473e-23
      5924.00   8.1955666e-23
      5925.00   8.2167337e-23
      5926.00   8.2379487e-23
      5927.00   8.2592116e-23
      5928.00   8.2805226e-23
      5929.00   8.3018817e-23
      5930.00   8.3232891e-23
      5931.00   8.3447447e-23
      5932.00   8.3662488e-23
      5933.00   8.3878014e-23
      5934.00   8.4094025e-23
      5935.00   8.4310524e-23
      5936.00   8.4527511e-23
      5937.00   8.4744986e-23
      5938.00   8.4962951e-23
      5939.00   8.5181407e-23
      5940.00   8.5400354e-23
      5941.00   8.5619794e-23
      5942.00   8.5839727e-23
      5943.00   8.6060155e-23
      5944.00   8.6281078e-23
      5945.00   8.6502498e-23
      5946.00   8.6724414e-23
      5947.00   8.6946829e-23
      5948.00   8.7169743e-23
      5949.00   8.7393157e-23
      5950.00   8.7617072e-23
      5951.00   8.7841490e-23
      5952.00   8.8066410e-23
      5953.00   8.8291834e-23
      5954.00   8.8517763e-23
      5955.00   8.8744198e-23
      5956.00   8.8971139e-23
      5957.00   8.9198589e-23
      5958.00   8.9426547e-23
      5959.00   8.9655014e-23
      5960.00   8.9883993e-23
      5961.00   9.0113483e-23
      5962.00   9.0343485e-23
      5963.00   9.0574002e-23
      5964.00   9.0805032e-23
      5965.00   9.1036579e-23
      5966.00   9.1268641e-23
      5967.00   9.1501222e-23
      5968.00   9.1734320e-23
      5969.00   9.1967938e-23
      5970.00   9.2202077e-23
      5971.00   9.2436737e-23
      5972.00   9.2671919e-23
      5973.00   9.2907624e-23
      5974.00   9.3143854e-23
      5975.00   9.3380610e-23
      5976.00   9.3617891e-23
      5977.00   9.3855700e-23
      5978.00   9.4094037e-23
      5979.00   9.4332904e-23
      5980.00   9.4572301e-23
      5981.00   9.4812229e-23
      5982.00   9.5052689e-23
      5983.00   9.5293683e-23
      5984.00   9.5535211e-23
      5985.00   9.5777275e-23
      5986.00   9.6019874e-23
      5987.00   9.6263011e-23
      5988.00   9.6506687e-23
      5989.00   9.6750901e-23
      5990.00   9.6995656e-23
      5991.00   9.7240953e-23
      5992.00   9.7486792e-23
      5993.00   9.7733174e-23
      5994.00   9.7980101e-23
      5995.00   9.8227573e-23
      5996.00   9.8475591e-23
      5997.00   9.8724157e-23
      5998.00   9.8973272e-23
      5999.00   9.9222936e-23
      6000.00   9.9473150e-23
      6001.00   9.9723916e-23
      6002.00   9.9975235e-23
      6003.00   1.0022711e-22
      6004.00   1.0047953e-22
      6005.00   1.0073252e-22
      6006.00   1.0098606e-22
      6007.00   1.0124015e-22
      6008.00   1.0149481e-22
      6009.00   1.0175003e-22
      6010.00   1.0200580e-22
      6011.00   1.0226214e-22
      6012.00   1.0251905e-22
      6013.00   1.0277651e-22
      6014.00   1.0303454e-22
      6015.00   1.0329314e-22
      6016.00   1.0355230e-22
      6017.00   1.0381204e-22
      6018.00   1.0407234e-22
      6019.00   1.0433321e-22
      6020.00   1.0459466e-22
      6021.00   1.0485667e-22
      6022.00   1.0511926e-22
      6023.00   1.0538243e-22
      6024.00   1.0564617e-22
      6025.00   1.0591048e-22
      6026.00   1.0617538e-22
      6027.00   1.0644085e-22
      6028.00   1.0670691e-22
      6029.00   1.0697354e-22
      6030.00   1.0724076e-22
      6031.00   1.0750856e-22
      6032.00   1.0777694e-22
      6033.00   1.0804591e-22
      6034.00   1.0831547e-22
      6035.00   1.0858561e-22
      6036.00   1.0885634e-22
      6037.00   1.0912766e-22
      6038.00   1.0939958e-22
      6039.00   1.0967208e-22
      6040.00   1.0994518e-22
      6041.00   1.1021887e-22
      6042.00   1.1049315e-22
      6043.00   1.1076804e-22
      6044.00   1.1104352e-22
      6045.00   1.1131960e-22
      6046.00   1.1159627e-22
      6047.00   1.1187355e-22
      6048.00   1.1215143e-22
      6049.00   1.1242992e-22
      6050.00   1.1270900e-22
      6051.00   1.1298869e-22
      6052.00   1.1326899e-22
      6053.00   1.1354990e-22
      6054.00   1.1383141e-22
      6055.00   1.1411353e-22
      6056.00   1.1439627e-22
      6057.00   1.1467961e-22
      6058.00   1.1496357e-22
      6059.00   1.1524814e-22
      6060.00   1.1553333e-22
      6061.00   1.1581913e-22
      6062.00   1.1610556e-22
      6063.00   1.1639260e-22
      6064.00   1.1668025e-22
      6065.00   1.1696853e-22
      6066.00   1.1725744e-22
      6067.00   1.1754696e-22
      6068.00   1.1783711e-22
      6069.00   1.1812788e-22
      6070.00   1.1841928e-22
      6071.00   1.1871131e-22
      6072.00   1.1900397e-22
      6073.00   1.1929725e-22
      6074.00   1.1959117e-22
      6075.00   1.1988572e-22
      6076.00   1.2018090e-22
      6077.00   1.2047672e-22
      6078.00   1.2077317e-22
      6079.00   1.2107026e-22
      6080.00   1.2136799e-22
      6081.00   1.2166636e-22
      6082.00   1.2196536e-22
      6083.00   1.2226501e-22
      6084.00   1.2256530e-22
      6085.00   1.2286624e-22
      6086.00   1.2316781e-22
      6087.00   1.2347004e-22
      6088.00   1.2377291e-22
      6089.00   1.2407643e-22
      6090.00   1.2438060e-22
      6091.00   1.2468542e-22
      6092.00   1.2499090e-22
      6093.00   1.2529702e-22
      6094.00   1.2560380e-22
      6095.00   1.2591124e-22
      6096.00   1.2621933e-22
      6097.00   1.2652808e-22
      6098.00   1.2683749e-22
      6099.00   1.2714756e-22
      6100.00   1.2745829e-22
      6101.00   1.2776968e-22
      6102.00   1.2808174e-22
      6103.00   1.2839446e-22
      6104.00   1.2870785e-22
      6105.00   1.2902190e-22
      6106.00   1.2933663e-22
      6107.00   1.2965202e-22
      6108.00   1.2996809e-22
      6109.00   1.3028482e-22
      6110.00   1.3060223e-22
      6111.00   1.3092032e-22
      6112.00   1.3123908e-22
      6113.00   1.3155852e-22
      6114.00   1.3187863e-22
      6115.00   1.3219943e-22
      6116.00   1.3252090e-22
      6117.00   1.3284306e-22
      6118.00   1.3316590e-22
      6119.00   1.3348943e-22
      6120.00   1.3381364e-22
      6121.00   1.3413853e-22
      6122.00   1.3446412e-22
      6123.00   1.3479039e-22
      6124.00   1.3511736e-22
      6125.00   1.3544502e-22
      6126.00   1.3577337e-22
      6127.00   1.3610241e-22
      6128.00   1.3643215e-22
      6129.00   1.3676258e-22
      6130.00   1.3709372e-22
      6131.00   1.3742555e-22
      6132.00   1.3775808e-22
      6133.00   1.3809132e-22
      6134.00   1.3842526e-22
      6135.00   1.3875990e-22
      6136.00   1.3909525e-22
      6137.00   1.3943130e-22
      6138.00   1.3976806e-22
      6139.00   1.4010553e-22
      6140.00   1.4044371e-22
      6141.00   1.4078261e-22
      6142.00   1.4112221e-22
      6143.00   1.4146253e-22
      6144.00   1.4180357e-22
      6145.00   1.4214532e-22
      6146.00   1.4248779e-22
      6147.00   1.4283098e-22
      6148.00   1.4317489e-22
      6149.00   1.4351952e-22
      6150.00   1.4386488e-22
      6151.00   1.4421096e-22
      6152.00   1.4455776e-22
      6153.00   1.4490529e-22
      6154.00   1.4525355e-22
      6155.00   1.4560254e-22
      6156.00   1.4595226e-22
      6157.00   1.4630272e-22
      6158.00   1.4665390e-22
      6159.00   1.4700582e-22
      6160.00   1.4735848e-22
      6161.00   1.4771187e-22
      6162.00   1.4806601e-22
      6163.00   1.4842088e-22
      6164.00   1.4877649e-22
      6165.00   1.4913285e-22
      6166.00   1.4948995e-22
      6167.00   1.4984779e-22
      6168.00   1.5020639e-22
      6169.00   1.5056573e-22
      6170.00   1.5092581e-22
      6171.00   1.5128665e-22
      6172.00   1.5164824e-22
      6173.00   1.5201059e-22
      6174.00   1.5237368e-22
      6175.00   1.5273754e-22
      6176.00   1.5310215e-22
      6177.00   1.5346752e-22
      6178.00   1.5383365e-22
      6179.00   1.5420054e-22
      6180.00   1.5456819e-22
      6181.00   1.5493660e-22
      6182.00   1.5530578e-22
      6183.00   1.5567573e-22
      6184.00   1.5604644e-22
      6185.00   1.5641793e-22
      6186.00   1.5679018e-22
      6187.00   1.5716321e-22
      6188.00   1.5753700e-22
      6189.00   1.5791158e-22
      6190.00   1.5828693e-22
      6191.00   1.5866305e-22
      6192.00   1.5903996e-22
      6193.00   1.5941764e-22
      6194.00   1.5979610e-22
      6195.00   1.6017535e-22
      6196.00   1.6055538e-22
      6197.00   1.6093620e-22
      6198.00   1.6131780e-22
      6199.00   1.6170019e-22
      6200.00   1.6208338e-22
      6201.00   1.6246735e-22
      6202.00   1.6285211e-22
      6203.00   1.6323767e-22
      6204.00   1.6362402e-22
      6205.00   1.6401117e-22
      6206.00   1.6439911e-22
      6207.00   1.6478786e-22
      6208.00   1.6517740e-22
      6209.00   1.6556775e-22
      6210.00   1.6595890e-22
      6211.00   1.6635085e-22
      6212.00   1.6674362e-22
      6213.00   1.6713718e-22
      6214.00   1.6753156e-22
      6215.00   1.6792675e-22
      6216.00   1.6832275e-22
      6217.00   1.6871956e-22
      6218.00   1.6911718e-22
      6219.00   1.6951563e-22
      6220.00   1.6991488e-22
      6221.00   1.7031496e-22
      6222.00   1.7071586e-22
      6223.00   1.7111758e-22
      6224.00   1.7152012e-22
      6225.00   1.7192349e-22
      6226.00   1.7232768e-22
      6227.00   1.7273270e-22
      6228.00   1.7313854e-22
      6229.00   1.7354522e-22
      6230.00   1.7395273e-22
      6231.00   1.7436107e-22
      6232.00   1.7477025e-22
      6233.00   1.7518026e-22
      6234.00   1.7559111e-22
      6235.00   1.7600279e-22
      6236.00   1.7641532e-22
      6237.00   1.7682869e-22
      6238.00   1.7724290e-22
      6239.00   1.7765796e-22
      6240.00   1.7807386e-22
      6241.00   1.7849061e-22
      6242.00   1.7890820e-22
      6243.00   1.7932665e-22
      6244.00   1.7974595e-22
      6245.00   1.8016610e-22
      6246.00   1.8058711e-22
      6247.00   1.8100897e-22
      6248.00   1.8143169e-22
      6249.00   1.8185527e-22
      6250.00   1.8227971e-22
      6251.00   1.8270501e-22
      6252.00   1.8313118e-22
      6253.00   1.8355820e-22
      6254.00   1.8398610e-22
      6255.00   1.8441486e-22
      6256.00   1.8484450e-22
      6257.00   1.8527500e-22
      6258.00   1.8570637e-22
      6259.00   1.8613862e-22
      6260.00   1.8657175e-22
      6261.00   1.8700575e-22
      6262.00   1.8744063e-22
      6263.00   1.8787639e-22
      6264.00   1.8831303e-22
      6265.00   1.8875055e-22
      6266.00   1.8918896e-22
      6267.00   1.8962825e-22
      6268.00   1.9006843e-22
      6269.00   1.9050950e-22
      6270.00   1.9095145e-22
      6271.00   1.9139430e-22
      6272.00   1.9183805e-22
      6273.00   1.9228268e-22
      6274.00   1.9272822e-22
      6275.00   1.9317465e-22
      6276.00   1.9362198e-22
      6277.00   1.9407021e-22
      6278.00   1.9451935e-22
      6279.00   1.9496938e-22
      6280.00   1.9542033e-22
      6281.00   1.9587218e-22
      6282.00   1.9632494e-22
      6283.00   1.9677861e-22
      6284.00   1.9723319e-22
      6285.00   1.9768868e-22
      6286.00   1.9814509e-22
      6287.00   1.9860241e-22
      6288.00   1.9906065e-22
      6289.00   1.9951981e-22
      6290.00   1.9997989e-22
      6291.00   2.0044090e-22
      6292.00   2.0090282e-22
      6293.00   2.0136568e-22
      6294.00   2.0182946e-22
      6295.00   2.0229416e-22
      6296.00   2.0275980e-22
      6297.00   2.0322637e-22
      6298.00   2.0369388e-22
      6299.00   2.0416232e-22
      6300.00   2.0463169e-22
      6301.00   2.0510200e-22
      6302.00   2.0557325e-22
      6303.00   2.0604545e-22
      6304.00   2.0651858e-22
      6305.00   2.0699266e-22
      6306.00   2.0746769e-22
      6307.00   2.0794366e-22
      6308.00   2.0842058e-22
      6309.00   2.0889846e-22
      6310.00   2.0937728e-22
      6311.00   2.0985706e-22
      6312.00   2.1033779e-22
      6313.00   2.1081949e-22
      6314.00   2.1130214e-22
      6315.00   2.1178575e-22
      6316.00   2.1227032e-22
      6317.00   2.1275585e-22
      6318.00   2.1324235e-22
      6319.00   2.1372982e-22
      6320.00   2.1421825e-22
      6321.00   2.1470766e-22
      6322.00   2.1519803e-22
      6323.00   2.1568938e-22
      6324.00   2.1618171e-22
      6325.00   2.1667501e-22
      6326.00   2.1716929e-22
      6327.00   2.1766454e-22
      6328.00   2.1816078e-22
      6329.00   2.1865800e-22
      6330.00   2.1915621e-22
      6331.00   2.1965540e-22
      6332.00   2.2015558e-22
      6333.00   2.2065675e-22
      6334.00   2.2115891e-22
      6335.00   2.2166206e-22
      6336.00   2.2216621e-22
      6337.00   2.2267135e-22
      6338.00   2.2317750e-22
      6339.00   2.2368464e-22
      6340.00   2.2419278e-22
      6341.00   2.2470192e-22
      6342.00   2.2521207e-22
      6343.00   2.2572322e-22
      6344.00   2.2623538e-22
      6345.00   2.2674855e-22
      6346.00   2.2726273e-22
      6347.00   2.2777793e-22
      6348.00   2.2829414e-22
      6349.00   2.2881136e-22
      6350.00   2.2932960e-22
      6351.00   2.2984886e-22
      6352.00   2.3036914e-22
      6353.00   2.3089045e-22
      6354.00   2.3141278e-22
      6355.00   2.3193613e-22
      6356.00   2.3246051e-22
      6357.00   2.3298593e-22
      6358.00   2.3351237e-22
      6359.00   2.3403984e-22
      6360.00   2.3456835e-22
      6361.00   2.3509790e-22
      6362.00   2.3562849e-22
      6363.00   2.3616011e-22
      6364.00   2.3669277e-22
      6365.00   2.3722648e-22
      6366.00   2.3776123e-22
      6367.00   2.3829703e-22
      6368.00   2.3883388e-22
      6369.00   2.3937178e-22
      6370.00   2.3991073e-22
      6371.00   2.4045073e-22
      6372.00   2.4099179e-22
      6373.00   2.4153390e-22
      6374.00   2.4207707e-22
      6375.00   2.4262131e-22
      6376.00   2.4316660e-22
      6377.00   2.4371296e-22
      6378.00   2.4426038e-22
      6379.00   2.4480887e-22
      6380.00   2.4535843e-22
      6381.00   2.4590906e-22
      6382.00   2.4646077e-22
      6383.00   2.4701354e-22
      6384.00   2.4756740e-22
      6385.00   2.4812233e-22
      6386.00   2.4867834e-22
      6387.00   2.4923543e-22
      6388.00   2.4979360e-22
      6389.00   2.5035286e-22
      6390.00   2.5091321e-22
      6391.00   2.5147464e-22
      6392.00   2.5203716e-22
      6393.00   2.5260078e-22
      6394.00   2.5316549e-22
      6395.00   2.5373129e-22
      6396.00   2.5429820e-22
      6397.00   2.5486620e-22
      6398.00   2.5543530e-22
      6399.00   2.5600550e-22
      6400.00   2.5657681e-22
      6401.00   2.5714922e-22
      6402.00   2.5772274e-22
      6403.00   2.5829738e-22
      6404.00   2.5887312e-22
      6405.00   2.5944998e-22
      6406.00   2.6002795e-22
      6407.00   2.6060703e-22
      6408.00   2.6118724e-22
      6409.00   2.6176857e-22
      6410.00   2.6235102e-22
      6411.00   2.6293459e-22
      6412.00   2.6351929e-22
      6413.00   2.6410512e-22
      6414.00   2.6469208e-22
      6415.00   2.6528016e-22
      6416.00   2.6586939e-22
      6417.00   2.6645974e-22
      6418.00   2.6705124e-22
      6419.00   2.6764387e-22
      6420.00   2.6823764e-22
      6421.00   2.6883256e-22
      6422.00   2.6942861e-22
      6423.00   2.7002582e-22
      6424.00   2.7062417e-22
      6425.00   2.7122368e-22
      6426.00   2.7182433e-22
      6427.00   2.7242614e-22
      6428.00   2.7302910e-22
      6429.00   2.7363322e-22
      6430.00   2.7423850e-22
      6431.00   2.7484494e-22
      6432.00   2.7545255e-22
      6433.00   2.7606131e-22
      6434.00   2.7667125e-22
      6435.00   2.7728235e-22
      6436.00   2.7789462e-22
      6437.00   2.7850807e-22
      6438.00   2.7912269e-22
      6439.00   2.7973848e-22
      6440.00   2.8035545e-22
      6441.00   2.8097360e-22
      6442.00   2.8159294e-22
      6443.00   2.8221346e-22
      6444.00   2.8283516e-22
      6445.00   2.8345805e-22
      6446.00   2.8408212e-22
      6447.00   2.8470739e-22
      6448.00   2.8533386e-22
      6449.00   2.8596151e-22
      6450.00   2.8659037e-22
      6451.00   2.8722042e-22
      6452.00   2.8785167e-22
      6453.00   2.8848413e-22
      6454.00   2.8911779e-22
      6455.00   2.8975265e-22
      6456.00   2.9038873e-22
      6457.00   2.9102601e-22
      6458.00   2.9166451e-22
      6459.00   2.9230422e-22
      6460.00   2.9294514e-22
      6461.00   2.9358729e-22
      6462.00   2.9423065e-22
      6463.00   2.9487524e-22
      6464.00   2.9552104e-22
      6465.00   2.9616808e-22
      6466.00   2.9681634e-22
      6467.00   2.9746583e-22
      6468.00   2.9811655e-22
      6469.00   2.9876851e-22
      6470.00   2.9942170e-22
      6471.00   3.0007613e-22
      6472.00   3.0073180e-22
      6473.00   3.0138871e-22
      6474.00   3.0204686e-22
      6475.00   3.0270626e-22
      6476.00   3.0336690e-22
      6477.00   3.0402879e-22
      6478.00   3.0469194e-22
      6479.00   3.0535634e-22
      6480.00   3.0602199e-22
      6481.00   3.0668890e-22
      6482.00   3.0735707e-22
      6483.00   3.0802649e-22
      6484.00   3.0869719e-22
      6485.00   3.0936914e-22
      6486.00   3.1004237e-22
      6487.00   3.1071686e-22
      6488.00   3.1139262e-22
      6489.00   3.1206966e-22
      6490.00   3.1274797e-22
      6491.00   3.1342756e-22
      6492.00   3.1410843e-22
      6493.00   3.1479058e-22
      6494.00   3.1547401e-22
      6495.00   3.1615872e-22
      6496.00   3.1684473e-22
      6497.00   3.1753202e-22
      6498.00   3.1822060e-22
      6499.00   3.1891048e-22
      6500.00   3.1960165e-22
      6501.00   3.2029412e-22
      6502.00   3.2098789e-22
      6503.00   3.2168296e-22
      6504.00   3.2237933e-22
      6505.00   3.2307701e-22
      6506.00   3.2377599e-22
      6507.00   3.2447628e-22
      6508.00   3.2517789e-22
      6509.00   3.2588081e-22
      6510.00   3.2658504e-22
      6511.00   3.2729059e-22
      6512.00   3.2799746e-22
      6513.00   3.2870566e-22
      6514.00   3.2941517e-22
      6515.00   3.3012602e-22
      6516.00   3.3083819e-22
      6517.00   3.3155169e-22
      6518.00   3.3226652e-22
      6519.00   3.3298269e-22
      6520.00   3.3370019e-22
      6521.00   3.3441903e-22
      6522.00   3.3513921e-22
      6523.00   3.3586073e-22
      6524.00   3.3658360e-22
      6525.00   3.3730782e-22
      6526.00   3.3803338e-22
      6527.00   3.3876029e-22
      6528.00   3.3948856e-22
      6529.00   3.4021818e-22
      6530.00   3.4094916e-22
      6531.00   3.4168150e-22
      6532.00   3.4241520e-22
      6533.00   3.4315026e-22
      6534.00   3.4388669e-22
      6535.00   3.4462449e-22
      6536.00   3.4536365e-22
      6537.00   3.4610419e-22
      6538.00   3.4684610e-22
      6539.00   3.4758939e-22
      6540.00   3.4833406e-22
      6541.00   3.4908010e-22
      6542.00   3.4982753e-22
      6543.00   3.5057634e-22
      6544.00   3.5132655e-22
      6545.00   3.5207813e-22
      6546.00   3.5283112e-22
      6547.00   3.5358549e-22
      6548.00   3.5434126e-22
      6549.00   3.5509842e-22
      6550.00   3.5585699e-22
      6551.00   3.5661696e-22
      6552.00   3.5737833e-22
      6553.00   3.5814111e-22
      6554.00   3.5890530e-22
      6555.00   3.5967089e-22
      6556.00   3.6043790e-22
      6557.00   3.6120633e-22
      6558.00   3.6197617e-22
      6559.00   3.6274743e-22
      6560.00   3.6352011e-22
      6561.00   3.6429422e-22
      6562.00   3.6506975e-22
      6563.00   3.6584671e-22
      6564.00   3.6662510e-22
      6565.00   3.6740492e-22
      6566.00   3.6818618e-22
      6567.00   3.6896887e-22
      6568.00   3.6975301e-22
      6569.00   3.7053858e-22
      6570.00   3.7132560e-22
      6571.00   3.7211406e-22
      6572.00   3.7290397e-22
      6573.00   3.7369533e-22
      6574.00   3.7448814e-22
      6575.00   3.7528241e-22
      6576.00   3.7607813e-22
      6577.00   3.7687532e-22
      6578.00   3.7767396e-22
      6579.00   3.7847407e-22
      6580.00   3.7927564e-22
      6581.00   3.8007868e-22
      6582.00   3.8088319e-22
      6583.00   3.8168917e-22
      6584.00   3.8249663e-22
      6585.00   3.8330556e-22
      6586.00   3.8411598e-22
      6587.00   3.8492787e-22
      6588.00   3.8574125e-22
      6589.00   3.8655611e-22
      6590.00   3.8737246e-22
      6591.00   3.8819031e-22
      6592.00   3.8900964e-22
      6593.00   3.8983047e-22
      6594.00   3.9065280e-22
      6595.00   3.9147662e-22
      6596.00   3.9230195e-22
      6597.00   3.9312878e-22
      6598.00   3.9395712e-22
      6599.00   3.9478697e-22
      6600.00   3.9561832e-22
      6601.00   3.9645119e-22
      6602.00   3.9728558e-22
      6603.00   3.9812148e-22
      6604.00   3.9895891e-22
      6605.00   3.9979785e-22
      6606.00   4.0063832e-22
      6607.00   4.0148032e-22
      6608.00   4.0232385e-22
      6609.00   4.0316891e-22
      6610.00   4.0401550e-22
      6611.00   4.0486363e-22
      6612.00   4.0571329e-22
      6613.00   4.0656450e-22
      6614.00   4.0741725e-22
      6615.00   4.0827155e-22
      6616.00   4.0912739e-22
      6617.00   4.0998478e-22
      6618.00   4.1084373e-22
      6619.00   4.1170423e-22
      6620.00   4.1256629e-22
      6621.00   4.1342991e-22
      6622.00   4.1429509e-22
      6623.00   4.1516183e-22
      6624.00   4.1603014e-22
      6625.00   4.1690002e-22
      6626.00   4.1777147e-22
      6627.00   4.1864450e-22
      6628.00   4.1951910e-22
      6629.00   4.2039528e-22
      6630.00   4.2127303e-22
      6631.00   4.2215238e-22
      6632.00   4.2303331e-22
      6633.00   4.2391582e-22
      6634.00   4.2479993e-22
      6635.00   4.2568563e-22
      6636.00   4.2657292e-22
      6637.00   4.2746181e-22
      6638.00   4.2835230e-22
      6639.00   4.2924439e-22
      6640.00   4.3013809e-22
      6641.00   4.3103340e-22
      6642.00   4.3193031e-22
      6643.00   4.3282884e-22
      6644.00   4.3372898e-22
      6645.00   4.3463073e-22
      6646.00   4.3553411e-22
      6647.00   4.3643911e-22
      6648.00   4.3734573e-22
      6649.00   4.3825397e-22
      6650.00   4.3916385e-22
      6651.00   4.4007536e-22
      6652.00   4.4098850e-22
      6653.00   4.4190327e-22
      6654.00   4.4281969e-22
      6655.00   4.4373775e-22
      6656.00   4.4465744e-22
      6657.00   4.4557879e-22
      6658.00   4.4650178e-22
      6659.00   4.4742643e-22
      6660.00   4.4835272e-22
      6661.00   4.4928068e-22
      6662.00   4.5021029e-22
      6663.00   4.5114156e-22
      6664.00   4.5207449e-22
      6665.00   4.5300909e-22
      6666.00   4.5394536e-22
      6667.00   4.5488330e-22
      6668.00   4.5582291e-22
      6669.00   4.5676420e-22
      6670.00   4.5770716e-22
      6671.00   4.5865180e-22
      6672.00   4.5959813e-22
      6673.00   4.6054614e-22
      6674.00   4.6149584e-22
      6675.00   4.6244723e-22
      6676.00   4.6340032e-22
      6677.00   4.6435510e-22
      6678.00   4.6531157e-22
      6679.00   4.6626975e-22
      6680.00   4.6722963e-22
      6681.00   4.6819121e-22
      6682.00   4.6915451e-22
      6683.00   4.7011951e-22
      6684.00   4.7108623e-22
      6685.00   4.7205466e-22
      6686.00   4.7302481e-22
      6687.00   4.7399668e-22
      6688.00   4.7497027e-22
      6689.00   4.7594559e-22
      6690.00   4.7692263e-22
      6691.00   4.7790141e-22
      6692.00   4.7888192e-22
      6693.00   4.7986417e-22
      6694.00   4.8084815e-22
      6695.00   4.8183388e-22
      6696.00   4.8282134e-22
      6697.00   4.8381056e-22
      6698.00   4.8480152e-22
      6699.00   4.8579424e-22
      6700.00   4.8678870e-22
      6701.00   4.8778493e-22
      6702.00   4.8878291e-22
      6703.00   4.8978265e-22
      6704.00   4.9078416e-22
      6705.00   4.9178744e-22
      6706.00   4.9279248e-22
      6707.00   4.9379930e-22
      6708.00   4.9480789e-22
      6709.00   4.9581825e-22
      6710.00   4.9683040e-22
      6711.00   4.9784433e-22
      6712.00   4.9886004e-22
      6713.00   4.9987754e-22
      6714.00   5.0089683e-22
      6715.00   5.0191791e-22
      6716.00   5.0294079e-22
      6717.00   5.0396547e-22
      6718.00   5.0499194e-22
      6719.00   5.0602022e-22
      6720.00   5.0705030e-22
      6721.00   5.0808220e-22
      6722.00   5.0911590e-22
      6723.00   5.1015142e-22
      6724.00   5.1118875e-22
      6725.00   5.1222790e-22
      6726.00   5.1326888e-22
      6727.00   5.1431168e-22
      6728.00   5.1535630e-22
      6729.00   5.1640276e-22
      6730.00   5.1745104e-22
      6731.00   5.1850116e-22
      6732.00   5.1955312e-22
      6733.00   5.2060692e-22
      6734.00   5.2166256e-22
      6735.00   5.2272005e-22
      6736.00   5.2377938e-22
      6737.00   5.2484057e-22
      6738.00   5.2590361e-22
      6739.00   5.2696850e-22
      6740.00   5.2803526e-22
      6741.00   5.2910387e-22
      6742.00   5.3017435e-22
      6743.00   5.3124670e-22
      6744.00   5.3232092e-22
      6745.00   5.3339701e-22
      6746.00   5.3447497e-22
      6747.00   5.3555481e-22
      6748.00   5.3663654e-22
      6749.00   5.3772014e-22
      6750.00   5.3880563e-22
      6751.00   5.3989301e-22
      6752.00   5.4098228e-22
      6753.00   5.4207345e-22
      6754.00   5.4316651e-22
      6755.00   5.4426147e-22
      6756.00   5.4535834e-22
      6757.00   5.4645710e-22
      6758.00   5.4755778e-22
      6759.00   5.4866037e-22
      6760.00   5.4976487e-22
      6761.00   5.5087129e-22
      6762.00   5.5197962e-22
      6763.00   5.5308988e-22
      6764.00   5.5420206e-22
      6765.00   5.5531617e-22
      6766.00   5.5643220e-22
      6767.00   5.5755017e-22
      6768.00   5.5867008e-22
      6769.00   5.5979192e-22
      6770.00   5.6091571e-22
      6771.00   5.6204144e-22
      6772.00   5.6316911e-22
      6773.00   5.6429874e-22
      6774.00   5.6543031e-22
      6775.00   5.6656384e-22
      6776.00   5.6769933e-22
      6777.00   5.6883678e-22
      6778.00   5.6997619e-22
      6779.00   5.7111757e-22
      6780.00   5.7226092e-22
      6781.00   5.7340624e-22
      6782.00   5.7455353e-22
      6783.00   5.7570280e-22
      6784.00   5.7685405e-22
      6785.00   5.7800729e-22
      6786.00   5.7916251e-22
      6787.00   5.8031971e-22
      6788.00   5.8147891e-22
      6789.00   5.8264011e-22
      6790.00   5.8380330e-22
      6791.00   5.8496849e-22
      6792.00   5.8613568e-22
      6793.00   5.8730488e-22
      6794.00   5.8847609e-22
      6795.00   5.8964931e-22
      6796.00   5.9082455e-22
      6797.00   5.9200180e-22
      6798.00   5.9318107e-22
      6799.00   5.9436236e-22
      6800.00   5.9554568e-22
      6801.00   5.9673103e-22
      6802.00   5.9791841e-22
      6803.00   5.9910782e-22
      6804.00   6.0029927e-22
      6805.00   6.0149277e-22
      6806.00   6.0268830e-22
      6807.00   6.0388588e-22
      6808.00   6.0508551e-22
      6809.00   6.0628719e-22
      6810.00   6.0749093e-22
      6811.00   6.0869672e-22
      6812.00   6.0990457e-22
      6813.00   6.1111449e-22
      6814.00   6.1232647e-22
      6815.00   6.1354053e-22
      6816.00   6.1475665e-22
      6817.00   6.1597485e-22
      6818.00   6.1719513e-22
      6819.00   6.1841749e-22
      6820.00   6.1964193e-22
      6821.00   6.2086846e-22
      6822.00   6.2209708e-22
      6823.00   6.2332779e-22
      6824.00   6.2456060e-22
      6825.00   6.2579550e-22
      6826.00   6.2703251e-22
      6827.00   6.2827162e-22
      6828.00   6.2951284e-22
      6829.00   6.3075617e-22
      6830.00   6.3200161e-22
      6831.00   6.3324917e-22
      6832.00   6.3449885e-22
      6833.00   6.3575065e-22
      6834.00   6.3700458e-22
      6835.00   6.3826064e-22
      6836.00   6.3951882e-22
      6837.00   6.4077914e-22
      6838.00   6.4204160e-22
      6839.00   6.4330620e-22
      6840.00   6.4457294e-22
      6841.00   6.4584183e-22
      6842.00   6.4711286e-22
      6843.00   6.4838605e-22
      6844.00   6.4966140e-22
      6845.00   6.5093890e-22
      6846.00   6.5221856e-22
      6847.00   6.5350039e-22
      6848.00   6.5478439e-22
      6849.00   6.5607055e-22
      6850.00   6.5735889e-22
      6851.00   6.5864941e-22
      6852.00   6.5994210e-22
      6853.00   6.6123698e-22
      6854.00   6.6253404e-22
      6855.00   6.6383330e-22
      6856.00   6.6513474e-22
      6857.00   6.6643838e-22
      6858.00   6.6774422e-22
      6859.00   6.6905225e-22
      6860.00   6.7036250e-22
      6861.00   6.7167494e-22
      6862.00   6.7298960e-22
      6863.00   6.7430647e-22
      6864.00   6.7562556e-22
      6865.00   6.7694687e-22
      6866.00   6.7827040e-22
      6867.00   6.7959615e-22
      6868.00   6.8092414e-22
      6869.00   6.8225435e-22
      6870.00   6.8358680e-22
      6871.00   6.8492149e-22
      6872.00   6.8625842e-22
      6873.00   6.8759760e-22
      6874.00   6.8893902e-22
      6875.00   6.9028269e-22
      6876.00   6.9162861e-22
      6877.00   6.9297679e-22
      6878.00   6.9432723e-22
      6879.00   6.9567994e-22
      6880.00   6.9703491e-22
      6881.00   6.9839214e-22
      6882.00   6.9975166e-22
      6883.00   7.0111344e-22
      6884.00   7.0247751e-22
      6885.00   7.0384385e-22
      6886.00   7.0521248e-22
      6887.00   7.0658340e-22
      6888.00   7.0795661e-22
      6889.00   7.0933212e-22
      6890.00   7.1070992e-22
      6891.00   7.1209002e-22
      6892.00   7.1347243e-22
      6893.00   7.1485714e-22
      6894.00   7.1624417e-22
      6895.00   7.1763350e-22
      6896.00   7.1902516e-22
      6897.00   7.2041913e-22
      6898.00   7.2181543e-22
      6899.00   7.2321405e-22
      6900.00   7.2461500e-22
      6901.00   7.2601829e-22
      6902.00   7.2742391e-22
      6903.00   7.2883186e-22
      6904.00   7.3024217e-22
      6905.00   7.3165481e-22
      6906.00   7.3306981e-22
      6907.00   7.3448715e-22
      6908.00   7.3590685e-22
      6909.00   7.3732891e-22
      6910.00   7.3875334e-22
      6911.00   7.4018012e-22
      6912.00   7.4160928e-22
      6913.00   7.4304080e-22
      6914.00   7.4447470e-22
      6915.00   7.4591098e-22
      6916.00   7.4734964e-22
      6917.00   7.4879068e-22
      6918.00   7.5023411e-22
      6919.00   7.5167993e-22
      6920.00   7.5312815e-22
      6921.00   7.5457876e-22
      6922.00   7.5603177e-22
      6923.00   7.5748719e-22
      6924.00   7.5894501e-22
      6925.00   7.6040525e-22
      6926.00   7.6186789e-22
      6927.00   7.6333296e-22
      6928.00   7.6480044e-22
      6929.00   7.6627035e-22
      6930.00   7.6774269e-22
      6931.00   7.6921745e-22
      6932.00   7.7069465e-22
      6933.00   7.7217429e-22
      6934.00   7.7365636e-22
      6935.00   7.7514088e-22
      6936.00   7.7662785e-22
      6937.00   7.7811727e-22
      6938.00   7.7960914e-22
      6939.00   7.8110346e-22
      6940.00   7.8260025e-22
      6941.00   7.8409950e-22
      6942.00   7.8560122e-22
      6943.00   7.8710540e-22
      6944.00   7.8861206e-22
      6945.00   7.9012120e-22
      6946.00   7.9163282e-22
      6947.00   7.9314692e-22
      6948.00   7.9466350e-22
      6949.00   7.9618258e-22
      6950.00   7.9770415e-22
      6951.00   7.9922822e-22
      6952.00   8.0075479e-22
      6953.00   8.0228386e-22
      6954.00   8.0381544e-22
      6955.00   8.0534953e-22
      6956.00   8.0688614e-22
      6957.00   8.0842526e-22
      6958.00   8.0996690e-22
      6959.00   8.1151107e-22
      6960.00   8.1305776e-22
      6961.00   8.1460699e-22
      6962.00   8.1615874e-22
      6963.00   8.1771304e-22
      6964.00   8.1926988e-22
      6965.00   8.2082926e-22
      6966.00   8.2239119e-22
      6967.00   8.2395567e-22
      6968.00   8.2552271e-22
      6969.00   8.2709231e-22
      6970.00   8.2866446e-22
      6971.00   8.3023919e-22
      6972.00   8.3181648e-22
      6973.00   8.3339634e-22
      6974.00   8.3497878e-22
      6975.00   8.3656380e-22
      6976.00   8.3815140e-22
      6977.00   8.3974158e-22
      6978.00   8.4133436e-22
      6979.00   8.4292973e-22
      6980.00   8.4452769e-22
      6981.00   8.4612826e-22
      6982.00   8.4773142e-22
      6983.00   8.4933720e-22
      6984.00   8.5094558e-22
      6985.00   8.5255658e-22
      6986.00   8.5417020e-22
      6987.00   8.5578644e-22
      6988.00   8.5740530e-22
      6989.00   8.5902679e-22
      6990.00   8.6065091e-22
      6991.00   8.6227766e-22
      6992.00   8.6390706e-22
      6993.00   8.6553909e-22
      6994.00   8.6717378e-22
      6995.00   8.6881111e-22
      6996.00   8.7045109e-22
      6997.00   8.7209373e-22
      6998.00   8.7373903e-22
      6999.00   8.7538699e-22
      7000.00   8.7703761e-22
      7001.00   8.7869091e-22
      7002.00   8.8034688e-22
      7003.00   8.8200553e-22
      7004.00   8.8366686e-22
      7005.00   8.8533088e-22
      7006.00   8.8699758e-22
      7007.00   8.8866698e-22
      7008.00   8.9033907e-22
      7009.00   8.9201385e-22
      7010.00   8.9369134e-22
      7011.00   8.9537154e-22
      7012.00   8.9705445e-22
      7013.00   8.9874007e-22
      7014.00   9.0042840e-22
      7015.00   9.0211946e-22
      7016.00   9.0381324e-22
      7017.00   9.0550975e-22
      7018.00   9.0720899e-22
      7019.00   9.0891096e-22
      7020.00   9.1061567e-22
      7021.00   9.1232313e-22
      7022.00   9.1403333e-22
      7023.00   9.1574627e-22
      7024.00   9.1746198e-22
      7025.00   9.1918043e-22
      7026.00   9.2090165e-22
      7027.00   9.2262564e-22
      7028.00   9.2435239e-22
      7029.00   9.2608191e-22
      7030.00   9.2781420e-22
      7031.00   9.2954928e-22
      7032.00   9.3128713e-22
      7033.00   9.3302778e-22
      7034.00   9.3477121e-22
      7035.00   9.3651743e-22
      7036.00   9.3826645e-22
      7037.00   9.4001828e-22
      7038.00   9.4177290e-22
      7039.00   9.4353034e-22
      7040.00   9.4529058e-22
      7041.00   9.4705364e-22
      7042.00   9.4881952e-22
      7043.00   9.5058823e-22
      7044.00   9.5235976e-22
      7045.00   9.5413412e-22
      7046.00   9.5591131e-22
      7047.00   9.5769134e-22
      7048.00   9.5947421e-22
      7049.00   9.6125993e-22
      7050.00   9.6304849e-22
      7051.00   9.6483991e-22
      7052.00   9.6663419e-22
      7053.00   9.6843132e-22
      7054.00   9.7023132e-22
      7055.00   9.7203418e-22
      7056.00   9.7383992e-22
      7057.00   9.7564853e-22
      7058.00   9.7746002e-22
      7059.00   9.7927439e-22
      7060.00   9.8109165e-22
      7061.00   9.8291180e-22
      7062.00   9.8473485e-22
      7063.00   9.8656079e-22
      7064.00   9.8838963e-22
      7065.00   9.9022137e-22
      7066.00   9.9205603e-22
      7067.00   9.9389360e-22
      7068.00   9.9573408e-22
      7069.00   9.9757749e-22
      7070.00   9.9942382e-22
      7071.00   1.0012731e-21
      7072.00   1.0031253e-21
      7073.00   1.0049804e-21
      7074.00   1.0068385e-21
      7075.00   1.0086995e-21
      7076.00   1.0105634e-21
      7077.00   1.0124303e-21
      7078.00   1.0143002e-21
      7079.00   1.0161730e-21
      7080.00   1.0180488e-21
      7081.00   1.0199275e-21
      7082.00   1.0218092e-21
      7083.00   1.0236939e-21
      7084.00   1.0255816e-21
      7085.00   1.0274723e-21
      7086.00   1.0293659e-21
      7087.00   1.0312625e-21
      7088.00   1.0331621e-21
      7089.00   1.0350648e-21
      7090.00   1.0369704e-21
      7091.00   1.0388790e-21
      7092.00   1.0407906e-21
      7093.00   1.0427053e-21
      7094.00   1.0446229e-21
      7095.00   1.0465436e-21
      7096.00   1.0484673e-21
      7097.00   1.0503941e-21
      7098.00   1.0523238e-21
      7099.00   1.0542566e-21
      7100.00   1.0561925e-21
      7101.00   1.0581314e-21
      7102.00   1.0600733e-21
      7103.00   1.0620183e-21
      7104.00   1.0639663e-21
      7105.00   1.0659174e-21
      7106.00   1.0678716e-21
      7107.00   1.0698288e-21
      7108.00   1.0717891e-21
      7109.00   1.0737525e-21
      7110.00   1.0757190e-21
      7111.00   1.0776885e-21
      7112.00   1.0796611e-21
      7113.00   1.0816369e-21
      7114.00   1.0836157e-21
      7115.00   1.0855976e-21
      7116.00   1.0875826e-21
      7117.00   1.0895707e-21
      7118.00   1.0915620e-21
      7119.00   1.0935563e-21
      7120.00   1.0955538e-21
      7121.00   1.0975544e-21
      7122.00   1.0995581e-21
      7123.00   1.1015650e-21
      7124.00   1.1035750e-21
      7125.00   1.1055881e-21
      7126.00   1.1076044e-21
      7127.00   1.1096238e-21
      7128.00   1.1116464e-21
      7129.00   1.1136721e-21
      7130.00   1.1157010e-21
      7131.00   1.1177331e-21
      7132.00   1.1197683e-21
      7133.00   1.1218067e-21
      7134.00   1.1238482e-21
      7135.00   1.1258930e-21
      7136.00   1.1279409e-21
      7137.00   1.1299920e-21
      7138.00   1.1320463e-21
      7139.00   1.1341038e-21
      7140.00   1.1361645e-21
      7141.00   1.1382285e-21
      7142.00   1.1402956e-21
      7143.00   1.1423659e-21
      7144.00   1.1444395e-21
      7145.00   1.1465162e-21
      7146.00   1.1485962e-21
      7147.00   1.1506794e-21
      7148.00   1.1527659e-21
      7149.00   1.1548556e-21
      7150.00   1.1569485e-21
      7151.00   1.1590447e-21
      7152.00   1.1611441e-21
      7153.00   1.1632468e-21
      7154.00   1.1653527e-21
      7155.00   1.1674619e-21
      7156.00   1.1695744e-21
      7157.00   1.1716901e-21
      7158.00   1.1738092e-21
      7159.00   1.1759314e-21
      7160.00   1.1780570e-21
      7161.00   1.1801859e-21
      7162.00   1.1823180e-21
      7163.00   1.1844535e-21
      7164.00   1.1865922e-21
      7165.00   1.1887342e-21
      7166.00   1.1908796e-21
      7167.00   1.1930283e-21
      7168.00   1.1951802e-21
      7169.00   1.1973355e-21
      7170.00   1.1994942e-21
      7171.00   1.2016561e-21
      7172.00   1.2038214e-21
      7173.00   1.2059900e-21
      7174.00   1.2081620e-21
      7175.00   1.2103373e-21
      7176.00   1.2125160e-21
      7177.00   1.2146980e-21
      7178.00   1.2168833e-21
      7179.00   1.2190721e-21
      7180.00   1.2212642e-21
      7181.00   1.2234596e-21
      7182.00   1.2256585e-21
      7183.00   1.2278607e-21
      7184.00   1.2300663e-21
      7185.00   1.2322753e-21
      7186.00   1.2344877e-21
      7187.00   1.2367035e-21
      7188.00   1.2389227e-21
      7189.00   1.2411452e-21
      7190.00   1.2433712e-21
      7191.00   1.2456007e-21
      7192.00   1.2478335e-21
      7193.00   1.2500697e-21
      7194.00   1.2523094e-21
      7195.00   1.2545525e-21
      7196.00   1.2567991e-21
      7197.00   1.2590490e-21
      7198.00   1.2613025e-21
      7199.00   1.2635593e-21
      7200.00   1.2658196e-21
      7201.00   1.2680834e-21
      7202.00   1.2703507e-21
      7203.00   1.2726214e-21
      7204.00   1.2748955e-21
      7205.00   1.2771732e-21
      7206.00   1.2794543e-21
      7207.00   1.2817389e-21
      7208.00   1.2840270e-21
      7209.00   1.2863186e-21
      7210.00   1.2886137e-21
      7211.00   1.2909123e-21
      7212.00   1.2932144e-21
      7213.00   1.2955199e-21
      7214.00   1.2978291e-21
      7215.00   1.3001417e-21
      7216.00   1.3024578e-21
      7217.00   1.3047775e-21
      7218.00   1.3071007e-21
      7219.00   1.3094274e-21
      7220.00   1.3117577e-21
      7221.00   1.3140915e-21
      7222.00   1.3164289e-21
      7223.00   1.3187698e-21
      7224.00   1.3211143e-21
      7225.00   1.3234623e-21
      7226.00   1.3258139e-21
      7227.00   1.3281691e-21
      7228.00   1.3305278e-21
      7229.00   1.3328902e-21
      7230.00   1.3352561e-21
      7231.00   1.3376256e-21
      7232.00   1.3399987e-21
      7233.00   1.3423753e-21
      7234.00   1.3447556e-21
      7235.00   1.3471395e-21
      7236.00   1.3495270e-21
      7237.00   1.3519181e-21
      7238.00   1.3543129e-21
      7239.00   1.3567112e-21
      7240.00   1.3591132e-21
      7241.00   1.3615189e-21
      7242.00   1.3639281e-21
      7243.00   1.3663410e-21
      7244.00   1.3687576e-21
      7245.00   1.3711778e-21
      7246.00   1.3736016e-21
      7247.00   1.3760291e-21
      7248.00   1.3784603e-21
      7249.00   1.3808951e-21
      7250.00   1.3833336e-21
      7251.00   1.3857758e-21
      7252.00   1.3882217e-21
      7253.00   1.3906713e-21
      7254.00   1.3931245e-21
      7255.00   1.3955815e-21
      7256.00   1.3980421e-21
      7257.00   1.4005065e-21
      7258.00   1.4029745e-21
      7259.00   1.4054463e-21
      7260.00   1.4079218e-21
      7261.00   1.4104010e-21
      7262.00   1.4128840e-21
      7263.00   1.4153707e-21
      7264.00   1.4178611e-21
      7265.00   1.4203552e-21
      7266.00   1.4228531e-21
      7267.00   1.4253548e-21
      7268.00   1.4278602e-21
      7269.00   1.4303694e-21
      7270.00   1.4328823e-21
      7271.00   1.4353990e-21
      7272.00   1.4379195e-21
      7273.00   1.4404437e-21
      7274.00   1.4429718e-21
      7275.00   1.4455036e-21
      7276.00   1.4480392e-21
      7277.00   1.4505786e-21
      7278.00   1.4531219e-21
      7279.00   1.4556689e-21
      7280.00   1.4582197e-21
      7281.00   1.4607744e-21
      7282.00   1.4633328e-21
      7283.00   1.4658951e-21
      7284.00   1.4684612e-21
      7285.00   1.4710312e-21
      7286.00   1.4736050e-21
      7287.00   1.4761826e-21
      7288.00   1.4787641e-21
      7289.00   1.4813494e-21
      7290.00   1.4839386e-21
      7291.00   1.4865317e-21
      7292.00   1.4891286e-21
      7293.00   1.4917294e-21
      7294.00   1.4943341e-21
      7295.00   1.4969426e-21
      7296.00   1.4995551e-21
      7297.00   1.5021714e-21
      7298.00   1.5047916e-21
      7299.00   1.5074158e-21
      7300.00   1.5100438e-21
      7301.00   1.5126757e-21
      7302.00   1.5153116e-21
      7303.00   1.5179514e-21
      7304.00   1.5205951e-21
      7305.00   1.5232427e-21
      7306.00   1.5258942e-21
      7307.00   1.5285497e-21
      7308.00   1.5312092e-21
      7309.00   1.5338726e-21
      7310.00   1.5365399e-21
      7311.00   1.5392112e-21
      7312.00   1.5418864e-21
      7313.00   1.5445657e-21
      7314.00   1.5472489e-21
      7315.00   1.5499360e-21
      7316.00   1.5526272e-21
      7317.00   1.5553223e-21
      7318.00   1.5580215e-21
      7319.00   1.5607246e-21
      7320.00   1.5634317e-21
      7321.00   1.5661428e-21
      7322.00   1.5688580e-21
      7323.00   1.5715771e-21
      7324.00   1.5743003e-21
      7325.00   1.5770275e-21
      7326.00   1.5797587e-21
      7327.00   1.5824940e-21
      7328.00   1.5852333e-21
      7329.00   1.5879766e-21
      7330.00   1.5907240e-21
      7331.00   1.5934755e-21
      7332.00   1.5962310e-21
      7333.00   1.5989905e-21
      7334.00   1.6017542e-21
      7335.00   1.6045219e-21
      7336.00   1.6072937e-21
      7337.00   1.6100695e-21
      7338.00   1.6128495e-21
      7339.00   1.6156335e-21
      7340.00   1.6184217e-21
      7341.00   1.6212139e-21
      7342.00   1.6240103e-21
      7343.00   1.6268108e-21
      7344.00   1.6296154e-21
      7345.00   1.6324241e-21
      7346.00   1.6352369e-21
      7347.00   1.6380539e-21
      7348.00   1.6408750e-21
      7349.00   1.6437002e-21
      7350.00   1.6465296e-21
      7351.00   1.6493632e-21
      7352.00   1.6522009e-21
      7353.00   1.6550428e-21
      7354.00   1.6578888e-21
      7355.00   1.6607390e-21
      7356.00   1.6635934e-21
      7357.00   1.6664519e-21
      7358.00   1.6693147e-21
      7359.00   1.6721816e-21
      7360.00   1.6750528e-21
      7361.00   1.6779281e-21
      7362.00   1.6808077e-21
      7363.00   1.6836914e-21
      7364.00   1.6865794e-21
      7365.00   1.6894716e-21
      7366.00   1.6923680e-21
      7367.00   1.6952687e-21
      7368.00   1.6981736e-21
      7369.00   1.7010827e-21
      7370.00   1.7039961e-21
      7371.00   1.7069137e-21
      7372.00   1.7098356e-21
      7373.00   1.7127618e-21
      7374.00   1.7156922e-21
      7375.00   1.7186269e-21
      7376.00   1.7215659e-21
      7377.00   1.7245091e-21
      7378.00   1.7274567e-21
      7379.00   1.7304085e-21
      7380.00   1.7333646e-21
      7381.00   1.7363251e-21
      7382.00   1.7392898e-21
      7383.00   1.7422589e-21
      7384.00   1.7452323e-21
      7385.00   1.7482100e-21
      7386.00   1.7511920e-21
      7387.00   1.7541783e-21
      7388.00   1.7571690e-21
      7389.00   1.7601641e-21
      7390.00   1.7631635e-21
      7391.00   1.7661672e-21
      7392.00   1.7691753e-21
      7393.00   1.7721878e-21
      7394.00   1.7752046e-21
      7395.00   1.7782258e-21
      7396.00   1.7812514e-21
      7397.00   1.7842814e-21
      7398.00   1.7873158e-21
      7399.00   1.7903545e-21
      7400.00   1.7933977e-21
      7401.00   1.7964453e-21
      7402.00   1.7994972e-21
      7403.00   1.8025536e-21
      7404.00   1.8056145e-21
      7405.00   1.8086797e-21
      7406.00   1.8117494e-21
      7407.00   1.8148235e-21
      7408.00   1.8179020e-21
      7409.00   1.8209850e-21
      7410.00   1.8240725e-21
      7411.00   1.8271644e-21
      7412.00   1.8302608e-21
      7413.00   1.8333616e-21
      7414.00   1.8364669e-21
      7415.00   1.8395767e-21
      7416.00   1.8426910e-21
      7417.00   1.8458098e-21
      7418.00   1.8489330e-21
      7419.00   1.8520608e-21
      7420.00   1.8551931e-21
      7421.00   1.8583298e-21
      7422.00   1.8614711e-21
      7423.00   1.8646170e-21
      7424.00   1.8677673e-21
      7425.00   1.8709222e-21
      7426.00   1.8740816e-21
      7427.00   1.8772455e-21
      7428.00   1.8804140e-21
      7429.00   1.8835871e-21
      7430.00   1.8867647e-21
      7431.00   1.8899469e-21
      7432.00   1.8931336e-21
      7433.00   1.8963249e-21
      7434.00   1.8995208e-21
      7435.00   1.9027213e-21
      7436.00   1.9059263e-21
      7437.00   1.9091360e-21
      7438.00   1.9123503e-21
      7439.00   1.9155691e-21
      7440.00   1.9187926e-21
      7441.00   1.9220207e-21
      7442.00   1.9252534e-21
      7443.00   1.9284908e-21
      7444.00   1.9317328e-21
      7445.00   1.9349794e-21
      7446.00   1.9382306e-21
      7447.00   1.9414866e-21
      7448.00   1.9447471e-21
      7449.00   1.9480124e-21
      7450.00   1.9512822e-21
      7451.00   1.9545568e-21
      7452.00   1.9578360e-21
      7453.00   1.9611200e-21
      7454.00   1.9644086e-21
      7455.00   1.9677019e-21
      7456.00   1.9709999e-21
      7457.00   1.9743026e-21
      7458.00   1.9776100e-21
      7459.00   1.9809221e-21
      7460.00   1.9842389e-21
      7461.00   1.9875605e-21
      7462.00   1.9908868e-21
      7463.00   1.9942178e-21
      7464.00   1.9975536e-21
      7465.00   2.0008941e-21
      7466.00   2.0042394e-21
      7467.00   2.0075895e-21
      7468.00   2.0109442e-21
      7469.00   2.0143038e-21
      7470.00   2.0176682e-21
      7471.00   2.0210373e-21
      7472.00   2.0244112e-21
      7473.00   2.0277899e-21
      7474.00   2.0311734e-21
      7475.00   2.0345617e-21
      7476.00   2.0379548e-21
      7477.00   2.0413527e-21
      7478.00   2.0447554e-21
      7479.00   2.0481630e-21
      7480.00   2.0515754e-21
      7481.00   2.0549926e-21
      7482.00   2.0584147e-21
      7483.00   2.0618416e-21
      7484.00   2.0652733e-21
      7485.00   2.0687100e-21
      7486.00   2.0721514e-21
      7487.00   2.0755978e-21
      7488.00   2.0790490e-21
      7489.00   2.0825051e-21
      7490.00   2.0859661e-21
      7491.00   2.0894320e-21
      7492.00   2.0929028e-21
      7493.00   2.0963785e-21
      7494.00   2.0998591e-21
      7495.00   2.1033446e-21
      7496.00   2.1068350e-21
      7497.00   2.1103303e-21
      7498.00   2.1138306e-21
      7499.00   2.1173358e-21
      7500.00   2.1208460e-21
      7501.00   2.1243611e-21
      7502.00   2.1278812e-21
      7503.00   2.1314062e-21
      7504.00   2.1349362e-21
      7505.00   2.1384711e-21
      7506.00   2.1420110e-21
      7507.00   2.1455560e-21
      7508.00   2.1491059e-21
      7509.00   2.1526607e-21
      7510.00   2.1562206e-21
      7511.00   2.1597855e-21
      7512.00   2.1633554e-21
      7513.00   2.1669303e-21
      7514.00   2.1705103e-21
      7515.00   2.1740952e-21
      7516.00   2.1776852e-21
      7517.00   2.1812803e-21
      7518.00   2.1848804e-21
      7519.00   2.1884855e-21
      7520.00   2.1920957e-21
      7521.00   2.1957109e-21
      7522.00   2.1993313e-21
      7523.00   2.2029566e-21
      7524.00   2.2065871e-21
      7525.00   2.2102227e-21
      7526.00   2.2138633e-21
      7527.00   2.2175090e-21
      7528.00   2.2211599e-21
      7529.00   2.2248158e-21
      7530.00   2.2284769e-21
      7531.00   2.2321431e-21
      7532.00   2.2358144e-21
      7533.00   2.2394908e-21
      7534.00   2.2431724e-21
      7535.00   2.2468591e-21
      7536.00   2.2505510e-21
      7537.00   2.2542480e-21
      7538.00   2.2579502e-21
      7539.00   2.2616575e-21
      7540.00   2.2653700e-21
      7541.00   2.2690877e-21
      7542.00   2.2728106e-21
      7543.00   2.2765387e-21
      7544.00   2.2802719e-21
      7545.00   2.2840104e-21
      7546.00   2.2877541e-21
      7547.00   2.2915029e-21
      7548.00   2.2952570e-21
      7549.00   2.2990164e-21
      7550.00   2.3027809e-21
      7551.00   2.3065507e-21
      7552.00   2.3103258e-21
      7553.00   2.3141060e-21
      7554.00   2.3178916e-21
      7555.00   2.3216824e-21
      7556.00   2.3254784e-21
      7557.00   2.3292798e-21
      7558.00   2.3330864e-21
      7559.00   2.3368983e-21
      7560.00   2.3407154e-21
      7561.00   2.3445379e-21
      7562.00   2.3483657e-21
      7563.00   2.3521988e-21
      7564.00   2.3560372e-21
      7565.00   2.3598809e-21
      7566.00   2.3637300e-21
      7567.00   2.3675843e-21
      7568.00   2.3714440e-21
      7569.00   2.3753091e-21
      7570.00   2.3791795e-21
      7571.00   2.3830553e-21
      7572.00   2.3869364e-21
      7573.00   2.3908229e-21
      7574.00   2.3947147e-21
      7575.00   2.3986120e-21
      7576.00   2.4025146e-21
      7577.00   2.4064226e-21
      7578.00   2.4103360e-21
      7579.00   2.4142549e-21
      7580.00   2.4181791e-21
      7581.00   2.4221087e-21
      7582.00   2.4260438e-21
      7583.00   2.4299843e-21
      7584.00   2.4339302e-21
      7585.00   2.4378816e-21
      7586.00   2.4418384e-21
      7587.00   2.4458006e-21
      7588.00   2.4497684e-21
      7589.00   2.4537415e-21
      7590.00   2.4577202e-21
      7591.00   2.4617043e-21
      7592.00   2.4656939e-21
      7593.00   2.4696890e-21
      7594.00   2.4736896e-21
      7595.00   2.4776957e-21
      7596.00   2.4817073e-21
      7597.00   2.4857244e-21
      7598.00   2.4897471e-21
      7599.00   2.4937752e-21
      7600.00   2.4978089e-21
      7601.00   2.5018481e-21
      7602.00   2.5058929e-21
      7603.00   2.5099432e-21
      7604.00   2.5139991e-21
      7605.00   2.5180605e-21
      7606.00   2.5221275e-21
      7607.00   2.5262001e-21
      7608.00   2.5302783e-21
      7609.00   2.5343620e-21
      7610.00   2.5384514e-21
      7611.00   2.5425463e-21
      7612.00   2.5466468e-21
      7613.00   2.5507530e-21
      7614.00   2.5548648e-21
      7615.00   2.5589822e-21
      7616.00   2.5631052e-21
      7617.00   2.5672338e-21
      7618.00   2.5713682e-21
      7619.00   2.5755081e-21
      7620.00   2.5796537e-21
      7621.00   2.5838050e-21
      7622.00   2.5879619e-21
      7623.00   2.5921245e-21
      7624.00   2.5962928e-21
      7625.00   2.6004668e-21
      7626.00   2.6046465e-21
      7627.00   2.6088318e-21
      7628.00   2.6130229e-21
      7629.00   2.6172197e-21
      7630.00   2.6214222e-21
      7631.00   2.6256304e-21
      7632.00   2.6298443e-21
      7633.00   2.6340640e-21
      7634.00   2.6382895e-21
      7635.00   2.6425206e-21
      7636.00   2.6467576e-21
      7637.00   2.6510003e-21
      7638.00   2.6552488e-21
      7639.00   2.6595030e-21
      7640.00   2.6637630e-21
      7641.00   2.6680288e-21
      7642.00   2.6723004e-21
      7643.00   2.6765778e-21
      7644.00   2.6808610e-21
      7645.00   2.6851501e-21
      7646.00   2.6894449e-21
      7647.00   2.6937456e-21
      7648.00   2.6980521e-21
      7649.00   2.7023644e-21
      7650.00   2.7066826e-21
      7651.00   2.7110066e-21
      7652.00   2.7153365e-21
      7653.00   2.7196722e-21
      7654.00   2.7240139e-21
      7655.00   2.7283614e-21
      7656.00   2.7327147e-21
      7657.00   2.7370740e-21
      7658.00   2.7414392e-21
      7659.00   2.7458102e-21
      7660.00   2.7501872e-21
      7661.00   2.7545701e-21
      7662.00   2.7589589e-21
      7663.00   2.7633537e-21
      7664.00   2.7677543e-21
      7665.00   2.7721609e-21
      7666.00   2.7765735e-21
      7667.00   2.7809920e-21
      7668.00   2.7854165e-21
      7669.00   2.7898469e-21
      7670.00   2.7942834e-21
      7671.00   2.7987258e-21
      7672.00   2.8031741e-21
      7673.00   2.8076285e-21
      7674.00   2.8120889e-21
      7675.00   2.8165553e-21
      7676.00   2.8210277e-21
      7677.00   2.8255061e-21
      7678.00   2.8299905e-21
      7679.00   2.8344810e-21
      7680.00   2.8389775e-21
      7681.00   2.8434801e-21
      7682.00   2.8479887e-21
      7683.00   2.8525033e-21
      7684.00   2.8570241e-21
      7685.00   2.8615509e-21
      7686.00   2.8660837e-21
      7687.00   2.8706227e-21
      7688.00   2.8751677e-21
      7689.00   2.8797189e-21
      7690.00   2.8842761e-21
      7691.00   2.8888395e-21
      7692.00   2.8934090e-21
      7693.00   2.8979846e-21
      7694.00   2.9025663e-21
      7695.00   2.9071542e-21
      7696.00   2.9117482e-21
      7697.00   2.9163484e-21
      7698.00   2.9209547e-21
      7699.00   2.9255672e-21
      7700.00   2.9301859e-21
      7701.00   2.9348107e-21
      7702.00   2.9394418e-21
      7703.00   2.9440790e-21
      7704.00   2.9487224e-21
      7705.00   2.9533720e-21
      7706.00   2.9580278e-21
      7707.00   2.9626899e-21
      7708.00   2.9673581e-21
      7709.00   2.9720326e-21
      7710.00   2.9767134e-21
      7711.00   2.9814003e-21
      7712.00   2.9860936e-21
      7713.00   2.9907931e-21
      7714.00   2.9954988e-21
      7715.00   3.0002108e-21
      7716.00   3.0049291e-21
      7717.00   3.0096537e-21
      7718.00   3.0143846e-21
      7719.00   3.0191218e-21
      7720.00   3.0238653e-21
      7721.00   3.0286150e-21
      7722.00   3.0333712e-21
      7723.00   3.0381336e-21
      7724.00   3.0429024e-21
      7725.00   3.0476775e-21
      7726.00   3.0524589e-21
      7727.00   3.0572467e-21
      7728.00   3.0620409e-21
      7729.00   3.0668414e-21
      7730.00   3.0716483e-21
      7731.00   3.0764616e-21
      7732.00   3.0812812e-21
      7733.00   3.0861073e-21
      7734.00   3.0909398e-21
      7735.00   3.0957786e-21
      7736.00   3.1006239e-21
      7737.00   3.1054756e-21
      7738.00   3.1103337e-21
      7739.00   3.1151983e-21
      7740.00   3.1200693e-21
      7741.00   3.1249467e-21
      7742.00   3.1298306e-21
      7743.00   3.1347210e-21
      7744.00   3.1396178e-21
      7745.00   3.1445211e-21
      7746.00   3.1494309e-21
      7747.00   3.1543472e-21
      7748.00   3.1592700e-21
      7749.00   3.1641993e-21
      7750.00   3.1691351e-21
      7751.00   3.1740774e-21
      7752.00   3.1790262e-21
      7753.00   3.1839816e-21
      7754.00   3.1889434e-21
      7755.00   3.1939119e-21
      7756.00   3.1988869e-21
      7757.00   3.2038684e-21
      7758.00   3.2088566e-21
      7759.00   3.2138512e-21
      7760.00   3.2188525e-21
      7761.00   3.2238604e-21
      7762.00   3.2288748e-21
      7763.00   3.2338959e-21
      7764.00   3.2389235e-21
      7765.00   3.2439578e-21
      7766.00   3.2489987e-21
      7767.00   3.2540462e-21
      7768.00   3.2591004e-21
      7769.00   3.2641612e-21
      7770.00   3.2692286e-21
      7771.00   3.2743027e-21
      7772.00   3.2793835e-21
      7773.00   3.2844709e-21
      7774.00   3.2895650e-21
      7775.00   3.2946658e-21
      7776.00   3.2997733e-21
      7777.00   3.3048875e-21
      7778.00   3.3100084e-21
      7779.00   3.3151360e-21
      7780.00   3.3202704e-21
      7781.00   3.3254114e-21
      7782.00   3.3305592e-21
      7783.00   3.3357137e-21
      7784.00   3.3408750e-21
      7785.00   3.3460431e-21
      7786.00   3.3512179e-21
      7787.00   3.3563994e-21
      7788.00   3.3615878e-21
      7789.00   3.3667829e-21
      7790.00   3.3719848e-21
      7791.00   3.3771935e-21
      7792.00   3.3824091e-21
      7793.00   3.3876314e-21
      7794.00   3.3928606e-21
      7795.00   3.3980965e-21
      7796.00   3.4033393e-21
      7797.00   3.4085890e-21
      7798.00   3.4138455e-21
      7799.00   3.4191089e-21
      7800.00   3.4243791e-21
      7801.00   3.4296562e-21
      7802.00   3.4349402e-21
      7803.00   3.4402310e-21
      7804.00   3.4455288e-21
      7805.00   3.4508334e-21
      7806.00   3.4561450e-21
      7807.00   3.4614634e-21
      7808.00   3.4667888e-21
      7809.00   3.4721211e-21
      7810.00   3.4774604e-21
      7811.00   3.4828066e-21
      7812.00   3.4881597e-21
      7813.00   3.4935198e-21
      7814.00   3.4988868e-21
      7815.00   3.5042609e-21
      7816.00   3.5096419e-21
      7817.00   3.5150299e-21
      7818.00   3.5204249e-21
      7819.00   3.5258268e-21
      7820.00   3.5312358e-21
      7821.00   3.5366519e-21
      7822.00   3.5420749e-21
      7823.00   3.5475049e-21
      7824.00   3.5529420e-21
      7825.00   3.5583862e-21
      7826.00   3.5638374e-21
      7827.00   3.5692956e-21
      7828.00   3.5747610e-21
      7829.00   3.5802333e-21
      7830.00   3.5857128e-21
      7831.00   3.5911994e-21
      7832.00   3.5966930e-21
      7833.00   3.6021938e-21
      7834.00   3.6077017e-21
      7835.00   3.6132167e-21
      7836.00   3.6187388e-21
      7837.00   3.6242680e-21
      7838.00   3.6298044e-21
      7839.00   3.6353479e-21
      7840.00   3.6408986e-21
      7841.00   3.6464565e-21
      7842.00   3.6520215e-21
      7843.00   3.6575937e-21
      7844.00   3.6631731e-21
      7845.00   3.6687597e-21
      7846.00   3.6743534e-21
      7847.00   3.6799544e-21
      7848.00   3.6855626e-21
      7849.00   3.6911780e-21
      7850.00   3.6968007e-21
      7851.00   3.7024305e-21
      7852.00   3.7080677e-21
      7853.00   3.7137120e-21
      7854.00   3.7193637e-21
      7855.00   3.7250226e-21
      7856.00   3.7306888e-21
      7857.00   3.7363622e-21
      7858.00   3.7420430e-21
      7859.00   3.7477310e-21
      7860.00   3.7534264e-21
      7861.00   3.7591290e-21
      7862.00   3.7648390e-21
      7863.00   3.7705563e-21
      7864.00   3.7762809e-21
      7865.00   3.7820129e-21
      7866.00   3.7877523e-21
      7867.00   3.7934989e-21
      7868.00   3.7992530e-21
      7869.00   3.8050144e-21
      7870.00   3.8107832e-21
      7871.00   3.8165594e-21
      7872.00   3.8223430e-21
      7873.00   3.8281340e-21
      7874.00   3.8339324e-21
      7875.00   3.8397382e-21
      7876.00   3.8455514e-21
      7877.00   3.8513721e-21
      7878.00   3.8572002e-21
      7879.00   3.8630358e-21
      7880.00   3.8688788e-21
      7881.00   3.8747293e-21
      7882.00   3.8805872e-21
      7883.00   3.8864527e-21
      7884.00   3.8923256e-21
      7885.00   3.8982060e-21
      7886.00   3.9040939e-21
      7887.00   3.9099893e-21
      7888.00   3.9158923e-21
      7889.00   3.9218028e-21
      7890.00   3.9277207e-21
      7891.00   3.9336463e-21
      7892.00   3.9395794e-21
      7893.00   3.9455200e-21
      7894.00   3.9514682e-21
      7895.00   3.9574240e-21
      7896.00   3.9633873e-21
      7897.00   3.9693583e-21
      7898.00   3.9753368e-21
      7899.00   3.9813230e-21
      7900.00   3.9873167e-21
      7901.00   3.9933181e-21
      7902.00   3.9993271e-21
      7903.00   4.0053437e-21
      7904.00   4.0113679e-21
      7905.00   4.0173998e-21
      7906.00   4.0234394e-21
      7907.00   4.0294866e-21
      7908.00   4.0355415e-21
      7909.00   4.0416041e-21
      7910.00   4.0476744e-21
      7911.00   4.0537524e-21
      7912.00   4.0598380e-21
      7913.00   4.0659314e-21
      7914.00   4.0720325e-21
      7915.00   4.0781413e-21
      7916.00   4.0842579e-21
      7917.00   4.0903822e-21
      7918.00   4.0965142e-21
      7919.00   4.1026541e-21
      7920.00   4.1088016e-21
      7921.00   4.1149570e-21
      7922.00   4.1211201e-21
      7923.00   4.1272910e-21
      7924.00   4.1334697e-21
      7925.00   4.1396563e-21
      7926.00   4.1458506e-21
      7927.00   4.1520528e-21
      7928.00   4.1582627e-21
      7929.00   4.1644806e-21
      7930.00   4.1707062e-21
      7931.00   4.1769397e-21
      7932.00   4.1831811e-21
      7933.00   4.1894304e-21
      7934.00   4.1956875e-21
      7935.00   4.2019525e-21
      7936.00   4.2082254e-21
      7937.00   4.2145062e-21
      7938.00   4.2207949e-21
      7939.00   4.2270915e-21
      7940.00   4.2333961e-21
      7941.00   4.2397086e-21
      7942.00   4.2460290e-21
      7943.00   4.2523574e-21
      7944.00   4.2586937e-21
      7945.00   4.2650380e-21
      7946.00   4.2713903e-21
      7947.00   4.2777505e-21
      7948.00   4.2841187e-21
      7949.00   4.2904950e-21
      7950.00   4.2968792e-21
      7951.00   4.3032715e-21
      7952.00   4.3096717e-21
      7953.00   4.3160800e-21
      7954.00   4.3224964e-21
      7955.00   4.3289207e-21
      7956.00   4.3353532e-21
      7957.00   4.3417936e-21
      7958.00   4.3482422e-21
      7959.00   4.3546988e-21
      7960.00   4.3611636e-21
      7961.00   4.3676364e-21
      7962.00   4.3741173e-21
      7963.00   4.3806063e-21
      7964.00   4.3871035e-21
      7965.00   4.3936087e-21
      7966.00   4.4001221e-21
      7967.00   4.4066437e-21
      7968.00   4.4131734e-21
      7969.00   4.4197112e-21
      7970.00   4.4262573e-21
      7971.00   4.4328114e-21
      7972.00   4.4393738e-21
      7973.00   4.4459444e-21
      7974.00   4.4525232e-21
      7975.00   4.4591101e-21
      7976.00   4.4657053e-21
      7977.00   4.4723087e-21
      7978.00   4.4789204e-21
      7979.00   4.4855403e-21
      7980.00   4.4921684e-21
      7981.00   4.4988048e-21
      7982.00   4.5054494e-21
      7983.00   4.5121024e-21
      7984.00   4.5187636e-21
      7985.00   4.5254331e-21
      7986.00   4.5321109e-21
      7987.00   4.5387970e-21
      7988.00   4.5454914e-21
      7989.00   4.5521941e-21
      7990.00   4.5589052e-21
      7991.00   4.5656246e-21
      7992.00   4.5723524e-21
      7993.00   4.5790885e-21
      7994.00   4.5858329e-21
      7995.00   4.5925858e-21
      7996.00   4.5993470e-21
      7997.00   4.6061166e-21
      7998.00   4.6128946e-21
      7999.00   4.6196811e-21
      8000.00   4.6264759e-21
      8001.00   4.6332791e-21
      8002.00   4.6400908e-21
      8003.00   4.6469109e-21
      8004.00   4.6537395e-21
      8005.00   4.6605765e-21
      8006.00   4.6674220e-21
      8007.00   4.6742760e-21
      8008.00   4.6811384e-21
      8009.00   4.6880094e-21
      8010.00   4.6948888e-21
      8011.00   4.7017767e-21
      8012.00   4.7086732e-21
      8013.00   4.7155782e-21
      8014.00   4.7224917e-21
      8015.00   4.7294137e-21
      8016.00   4.7363443e-21
      8017.00   4.7432834e-21
      8018.00   4.7502311e-21
      8019.00   4.7571874e-21
      8020.00   4.7641523e-21
      8021.00   4.7711257e-21
      8022.00   4.7781078e-21
      8023.00   4.7850985e-21
      8024.00   4.7920977e-21
      8025.00   4.7991056e-21
      8026.00   4.8061222e-21
      8027.00   4.8131473e-21
      8028.00   4.8201812e-21
      8029.00   4.8272237e-21
      8030.00   4.8342748e-21
      8031.00   4.8413346e-21
      8032.00   4.8484031e-21
      8033.00   4.8554803e-21
      8034.00   4.8625662e-21
      8035.00   4.8696608e-21
      8036.00   4.8767642e-21
      8037.00   4.8838762e-21
      8038.00   4.8909970e-21
      8039.00   4.8981265e-21
      8040.00   4.9052648e-21
      8041.00   4.9124119e-21
      8042.00   4.9195677e-21
      8043.00   4.9267323e-21
      8044.00   4.9339056e-21
      8045.00   4.9410878e-21
      8046.00   4.9482788e-21
      8047.00   4.9554786e-21
      8048.00   4.9626872e-21
      8049.00   4.9699046e-21
      8050.00   4.9771309e-21
      8051.00   4.9843660e-21
      8052.00   4.9916100e-21
      8053.00   4.9988628e-21
      8054.00   5.0061245e-21
      8055.00   5.0133951e-21
      8056.00   5.0206746e-21
      8057.00   5.0279630e-21
      8058.00   5.0352603e-21
      8059.00   5.0425665e-21
      8060.00   5.0498816e-21
      8061.00   5.0572057e-21
      8062.00   5.0645387e-21
      8063.00   5.0718806e-21
      8064.00   5.0792315e-21
      8065.00   5.0865914e-21
      8066.00   5.0939603e-21
      8067.00   5.1013381e-21
      8068.00   5.1087249e-21
      8069.00   5.1161208e-21
      8070.00   5.1235256e-21
      8071.00   5.1309395e-21
      8072.00   5.1383624e-21
      8073.00   5.1457944e-21
      8074.00   5.1532354e-21
      8075.00   5.1606854e-21
      8076.00   5.1681445e-21
      8077.00   5.1756127e-21
      8078.00   5.1830899e-21
      8079.00   5.1905763e-21
      8080.00   5.1980718e-21
      8081.00   5.2055763e-21
      8082.00   5.2130900e-21
      8083.00   5.2206128e-21
      8084.00   5.2281447e-21
      8085.00   5.2356858e-21
      8086.00   5.2432361e-21
      8087.00   5.2507955e-21
      8088.00   5.2583640e-21
      8089.00   5.2659418e-21
      8090.00   5.2735287e-21
      8091.00   5.2811249e-21
      8092.00   5.2887302e-21
      8093.00   5.2963448e-21
      8094.00   5.3039685e-21
      8095.00   5.3116015e-21
      8096.00   5.3192438e-21
      8097.00   5.3268953e-21
      8098.00   5.3345561e-21
      8099.00   5.3422261e-21
      8100.00   5.3499054e-21
      8101.00   5.3575940e-21
      8102.00   5.3652919e-21
      8103.00   5.3729991e-21
      8104.00   5.3807156e-21
      8105.00   5.3884414e-21
      8106.00   5.3961766e-21
      8107.00   5.4039211e-21
      8108.00   5.4116749e-21
      8109.00   5.4194381e-21
      8110.00   5.4272107e-21
      8111.00   5.4349926e-21
      8112.00   5.4427840e-21
      8113.00   5.4505847e-21
      8114.00   5.4583948e-21
      8115.00   5.4662144e-21
      8116.00   5.4740433e-21
      8117.00   5.4818817e-21
      8118.00   5.4897296e-21
      8119.00   5.4975868e-21
      8120.00   5.5054536e-21
      8121.00   5.5133298e-21
      8122.00   5.5212155e-21
      8123.00   5.5291106e-21
      8124.00   5.5370153e-21
      8125.00   5.5449295e-21
      8126.00   5.5528531e-21
      8127.00   5.5607863e-21
      8128.00   5.5687290e-21
      8129.00   5.5766813e-21
      8130.00   5.5846431e-21
      8131.00   5.5926145e-21
      8132.00   5.6005954e-21
      8133.00   5.6085859e-21
      8134.00   5.6165860e-21
      8135.00   5.6245957e-21
      8136.00   5.6326150e-21
      8137.00   5.6406439e-21
      8138.00   5.6486824e-21
      8139.00   5.6567306e-21
      8140.00   5.6647884e-21
      8141.00   5.6728558e-21
      8142.00   5.6809329e-21
      8143.00   5.6890197e-21
      8144.00   5.6971161e-21
      8145.00   5.7052223e-21
      8146.00   5.7133381e-21
      8147.00   5.7214636e-21
      8148.00   5.7295989e-21
      8149.00   5.7377438e-21
      8150.00   5.7458985e-21
      8151.00   5.7540630e-21
      8152.00   5.7622371e-21
      8153.00   5.7704211e-21
      8154.00   5.7786148e-21
      8155.00   5.7868183e-21
      8156.00   5.7950316e-21
      8157.00   5.8032547e-21
      8158.00   5.8114876e-21
      8159.00   5.8197303e-21
      8160.00   5.8279828e-21
      8161.00   5.8362451e-21
      8162.00   5.8445174e-21
      8163.00   5.8527994e-21
      8164.00   5.8610913e-21
      8165.00   5.8693931e-21
      8166.00   5.8777048e-21
      8167.00   5.8860263e-21
      8168.00   5.8943578e-21
      8169.00   5.9026992e-21
      8170.00   5.9110505e-21
      8171.00   5.9194117e-21
      8172.00   5.9277828e-21
      8173.00   5.9361639e-21
      8174.00   5.9445550e-21
      8175.00   5.9529560e-21
      8176.00   5.9613670e-21
      8177.00   5.9697880e-21
      8178.00   5.9782189e-21
      8179.00   5.9866599e-21
      8180.00   5.9951109e-21
      8181.00   6.0035719e-21
      8182.00   6.0120429e-21
      8183.00   6.0205240e-21
      8184.00   6.0290151e-21
      8185.00   6.0375163e-21
      8186.00   6.0460276e-21
      8187.00   6.0545489e-21
      8188.00   6.0630803e-21
      8189.00   6.0716219e-21
      8190.00   6.0801735e-21
      8191.00   6.0887352e-21
      8192.00   6.0973071e-21
      8193.00   6.1058891e-21
      8194.00   6.1144812e-21
      8195.00   6.1230836e-21
      8196.00   6.1316960e-21
      8197.00   6.1403187e-21
      8198.00   6.1489515e-21
      8199.00   6.1575945e-21
      8200.00   6.1662477e-21
      8201.00   6.1749112e-21
      8202.00   6.1835848e-21
      8203.00   6.1922687e-21
      8204.00   6.2009628e-21
      8205.00   6.2096672e-21
      8206.00   6.2183818e-21
      8207.00   6.2271067e-21
      8208.00   6.2358419e-21
      8209.00   6.2445874e-21
      8210.00   6.2533431e-21
      8211.00   6.2621092e-21
      8212.00   6.2708856e-21
      8213.00   6.2796723e-21
      8214.00   6.2884694e-21
      8215.00   6.2972768e-21
      8216.00   6.3060945e-21
      8217.00   6.3149227e-21
      8218.00   6.3237612e-21
      8219.00   6.3326101e-21
      8220.00   6.3414693e-21
      8221.00   6.3503390e-21
      8222.00   6.3592191e-21
      8223.00   6.3681096e-21
      8224.00   6.3770106e-21
      8225.00   6.3859220e-21
      8226.00   6.3948439e-21
      8227.00   6.4037762e-21
      8228.00   6.4127190e-21
      8229.00   6.4216722e-21
      8230.00   6.4306360e-21
      8231.00   6.4396103e-21
      8232.00   6.4485950e-21
      8233.00   6.4575903e-21
      8234.00   6.4665962e-21
      8235.00   6.4756125e-21
      8236.00   6.4846394e-21
      8237.00   6.4936769e-21
      8238.00   6.5027250e-21
      8239.00   6.5117836e-21
      8240.00   6.5208528e-21
      8241.00   6.5299326e-21
      8242.00   6.5390231e-21
      8243.00   6.5481241e-21
      8244.00   6.5572358e-21
      8245.00   6.5663581e-21
      8246.00   6.5754911e-21
      8247.00   6.5846347e-21
      8248.00   6.5937890e-21
      8249.00   6.6029540e-21
      8250.00   6.6121296e-21
      8251.00   6.6213160e-21
      8252.00   6.6305131e-21
      8253.00   6.6397208e-21
      8254.00   6.6489394e-21
      8255.00   6.6581686e-21
      8256.00   6.6674086e-21
      8257.00   6.6766594e-21
      8258.00   6.6859209e-21
      8259.00   6.6951932e-21
      8260.00   6.7044763e-21
      8261.00   6.7137702e-21
      8262.00   6.7230749e-21
      8263.00   6.7323904e-21
      8264.00   6.7417167e-21
      8265.00   6.7510539e-21
      8266.00   6.7604019e-21
      8267.00   6.7697608e-21
      8268.00   6.7791305e-21
      8269.00   6.7885112e-21
      8270.00   6.7979027e-21
      8271.00   6.8073051e-21
      8272.00   6.8167184e-21
      8273.00   6.8261427e-21
      8274.00   6.8355778e-21
      8275.00   6.8450239e-21
      8276.00   6.8544810e-21
      8277.00   6.8639490e-21
      8278.00   6.8734279e-21
      8279.00   6.8829179e-21
      8280.00   6.8924188e-21
      8281.00   6.9019308e-21
      8282.00   6.9114537e-21
      8283.00   6.9209877e-21
      8284.00   6.9305327e-21
      8285.00   6.9400887e-21
      8286.00   6.9496558e-21
      8287.00   6.9592339e-21
      8288.00   6.9688231e-21
      8289.00   6.9784234e-21
      8290.00   6.9880348e-21
      8291.00   6.9976573e-21
      8292.00   7.0072909e-21
      8293.00   7.0169356e-21
      8294.00   7.0265914e-21
      8295.00   7.0362584e-21
      8296.00   7.0459365e-21
      8297.00   7.0556258e-21
      8298.00   7.0653262e-21
      8299.00   7.0750378e-21
      8300.00   7.0847607e-21
      8301.00   7.0944947e-21
      8302.00   7.1042399e-21
      8303.00   7.1139964e-21
      8304.00   7.1237641e-21
      8305.00   7.1335430e-21
      8306.00   7.1433332e-21
      8307.00   7.1531346e-21
      8308.00   7.1629474e-21
      8309.00   7.1727714e-21
      8310.00   7.1826067e-21
      8311.00   7.1924533e-21
      8312.00   7.2023112e-21
      8313.00   7.2121804e-21
      8314.00   7.2220610e-21
      8315.00   7.2319529e-21
      8316.00   7.2418562e-21
      8317.00   7.2517708e-21
      8318.00   7.2616968e-21
      8319.00   7.2716342e-21
      8320.00   7.2815830e-21
      8321.00   7.2915432e-21
      8322.00   7.3015148e-21
      8323.00   7.3114979e-21
      8324.00   7.3214923e-21
      8325.00   7.3314983e-21
      8326.00   7.3415157e-21
      8327.00   7.3515445e-21
      8328.00   7.3615849e-21
      8329.00   7.3716367e-21
      8330.00   7.3817000e-21
      8331.00   7.3917749e-21
      8332.00   7.4018612e-21
      8333.00   7.4119591e-21
      8334.00   7.4220685e-21
      8335.00   7.4321895e-21
      8336.00   7.4423221e-21
      8337.00   7.4524662e-21
      8338.00   7.4626219e-21
      8339.00   7.4727892e-21
      8340.00   7.4829681e-21
      8341.00   7.4931586e-21
      8342.00   7.5033607e-21
      8343.00   7.5135745e-21
      8344.00   7.5237999e-21
      8345.00   7.5340370e-21
      8346.00   7.5442858e-21
      8347.00   7.5545462e-21
      8348.00   7.5648183e-21
      8349.00   7.5751021e-21
      8350.00   7.5853977e-21
      8351.00   7.5957049e-21
      8352.00   7.6060239e-21
      8353.00   7.6163546e-21
      8354.00   7.6266971e-21
      8355.00   7.6370513e-21
      8356.00   7.6474173e-21
      8357.00   7.6577951e-21
      8358.00   7.6681847e-21
      8359.00   7.6785861e-21
      8360.00   7.6889993e-21
      8361.00   7.6994243e-21
      8362.00   7.7098611e-21
      8363.00   7.7203099e-21
      8364.00   7.7307704e-21
      8365.00   7.7412429e-21
      8366.00   7.7517272e-21
      8367.00   7.7622234e-21
      8368.00   7.7727315e-21
      8369.00   7.7832515e-21
      8370.00   7.7937835e-21
      8371.00   7.8043273e-21
      8372.00   7.8148831e-21
      8373.00   7.8254509e-21
      8374.00   7.8360306e-21
      8375.00   7.8466224e-21
      8376.00   7.8572260e-21
      8377.00   7.8678417e-21
      8378.00   7.8784694e-21
      8379.00   7.8891092e-21
      8380.00   7.8997609e-21
      8381.00   7.9104247e-21
      8382.00   7.9211005e-21
      8383.00   7.9317884e-21
      8384.00   7.9424884e-21
      8385.00   7.9532004e-21
      8386.00   7.9639246e-21
      8387.00   7.9746608e-21
      8388.00   7.9854092e-21
      8389.00   7.9961697e-21
      8390.00   8.0069423e-21
      8391.00   8.0177271e-21
      8392.00   8.0285240e-21
      8393.00   8.0393331e-21
      8394.00   8.0501544e-21
      8395.00   8.0609879e-21
      8396.00   8.0718336e-21
      8397.00   8.0826914e-21
      8398.00   8.0935615e-21
      8399.00   8.1044439e-21
      8400.00   8.1153385e-21
      8401.00   8.1262453e-21
      8402.00   8.1371644e-21
      8403.00   8.1480958e-21
      8404.00   8.1590395e-21
      8405.00   8.1699955e-21
      8406.00   8.1809638e-21
      8407.00   8.1919444e-21
      8408.00   8.2029373e-21
      8409.00   8.2139426e-21
      8410.00   8.2249602e-21
      8411.00   8.2359902e-21
      8412.00   8.2470326e-21
      8413.00   8.2580874e-21
      8414.00   8.2691546e-21
      8415.00   8.2802341e-21
      8416.00   8.2913261e-21
      8417.00   8.3024306e-21
      8418.00   8.3135474e-21
      8419.00   8.3246767e-21
      8420.00   8.3358185e-21
      8421.00   8.3469728e-21
      8422.00   8.3581395e-21
      8423.00   8.3693188e-21
      8424.00   8.3805105e-21
      8425.00   8.3917148e-21
      8426.00   8.4029316e-21
      8427.00   8.4141609e-21
      8428.00   8.4254028e-21
      8429.00   8.4366573e-21
      8430.00   8.4479243e-21
      8431.00   8.4592039e-21
      8432.00   8.4704961e-21
      8433.00   8.4818010e-21
      8434.00   8.4931184e-21
      8435.00   8.5044485e-21
      8436.00   8.5157912e-21
      8437.00   8.5271465e-21
      8438.00   8.5385146e-21
      8439.00   8.5498953e-21
      8440.00   8.5612887e-21
      8441.00   8.5726947e-21
      8442.00   8.5841135e-21
      8443.00   8.5955450e-21
      8444.00   8.6069893e-21
      8445.00   8.6184463e-21
      8446.00   8.6299160e-21
      8447.00   8.6413985e-21
      8448.00   8.6528938e-21
      8449.00   8.6644018e-21
      8450.00   8.6759227e-21
      8451.00   8.6874564e-21
      8452.00   8.6990028e-21
      8453.00   8.7105622e-21
      8454.00   8.7221343e-21
      8455.00   8.7337193e-21
      8456.00   8.7453172e-21
      8457.00   8.7569280e-21
      8458.00   8.7685516e-21
      8459.00   8.7801881e-21
      8460.00   8.7918376e-21
      8461.00   8.8035000e-21
      8462.00   8.8151753e-21
      8463.00   8.8268635e-21
      8464.00   8.8385647e-21
      8465.00   8.8502789e-21
      8466.00   8.8620060e-21
      8467.00   8.8737462e-21
      8468.00   8.8854993e-21
      8469.00   8.8972654e-21
      8470.00   8.9090446e-21
      8471.00   8.9208368e-21
      8472.00   8.9326421e-21
      8473.00   8.9444604e-21
      8474.00   8.9562918e-21
      8475.00   8.9681362e-21
      8476.00   8.9799938e-21
      8477.00   8.9918644e-21
      8478.00   9.0037482e-21
      8479.00   9.0156451e-21
      8480.00   9.0275551e-21
      8481.00   9.0394783e-21
      8482.00   9.0514146e-21
      8483.00   9.0633641e-21
      8484.00   9.0753268e-21
      8485.00   9.0873027e-21
      8486.00   9.0992918e-21
      8487.00   9.1112941e-21
      8488.00   9.1233097e-21
      8489.00   9.1353384e-21
      8490.00   9.1473805e-21
      8491.00   9.1594358e-21
      8492.00   9.1715043e-21
      8493.00   9.1835862e-21
      8494.00   9.1956813e-21
      8495.00   9.2077898e-21
      8496.00   9.2199116e-21
      8497.00   9.2320467e-21
      8498.00   9.2441951e-21
      8499.00   9.2563570e-21
      8500.00   9.2685321e-21
      8501.00   9.2807207e-21
      8502.00   9.2929226e-21
      8503.00   9.3051380e-21
      8504.00   9.3173668e-21
      8505.00   9.3296089e-21
      8506.00   9.3418646e-21
      8507.00   9.3541336e-21
      8508.00   9.3664162e-21
      8509.00   9.3787122e-21
      8510.00   9.3910217e-21
      8511.00   9.4033446e-21
      8512.00   9.4156811e-21
      8513.00   9.4280311e-21
      8514.00   9.4403947e-21
      8515.00   9.4527717e-21
      8516.00   9.4651624e-21
      8517.00   9.4775666e-21
      8518.00   9.4899843e-21
      8519.00   9.5024157e-21
      8520.00   9.5148607e-21
      8521.00   9.5273192e-21
      8522.00   9.5397914e-21
      8523.00   9.5522772e-21
      8524.00   9.5647767e-21
      8525.00   9.5772898e-21
      8526.00   9.5898167e-21
      8527.00   9.6023571e-21
      8528.00   9.6149113e-21
      8529.00   9.6274792e-21
      8530.00   9.6400608e-21
      8531.00   9.6526561e-21
      8532.00   9.6652652e-21
      8533.00   9.6778880e-21
      8534.00   9.6905246e-21
      8535.00   9.7031750e-21
      8536.00   9.7158391e-21
      8537.00   9.7285171e-21
      8538.00   9.7412088e-21
      8539.00   9.7539144e-21
      8540.00   9.7666338e-21
      8541.00   9.7793671e-21
      8542.00   9.7921142e-21
      8543.00   9.8048752e-21
      8544.00   9.8176501e-21
      8545.00   9.8304388e-21
      8546.00   9.8432415e-21
      8547.00   9.8560581e-21
      8548.00   9.8688886e-21
      8549.00   9.8817331e-21
      8550.00   9.8945915e-21
      8551.00   9.9074639e-21
      8552.00   9.9203503e-21
      8553.00   9.9332506e-21
      8554.00   9.9461650e-21
      8555.00   9.9590934e-21
      8556.00   9.9720358e-21
      8557.00   9.9849922e-21
      8558.00   9.9979627e-21
      8559.00   1.0010947e-20
      8560.00   1.0023946e-20
      8561.00   1.0036959e-20
      8562.00   1.0049985e-20
      8563.00   1.0063026e-20
      8564.00   1.0076081e-20
      8565.00   1.0089150e-20
      8566.00   1.0102234e-20
      8567.00   1.0115331e-20
      8568.00   1.0128443e-20
      8569.00   1.0141569e-20
      8570.00   1.0154709e-20
      8571.00   1.0167863e-20
      8572.00   1.0181031e-20
      8573.00   1.0194214e-20
      8574.00   1.0207411e-20
      8575.00   1.0220622e-20
      8576.00   1.0233847e-20
      8577.00   1.0247087e-20
      8578.00   1.0260341e-20
      8579.00   1.0273609e-20
      8580.00   1.0286892e-20
      8581.00   1.0300189e-20
      8582.00   1.0313500e-20
      8583.00   1.0326826e-20
      8584.00   1.0340166e-20
      8585.00   1.0353520e-20
      8586.00   1.0366889e-20
      8587.00   1.0380272e-20
      8588.00   1.0393670e-20
      8589.00   1.0407082e-20
      8590.00   1.0420508e-20
      8591.00   1.0433949e-20
      8592.00   1.0447404e-20
      8593.00   1.0460874e-20
      8594.00   1.0474358e-20
      8595.00   1.0487857e-20
      8596.00   1.0501371e-20
      8597.00   1.0514898e-20
      8598.00   1.0528441e-20
      8599.00   1.0541998e-20
      8600.00   1.0555569e-20
      8601.00   1.0569155e-20
      8602.00   1.0582756e-20
      8603.00   1.0596371e-20
      8604.00   1.0610001e-20
      8605.00   1.0623645e-20
      8606.00   1.0637304e-20
      8607.00   1.0650978e-20
      8608.00   1.0664666e-20
      8609.00   1.0678369e-20
      8610.00   1.0692087e-20
      8611.00   1.0705819e-20
      8612.00   1.0719567e-20
      8613.00   1.0733328e-20
      8614.00   1.0747105e-20
      8615.00   1.0760896e-20
      8616.00   1.0774702e-20
      8617.00   1.0788523e-20
      8618.00   1.0802359e-20
      8619.00   1.0816209e-20
      8620.00   1.0830074e-20
      8621.00   1.0843954e-20
      8622.00   1.0857849e-20
      8623.00   1.0871759e-20
      8624.00   1.0885684e-20
      8625.00   1.0899623e-20
      8626.00   1.0913577e-20
      8627.00   1.0927546e-20
      8628.00   1.0941531e-20
      8629.00   1.0955530e-20
      8630.00   1.0969544e-20
      8631.00   1.0983572e-20
      8632.00   1.0997616e-20
      8633.00   1.1011675e-20
      8634.00   1.1025749e-20
      8635.00   1.1039838e-20
      8636.00   1.1053941e-20
      8637.00   1.1068060e-20
      8638.00   1.1082194e-20
      8639.00   1.1096343e-20
      8640.00   1.1110507e-20
      8641.00   1.1124686e-20
      8642.00   1.1138880e-20
      8643.00   1.1153089e-20
      8644.00   1.1167313e-20
      8645.00   1.1181553e-20
      8646.00   1.1195807e-20
      8647.00   1.1210077e-20
      8648.00   1.1224362e-20
      8649.00   1.1238662e-20
      8650.00   1.1252977e-20
      8651.00   1.1267307e-20
      8652.00   1.1281653e-20
      8653.00   1.1296014e-20
      8654.00   1.1310390e-20
      8655.00   1.1324781e-20
      8656.00   1.1339188e-20
      8657.00   1.1353609e-20
      8658.00   1.1368046e-20
      8659.00   1.1382499e-20
      8660.00   1.1396966e-20
      8661.00   1.1411449e-20
      8662.00   1.1425948e-20
      8663.00   1.1440461e-20
      8664.00   1.1454990e-20
      8665.00   1.1469535e-20
      8666.00   1.1484095e-20
      8667.00   1.1498670e-20
      8668.00   1.1513260e-20
      8669.00   1.1527866e-20
      8670.00   1.1542488e-20
      8671.00   1.1557125e-20
      8672.00   1.1571777e-20
      8673.00   1.1586445e-20
      8674.00   1.1601128e-20
      8675.00   1.1615827e-20
      8676.00   1.1630541e-20
      8677.00   1.1645271e-20
      8678.00   1.1660017e-20
      8679.00   1.1674778e-20
      8680.00   1.1689554e-20
      8681.00   1.1704346e-20
      8682.00   1.1719154e-20
      8683.00   1.1733977e-20
      8684.00   1.1748816e-20
      8685.00   1.1763670e-20
      8686.00   1.1778541e-20
      8687.00   1.1793426e-20
      8688.00   1.1808328e-20
      8689.00   1.1823245e-20
      8690.00   1.1838178e-20
      8691.00   1.1853126e-20
      8692.00   1.1868091e-20
      8693.00   1.1883071e-20
      8694.00   1.1898066e-20
      8695.00   1.1913078e-20
      8696.00   1.1928105e-20
      8697.00   1.1943148e-20
      8698.00   1.1958207e-20
      8699.00   1.1973282e-20
      8700.00   1.1988372e-20
      8701.00   1.2003478e-20
      8702.00   1.2018601e-20
      8703.00   1.2033739e-20
      8704.00   1.2048892e-20
      8705.00   1.2064062e-20
      8706.00   1.2079248e-20
      8707.00   1.2094449e-20
      8708.00   1.2109667e-20
      8709.00   1.2124900e-20
      8710.00   1.2140150e-20
      8711.00   1.2155415e-20
      8712.00   1.2170696e-20
      8713.00   1.2185994e-20
      8714.00   1.2201307e-20
      8715.00   1.2216636e-20
      8716.00   1.2231982e-20
      8717.00   1.2247343e-20
      8718.00   1.2262721e-20
      8719.00   1.2278114e-20
      8720.00   1.2293524e-20
      8721.00   1.2308950e-20
      8722.00   1.2324391e-20
      8723.00   1.2339849e-20
      8724.00   1.2355324e-20
      8725.00   1.2370814e-20
      8726.00   1.2386320e-20
      8727.00   1.2401843e-20
      8728.00   1.2417381e-20
      8729.00   1.2432936e-20
      8730.00   1.2448508e-20
      8731.00   1.2464095e-20
      8732.00   1.2479699e-20
      8733.00   1.2495319e-20
      8734.00   1.2510955e-20
      8735.00   1.2526607e-20
      8736.00   1.2542276e-20
      8737.00   1.2557961e-20
      8738.00   1.2573662e-20
      8739.00   1.2589380e-20
      8740.00   1.2605114e-20
      8741.00   1.2620864e-20
      8742.00   1.2636631e-20
      8743.00   1.2652414e-20
      8744.00   1.2668214e-20
      8745.00   1.2684030e-20
      8746.00   1.2699862e-20
      8747.00   1.2715711e-20
      8748.00   1.2731576e-20
      8749.00   1.2747458e-20
      8750.00   1.2763356e-20
      8751.00   1.2779271e-20
      8752.00   1.2795202e-20
      8753.00   1.2811150e-20
      8754.00   1.2827114e-20
      8755.00   1.2843095e-20
      8756.00   1.2859093e-20
      8757.00   1.2875107e-20
      8758.00   1.2891137e-20
      8759.00   1.2907184e-20
      8760.00   1.2923248e-20
      8761.00   1.2939329e-20
      8762.00   1.2955426e-20
      8763.00   1.2971539e-20
      8764.00   1.2987670e-20
      8765.00   1.3003817e-20
      8766.00   1.3019980e-20
      8767.00   1.3036161e-20
      8768.00   1.3052358e-20
      8769.00   1.3068572e-20
      8770.00   1.3084803e-20
      8771.00   1.3101050e-20
      8772.00   1.3117314e-20
      8773.00   1.3133595e-20
      8774.00   1.3149893e-20
      8775.00   1.3166208e-20
      8776.00   1.3182539e-20
      8777.00   1.3198887e-20
      8778.00   1.3215252e-20
      8779.00   1.3231634e-20
      8780.00   1.3248033e-20
      8781.00   1.3264449e-20
      8782.00   1.3280882e-20
      8783.00   1.3297331e-20
      8784.00   1.3313798e-20
      8785.00   1.3330281e-20
      8786.00   1.3346782e-20
      8787.00   1.3363299e-20
      8788.00   1.3379834e-20
      8789.00   1.3396385e-20
      8790.00   1.3412954e-20
      8791.00   1.3429539e-20
      8792.00   1.3446142e-20
      8793.00   1.3462761e-20
      8794.00   1.3479398e-20
      8795.00   1.3496052e-20
      8796.00   1.3512723e-20
      8797.00   1.3529411e-20
      8798.00   1.3546116e-20
      8799.00   1.3562838e-20
      8800.00   1.3579578e-20
      8801.00   1.3596334e-20
      8802.00   1.3613108e-20
      8803.00   1.3629899e-20
      8804.00   1.3646707e-20
      8805.00   1.3663533e-20
      8806.00   1.3680375e-20
      8807.00   1.3697235e-20
      8808.00   1.3714112e-20
      8809.00   1.3731007e-20
      8810.00   1.3747918e-20
      8811.00   1.3764848e-20
      8812.00   1.3781794e-20
      8813.00   1.3798758e-20
      8814.00   1.3815739e-20
      8815.00   1.3832737e-20
      8816.00   1.3849753e-20
      8817.00   1.3866786e-20
      8818.00   1.3883837e-20
      8819.00   1.3900905e-20
      8820.00   1.3917990e-20
      8821.00   1.3935093e-20
      8822.00   1.3952213e-20
      8823.00   1.3969351e-20
      8824.00   1.3986507e-20
      8825.00   1.4003679e-20
      8826.00   1.4020870e-20
      8827.00   1.4038078e-20
      8828.00   1.4055303e-20
      8829.00   1.4072546e-20
      8830.00   1.4089807e-20
      8831.00   1.4107085e-20
      8832.00   1.4124381e-20
      8833.00   1.4141694e-20
      8834.00   1.4159025e-20
      8835.00   1.4176373e-20
      8836.00   1.4193740e-20
      8837.00   1.4211124e-20
      8838.00   1.4228525e-20
      8839.00   1.4245945e-20
      8840.00   1.4263382e-20
      8841.00   1.4280836e-20
      8842.00   1.4298309e-20
      8843.00   1.4315799e-20
      8844.00   1.4333307e-20
      8845.00   1.4350833e-20
      8846.00   1.4368377e-20
      8847.00   1.4385938e-20
      8848.00   1.4403517e-20
      8849.00   1.4421114e-20
      8850.00   1.4438729e-20
      8851.00   1.4456362e-20
      8852.00   1.4474013e-20
      8853.00   1.4491681e-20
      8854.00   1.4509368e-20
      8855.00   1.4527072e-20
      8856.00   1.4544795e-20
      8857.00   1.4562535e-20
      8858.00   1.4580293e-20
      8859.00   1.4598070e-20
      8860.00   1.4615864e-20
      8861.00   1.4633676e-20
      8862.00   1.4651506e-20
      8863.00   1.4669355e-20
      8864.00   1.4687221e-20
      8865.00   1.4705105e-20
      8866.00   1.4723008e-20
      8867.00   1.4740929e-20
      8868.00   1.4758867e-20
      8869.00   1.4776824e-20
      8870.00   1.4794799e-20
      8871.00   1.4812792e-20
      8872.00   1.4830803e-20
      8873.00   1.4848833e-20
      8874.00   1.4866881e-20
      8875.00   1.4884946e-20
      8876.00   1.4903030e-20
      8877.00   1.4921133e-20
      8878.00   1.4939253e-20
      8879.00   1.4957392e-20
      8880.00   1.4975549e-20
      8881.00   1.4993725e-20
      8882.00   1.5011918e-20
      8883.00   1.5030131e-20
      8884.00   1.5048361e-20
      8885.00   1.5066610e-20
      8886.00   1.5084877e-20
      8887.00   1.5103162e-20
      8888.00   1.5121466e-20
      8889.00   1.5139788e-20
      8890.00   1.5158129e-20
      8891.00   1.5176488e-20
      8892.00   1.5194866e-20
      8893.00   1.5213262e-20
      8894.00   1.5231676e-20
      8895.00   1.5250109e-20
      8896.00   1.5268561e-20
      8897.00   1.5287031e-20
      8898.00   1.5305520e-20
      8899.00   1.5324027e-20
      8900.00   1.5342552e-20
      8901.00   1.5361097e-20
      8902.00   1.5379660e-20
      8903.00   1.5398241e-20
      8904.00   1.5416841e-20
      8905.00   1.5435460e-20
      8906.00   1.5454098e-20
      8907.00   1.5472754e-20
      8908.00   1.5491428e-20
      8909.00   1.5510122e-20
      8910.00   1.5528834e-20
      8911.00   1.5547565e-20
      8912.00   1.5566315e-20
      8913.00   1.5585083e-20
      8914.00   1.5603870e-20
      8915.00   1.5622676e-20
      8916.00   1.5641501e-20
      8917.00   1.5660345e-20
      8918.00   1.5679207e-20
      8919.00   1.5698088e-20
      8920.00   1.5716988e-20
      8921.00   1.5735907e-20
      8922.00   1.5754845e-20
      8923.00   1.5773802e-20
      8924.00   1.5792778e-20
      8925.00   1.5811772e-20
      8926.00   1.5830786e-20
      8927.00   1.5849819e-20
      8928.00   1.5868870e-20
      8929.00   1.5887941e-20
      8930.00   1.5907030e-20
      8931.00   1.5926139e-20
      8932.00   1.5945266e-20
      8933.00   1.5964413e-20
      8934.00   1.5983579e-20
      8935.00   1.6002763e-20
      8936.00   1.6021967e-20
      8937.00   1.6041190e-20
      8938.00   1.6060432e-20
      8939.00   1.6079694e-20
      8940.00   1.6098974e-20
      8941.00   1.6118273e-20
      8942.00   1.6137592e-20
      8943.00   1.6156930e-20
      8944.00   1.6176287e-20
      8945.00   1.6195664e-20
      8946.00   1.6215059e-20
      8947.00   1.6234474e-20
      8948.00   1.6253908e-20
      8949.00   1.6273362e-20
      8950.00   1.6292834e-20
      8951.00   1.6312326e-20
      8952.00   1.6331838e-20
      8953.00   1.6351369e-20
      8954.00   1.6370919e-20
      8955.00   1.6390488e-20
      8956.00   1.6410077e-20
      8957.00   1.6429685e-20
      8958.00   1.6449313e-20
      8959.00   1.6468960e-20
      8960.00   1.6488627e-20
      8961.00   1.6508313e-20
      8962.00   1.6528018e-20
      8963.00   1.6547743e-20
      8964.00   1.6567488e-20
      8965.00   1.6587252e-20
      8966.00   1.6607035e-20
      8967.00   1.6626838e-20
      8968.00   1.6646661e-20
      8969.00   1.6666503e-20
      8970.00   1.6686365e-20
      8971.00   1.6706247e-20
      8972.00   1.6726148e-20
      8973.00   1.6746069e-20
      8974.00   1.6766009e-20
      8975.00   1.6785969e-20
      8976.00   1.6805949e-20
      8977.00   1.6825949e-20
      8978.00   1.6845968e-20
      8979.00   1.6866007e-20
      8980.00   1.6886065e-20
      8981.00   1.6906144e-20
      8982.00   1.6926242e-20
      8983.00   1.6946360e-20
      8984.00   1.6966498e-20
      8985.00   1.6986656e-20
      8986.00   1.7006833e-20
      8987.00   1.7027031e-20
      8988.00   1.7047248e-20
      8989.00   1.7067485e-20
      8990.00   1.7087742e-20
      8991.00   1.7108019e-20
      8992.00   1.7128316e-20
      8993.00   1.7148633e-20
      8994.00   1.7168970e-20
      8995.00   1.7189327e-20
      8996.00   1.7209703e-20
      8997.00   1.7230100e-20
      8998.00   1.7250517e-20
      8999.00   1.7270954e-20
      9000.00   1.7291411e-20
      9001.00   1.7311888e-20
      9002.00   1.7332385e-20
      9003.00   1.7352902e-20
      9004.00   1.7373439e-20
      9005.00   1.7393997e-20
      9006.00   1.7414574e-20
      9007.00   1.7435172e-20
      9008.00   1.7455790e-20
      9009.00   1.7476428e-20
      9010.00   1.7497086e-20
      9011.00   1.7517765e-20
      9012.00   1.7538463e-20
      9013.00   1.7559183e-20
      9014.00   1.7579922e-20
      9015.00   1.7600681e-20
      9016.00   1.7621461e-20
      9017.00   1.7642261e-20
      9018.00   1.7663082e-20
      9019.00   1.7683923e-20
      9020.00   1.7704784e-20
      9021.00   1.7725666e-20
      9022.00   1.7746568e-20
      9023.00   1.7767490e-20
      9024.00   1.7788433e-20
      9025.00   1.7809396e-20
      9026.00   1.7830380e-20
      9027.00   1.7851384e-20
      9028.00   1.7872408e-20
      9029.00   1.7893454e-20
      9030.00   1.7914519e-20
      9031.00   1.7935606e-20
      9032.00   1.7956712e-20
      9033.00   1.7977840e-20
      9034.00   1.7998987e-20
      9035.00   1.8020156e-20
      9036.00   1.8041345e-20
      9037.00   1.8062555e-20
      9038.00   1.8083785e-20
      9039.00   1.8105036e-20
      9040.00   1.8126308e-20
      9041.00   1.8147600e-20
      9042.00   1.8168913e-20
      9043.00   1.8190247e-20
      9044.00   1.8211602e-20
      9045.00   1.8232977e-20
      9046.00   1.8254373e-20
      9047.00   1.8275790e-20
      9048.00   1.8297227e-20
      9049.00   1.8318686e-20
      9050.00   1.8340165e-20
      9051.00   1.8361665e-20
      9052.00   1.8383186e-20
      9053.00   1.8404728e-20
      9054.00   1.8426290e-20
      9055.00   1.8447874e-20
      9056.00   1.8469479e-20
      9057.00   1.8491104e-20
      9058.00   1.8512750e-20
      9059.00   1.8534418e-20
      9060.00   1.8556106e-20
      9061.00   1.8577816e-20
      9062.00   1.8599546e-20
      9063.00   1.8621297e-20
      9064.00   1.8643070e-20
      9065.00   1.8664863e-20
      9066.00   1.8686678e-20
      9067.00   1.8708514e-20
      9068.00   1.8730370e-20
      9069.00   1.8752248e-20
      9070.00   1.8774147e-20
      9071.00   1.8796068e-20
      9072.00   1.8818009e-20
      9073.00   1.8839972e-20
      9074.00   1.8861955e-20
      9075.00   1.8883960e-20
      9076.00   1.8905987e-20
      9077.00   1.8928034e-20
      9078.00   1.8950103e-20
      9079.00   1.8972193e-20
      9080.00   1.8994304e-20
      9081.00   1.9016437e-20
      9082.00   1.9038591e-20
      9083.00   1.9060766e-20
      9084.00   1.9082963e-20
      9085.00   1.9105181e-20
      9086.00   1.9127421e-20
      9087.00   1.9149682e-20
      9088.00   1.9171964e-20
      9089.00   1.9194268e-20
      9090.00   1.9216593e-20
      9091.00   1.9238940e-20
      9092.00   1.9261308e-20
      9093.00   1.9283697e-20
      9094.00   1.9306109e-20
      9095.00   1.9328541e-20
      9096.00   1.9350996e-20
      9097.00   1.9373472e-20
      9098.00   1.9395969e-20
      9099.00   1.9418488e-20
      9100.00   1.9441029e-20
      9101.00   1.9463591e-20
      9102.00   1.9486175e-20
      9103.00   1.9508781e-20
      9104.00   1.9531408e-20
      9105.00   1.9554057e-20
      9106.00   1.9576728e-20
      9107.00   1.9599420e-20
      9108.00   1.9622135e-20
      9109.00   1.9644871e-20
      9110.00   1.9667628e-20
      9111.00   1.9690408e-20
      9112.00   1.9713209e-20
      9113.00   1.9736032e-20
      9114.00   1.9758878e-20
      9115.00   1.9781744e-20
      9116.00   1.9804633e-20
      9117.00   1.9827544e-20
      9118.00   1.9850476e-20
      9119.00   1.9873431e-20
      9120.00   1.9896407e-20
      9121.00   1.9919406e-20
      9122.00   1.9942426e-20
      9123.00   1.9965468e-20
      9124.00   1.9988533e-20
      9125.00   2.0011619e-20
      9126.00   2.0034728e-20
      9127.00   2.0057858e-20
      9128.00   2.0081011e-20
      9129.00   2.0104185e-20
      9130.00   2.0127382e-20
      9131.00   2.0150601e-20
      9132.00   2.0173842e-20
      9133.00   2.0197105e-20
      9134.00   2.0220390e-20
      9135.00   2.0243698e-20
      9136.00   2.0267028e-20
      9137.00   2.0290380e-20
      9138.00   2.0313754e-20
      9139.00   2.0337150e-20
      9140.00   2.0360569e-20
      9141.00   2.0384010e-20
      9142.00   2.0407473e-20
      9143.00   2.0430959e-20
      9144.00   2.0454467e-20
      9145.00   2.0477997e-20
      9146.00   2.0501549e-20
      9147.00   2.0525124e-20
      9148.00   2.0548722e-20
      9149.00   2.0572342e-20
      9150.00   2.0595984e-20
      9151.00   2.0619649e-20
      9152.00   2.0643336e-20
      9153.00   2.0667045e-20
      9154.00   2.0690777e-20
      9155.00   2.0714532e-20
      9156.00   2.0738309e-20
      9157.00   2.0762109e-20
      9158.00   2.0785931e-20
      9159.00   2.0809776e-20
      9160.00   2.0833644e-20
      9161.00   2.0857534e-20
      9162.00   2.0881446e-20
      9163.00   2.0905382e-20
      9164.00   2.0929340e-20
      9165.00   2.0953320e-20
      9166.00   2.0977324e-20
      9167.00   2.1001350e-20
      9168.00   2.1025399e-20
      9169.00   2.1049470e-20
      9170.00   2.1073564e-20
      9171.00   2.1097682e-20
      9172.00   2.1121821e-20
      9173.00   2.1145984e-20
      9174.00   2.1170170e-20
      9175.00   2.1194378e-20
      9176.00   2.1218609e-20
      9177.00   2.1242863e-20
      9178.00   2.1267140e-20
      9179.00   2.1291440e-20
      9180.00   2.1315763e-20
      9181.00   2.1340109e-20
      9182.00   2.1364478e-20
      9183.00   2.1388869e-20
      9184.00   2.1413284e-20
      9185.00   2.1437722e-20
      9186.00   2.1462182e-20
      9187.00   2.1486666e-20
      9188.00   2.1511173e-20
      9189.00   2.1535703e-20
      9190.00   2.1560256e-20
      9191.00   2.1584832e-20
      9192.00   2.1609431e-20
      9193.00   2.1634054e-20
      9194.00   2.1658699e-20
      9195.00   2.1683368e-20
      9196.00   2.1708060e-20
      9197.00   2.1732775e-20
      9198.00   2.1757514e-20
      9199.00   2.1782275e-20
      9200.00   2.1807060e-20
      9201.00   2.1831868e-20
      9202.00   2.1856700e-20
      9203.00   2.1881555e-20
      9204.00   2.1906433e-20
      9205.00   2.1931334e-20
      9206.00   2.1956259e-20
      9207.00   2.1981207e-20
      9208.00   2.2006179e-20
      9209.00   2.2031174e-20
      9210.00   2.2056192e-20
      9211.00   2.2081234e-20
      9212.00   2.2106299e-20
      9213.00   2.2131388e-20
      9214.00   2.2156501e-20
      9215.00   2.2181636e-20
      9216.00   2.2206796e-20
      9217.00   2.2231979e-20
      9218.00   2.2257185e-20
      9219.00   2.2282415e-20
      9220.00   2.2307669e-20
      9221.00   2.2332946e-20
      9222.00   2.2358247e-20
      9223.00   2.2383572e-20
      9224.00   2.2408920e-20
      9225.00   2.2434292e-20
      9226.00   2.2459688e-20
      9227.00   2.2485107e-20
      9228.00   2.2510550e-20
      9229.00   2.2536017e-20
      9230.00   2.2561507e-20
      9231.00   2.2587022e-20
      9232.00   2.2612560e-20
      9233.00   2.2638122e-20
      9234.00   2.2663708e-20
      9235.00   2.2689318e-20
      9236.00   2.2714951e-20
      9237.00   2.2740609e-20
      9238.00   2.2766290e-20
      9239.00   2.2791996e-20
      9240.00   2.2817725e-20
      9241.00   2.2843478e-20
      9242.00   2.2869255e-20
      9243.00   2.2895056e-20
      9244.00   2.2920882e-20
      9245.00   2.2946731e-20
      9246.00   2.2972604e-20
      9247.00   2.2998501e-20
      9248.00   2.3024423e-20
      9249.00   2.3050368e-20
      9250.00   2.3076338e-20
      9251.00   2.3102332e-20
      9252.00   2.3128350e-20
      9253.00   2.3154392e-20
      9254.00   2.3180458e-20
      9255.00   2.3206548e-20
      9256.00   2.3232663e-20
      9257.00   2.3258802e-20
      9258.00   2.3284965e-20
      9259.00   2.3311153e-20
      9260.00   2.3337364e-20
      9261.00   2.3363600e-20
      9262.00   2.3389861e-20
      9263.00   2.3416145e-20
      9264.00   2.3442454e-20
      9265.00   2.3468788e-20
      9266.00   2.3495146e-20
      9267.00   2.3521528e-20
      9268.00   2.3547935e-20
      9269.00   2.3574366e-20
      9270.00   2.3600821e-20
      9271.00   2.3627301e-20
      9272.00   2.3653806e-20
      9273.00   2.3680335e-20
      9274.00   2.3706888e-20
      9275.00   2.3733466e-20
      9276.00   2.3760069e-20
      9277.00   2.3786696e-20
      9278.00   2.3813348e-20
      9279.00   2.3840025e-20
      9280.00   2.3866726e-20
      9281.00   2.3893451e-20
      9282.00   2.3920202e-20
      9283.00   2.3946977e-20
      9284.00   2.3973777e-20
      9285.00   2.4000601e-20
      9286.00   2.4027451e-20
      9287.00   2.4054325e-20
      9288.00   2.4081223e-20
      9289.00   2.4108147e-20
      9290.00   2.4135095e-20
      9291.00   2.4162069e-20
      9292.00   2.4189067e-20
      9293.00   2.4216090e-20
      9294.00   2.4243137e-20
      9295.00   2.4270210e-20
      9296.00   2.4297308e-20
      9297.00   2.4324430e-20
      9298.00   2.4351578e-20
      9299.00   2.4378750e-20
      9300.00   2.4405948e-20
      9301.00   2.4433170e-20
      9302.00   2.4460418e-20
      9303.00   2.4487690e-20
      9304.00   2.4514988e-20
      9305.00   2.4542311e-20
      9306.00   2.4569658e-20
      9307.00   2.4597031e-20
      9308.00   2.4624429e-20
      9309.00   2.4651852e-20
      9310.00   2.4679301e-20
      9311.00   2.4706774e-20
      9312.00   2.4734273e-20
      9313.00   2.4761797e-20
      9314.00   2.4789346e-20
      9315.00   2.4816920e-20
      9316.00   2.4844520e-20
      9317.00   2.4872145e-20
      9318.00   2.4899795e-20
      9319.00   2.4927471e-20
      9320.00   2.4955172e-20
      9321.00   2.4982898e-20
      9322.00   2.5010649e-20
      9323.00   2.5038426e-20
      9324.00   2.5066229e-20
      9325.00   2.5094057e-20
      9326.00   2.5121910e-20
      9327.00   2.5149789e-20
      9328.00   2.5177693e-20
      9329.00   2.5205623e-20
      9330.00   2.5233578e-20
      9331.00   2.5261559e-20
      9332.00   2.5289565e-20
      9333.00   2.5317597e-20
      9334.00   2.5345655e-20
      9335.00   2.5373738e-20
      9336.00   2.5401847e-20
      9337.00   2.5429981e-20
      9338.00   2.5458141e-20
      9339.00   2.5486327e-20
      9340.00   2.5514539e-20
      9341.00   2.5542776e-20
      9342.00   2.5571039e-20
      9343.00   2.5599327e-20
      9344.00   2.5627642e-20
      9345.00   2.5655982e-20
      9346.00   2.5684348e-20
      9347.00   2.5712740e-20
      9348.00   2.5741158e-20
      9349.00   2.5769601e-20
      9350.00   2.5798071e-20
      9351.00   2.5826566e-20
      9352.00   2.5855087e-20
      9353.00   2.5883634e-20
      9354.00   2.5912207e-20
      9355.00   2.5940807e-20
      9356.00   2.5969432e-20
      9357.00   2.5998083e-20
      9358.00   2.6026760e-20
      9359.00   2.6055463e-20
      9360.00   2.6084192e-20
      9361.00   2.6112947e-20
      9362.00   2.6141729e-20
      9363.00   2.6170536e-20
      9364.00   2.6199370e-20
      9365.00   2.6228230e-20
      9366.00   2.6257116e-20
      9367.00   2.6286028e-20
      9368.00   2.6314966e-20
      9369.00   2.6343931e-20
      9370.00   2.6372921e-20
      9371.00   2.6401939e-20
      9372.00   2.6430982e-20
      9373.00   2.6460051e-20
      9374.00   2.6489147e-20
      9375.00   2.6518270e-20
      9376.00   2.6547418e-20
      9377.00   2.6576593e-20
      9378.00   2.6605795e-20
      9379.00   2.6635022e-20
      9380.00   2.6664277e-20
      9381.00   2.6693557e-20
      9382.00   2.6722864e-20
      9383.00   2.6752198e-20
      9384.00   2.6781558e-20
      9385.00   2.6810945e-20
      9386.00   2.6840358e-20
      9387.00   2.6869798e-20
      9388.00   2.6899264e-20
      9389.00   2.6928757e-20
      9390.00   2.6958276e-20
      9391.00   2.6987822e-20
      9392.00   2.7017395e-20
      9393.00   2.7046994e-20
      9394.00   2.7076620e-20
      9395.00   2.7106273e-20
      9396.00   2.7135952e-20
      9397.00   2.7165659e-20
      9398.00   2.7195392e-20
      9399.00   2.7225151e-20
      9400.00   2.7254938e-20
      9401.00   2.7284751e-20
      9402.00   2.7314591e-20
      9403.00   2.7344458e-20
      9404.00   2.7374352e-20
      9405.00   2.7404273e-20
      9406.00   2.7434221e-20
      9407.00   2.7464195e-20
      9408.00   2.7494197e-20
      9409.00   2.7524225e-20
      9410.00   2.7554281e-20
      9411.00   2.7584363e-20
      9412.00   2.7614473e-20
      9413.00   2.7644609e-20
      9414.00   2.7674773e-20
      9415.00   2.7704963e-20
      9416.00   2.7735181e-20
      9417.00   2.7765426e-20
      9418.00   2.7795698e-20
      9419.00   2.7825997e-20
      9420.00   2.7856323e-20
      9421.00   2.7886676e-20
      9422.00   2.7917057e-20
      9423.00   2.7947465e-20
      9424.00   2.7977900e-20
      9425.00   2.8008362e-20
      9426.00   2.8038852e-20
      9427.00   2.8069369e-20
      9428.00   2.8099913e-20
      9429.00   2.8130484e-20
      9430.00   2.8161083e-20
      9431.00   2.8191710e-20
      9432.00   2.8222363e-20
      9433.00   2.8253044e-20
      9434.00   2.8283753e-20
      9435.00   2.8314489e-20
      9436.00   2.8345252e-20
      9437.00   2.8376043e-20
      9438.00   2.8406861e-20
      9439.00   2.8437707e-20
      9440.00   2.8468580e-20
      9441.00   2.8499481e-20
      9442.00   2.8530410e-20
      9443.00   2.8561366e-20
      9444.00   2.8592350e-20
      9445.00   2.8623361e-20
      9446.00   2.8654400e-20
      9447.00   2.8685467e-20
      9448.00   2.8716561e-20
      9449.00   2.8747683e-20
      9450.00   2.8778833e-20
      9451.00   2.8810010e-20
      9452.00   2.8841216e-20
      9453.00   2.8872449e-20
      9454.00   2.8903710e-20
      9455.00   2.8934998e-20
      9456.00   2.8966315e-20
      9457.00   2.8997659e-20
      9458.00   2.9029031e-20
      9459.00   2.9060432e-20
      9460.00   2.9091860e-20
      9461.00   2.9123316e-20
      9462.00   2.9154800e-20
      9463.00   2.9186312e-20
      9464.00   2.9217851e-20
      9465.00   2.9249419e-20
      9466.00   2.9281015e-20
      9467.00   2.9312639e-20
      9468.00   2.9344291e-20
      9469.00   2.9375972e-20
      9470.00   2.9407680e-20
      9471.00   2.9439416e-20
      9472.00   2.9471181e-20
      9473.00   2.9502973e-20
      9474.00   2.9534794e-20
      9475.00   2.9566643e-20
      9476.00   2.9598520e-20
      9477.00   2.9630426e-20
      9478.00   2.9662360e-20
      9479.00   2.9694322e-20
      9480.00   2.9726312e-20
      9481.00   2.9758331e-20
      9482.00   2.9790378e-20
      9483.00   2.9822453e-20
      9484.00   2.9854557e-20
      9485.00   2.9886689e-20
      9486.00   2.9918849e-20
      9487.00   2.9951038e-20
      9488.00   2.9983256e-20
      9489.00   3.0015501e-20
      9490.00   3.0047776e-20
      9491.00   3.0080079e-20
      9492.00   3.0112410e-20
      9493.00   3.0144770e-20
      9494.00   3.0177158e-20
      9495.00   3.0209575e-20
      9496.00   3.0242021e-20
      9497.00   3.0274495e-20
      9498.00   3.0306998e-20
      9499.00   3.0339530e-20
      9500.00   3.0372090e-20
      9501.00   3.0404679e-20
      9502.00   3.0437296e-20
      9503.00   3.0469943e-20
      9504.00   3.0502618e-20
      9505.00   3.0535322e-20
      9506.00   3.0568055e-20
      9507.00   3.0600816e-20
      9508.00   3.0633607e-20
      9509.00   3.0666426e-20
      9510.00   3.0699274e-20
      9511.00   3.0732151e-20
      9512.00   3.0765057e-20
      9513.00   3.0797992e-20
      9514.00   3.0830955e-20
      9515.00   3.0863948e-20
      9516.00   3.0896970e-20
      9517.00   3.0930020e-20
      9518.00   3.0963100e-20
      9519.00   3.0996209e-20
      9520.00   3.1029347e-20
      9521.00   3.1062514e-20
      9522.00   3.1095710e-20
      9523.00   3.1128935e-20
      9524.00   3.1162189e-20
      9525.00   3.1195473e-20
      9526.00   3.1228786e-20
      9527.00   3.1262127e-20
      9528.00   3.1295498e-20
      9529.00   3.1328899e-20
      9530.00   3.1362328e-20
      9531.00   3.1395787e-20
      9532.00   3.1429275e-20
      9533.00   3.1462793e-20
      9534.00   3.1496340e-20
      9535.00   3.1529916e-20
      9536.00   3.1563522e-20
      9537.00   3.1597157e-20
      9538.00   3.1630821e-20
      9539.00   3.1664515e-20
      9540.00   3.1698238e-20
      9541.00   3.1731991e-20
      9542.00   3.1765773e-20
      9543.00   3.1799585e-20
      9544.00   3.1833426e-20
      9545.00   3.1867297e-20
      9546.00   3.1901197e-20
      9547.00   3.1935127e-20
      9548.00   3.1969087e-20
      9549.00   3.2003076e-20
      9550.00   3.2037095e-20
      9551.00   3.2071144e-20
      9552.00   3.2105222e-20
      9553.00   3.2139330e-20
      9554.00   3.2173468e-20
      9555.00   3.2207635e-20
      9556.00   3.2241833e-20
      9557.00   3.2276060e-20
      9558.00   3.2310317e-20
      9559.00   3.2344603e-20
      9560.00   3.2378920e-20
      9561.00   3.2413266e-20
      9562.00   3.2447642e-20
      9563.00   3.2482049e-20
      9564.00   3.2516485e-20
      9565.00   3.2550951e-20
      9566.00   3.2585447e-20
      9567.00   3.2619973e-20
      9568.00   3.2654529e-20
      9569.00   3.2689115e-20
      9570.00   3.2723731e-20
      9571.00   3.2758378e-20
      9572.00   3.2793054e-20
      9573.00   3.2827760e-20
      9574.00   3.2862497e-20
      9575.00   3.2897263e-20
      9576.00   3.2932060e-20
      9577.00   3.2966887e-20
      9578.00   3.3001745e-20
      9579.00   3.3036632e-20
      9580.00   3.3071550e-20
      9581.00   3.3106498e-20
      9582.00   3.3141476e-20
      9583.00   3.3176485e-20
      9584.00   3.3211524e-20
      9585.00   3.3246593e-20
      9586.00   3.3281692e-20
      9587.00   3.3316822e-20
      9588.00   3.3351983e-20
      9589.00   3.3387174e-20
      9590.00   3.3422395e-20
      9591.00   3.3457647e-20
      9592.00   3.3492929e-20
      9593.00   3.3528242e-20
      9594.00   3.3563585e-20
      9595.00   3.3598959e-20
      9596.00   3.3634363e-20
      9597.00   3.3669798e-20
      9598.00   3.3705264e-20
      9599.00   3.3740760e-20
      9600.00   3.3776287e-20
      9601.00   3.3811845e-20
      9602.00   3.3847433e-20
      9603.00   3.3883052e-20
      9604.00   3.3918702e-20
      9605.00   3.3954382e-20
      9606.00   3.3990093e-20
      9607.00   3.4025835e-20
      9608.00   3.4061608e-20
      9609.00   3.4097412e-20
      9610.00   3.4133246e-20
      9611.00   3.4169112e-20
      9612.00   3.4205008e-20
      9613.00   3.4240935e-20
      9614.00   3.4276893e-20
      9615.00   3.4312882e-20
      9616.00   3.4348902e-20
      9617.00   3.4384953e-20
      9618.00   3.4421035e-20
      9619.00   3.4457148e-20
      9620.00   3.4493292e-20
      9621.00   3.4529468e-20
      9622.00   3.4565674e-20
      9623.00   3.4601911e-20
      9624.00   3.4638180e-20
      9625.00   3.4674479e-20
      9626.00   3.4710810e-20
      9627.00   3.4747172e-20
      9628.00   3.4783566e-20
      9629.00   3.4819990e-20
      9630.00   3.4856446e-20
      9631.00   3.4892933e-20
      9632.00   3.4929451e-20
      9633.00   3.4966001e-20
      9634.00   3.5002582e-20
      9635.00   3.5039194e-20
      9636.00   3.5075838e-20
      9637.00   3.5112513e-20
      9638.00   3.5149220e-20
      9639.00   3.5185958e-20
      9640.00   3.5222727e-20
      9641.00   3.5259528e-20
      9642.00   3.5296360e-20
      9643.00   3.5333224e-20
      9644.00   3.5370120e-20
      9645.00   3.5407047e-20
      9646.00   3.5444006e-20
      9647.00   3.5480996e-20
      9648.00   3.5518018e-20
      9649.00   3.5555071e-20
      9650.00   3.5592156e-20
      9651.00   3.5629273e-20
      9652.00   3.5666422e-20
      9653.00   3.5703602e-20
      9654.00   3.5740814e-20
      9655.00   3.5778058e-20
      9656.00   3.5815334e-20
      9657.00   3.5852641e-20
      9658.00   3.5889980e-20
      9659.00   3.5927351e-20
      9660.00   3.5964754e-20
      9661.00   3.6002189e-20
      9662.00   3.6039656e-20
      9663.00   3.6077155e-20
      9664.00   3.6114685e-20
      9665.00   3.6152248e-20
      9666.00   3.6189843e-20
      9667.00   3.6227469e-20
      9668.00   3.6265128e-20
      9669.00   3.6302819e-20
      9670.00   3.6340542e-20
      9671.00   3.6378297e-20
      9672.00   3.6416084e-20
      9673.00   3.6453903e-20
      9674.00   3.6491754e-20
      9675.00   3.6529638e-20
      9676.00   3.6567553e-20
      9677.00   3.6605501e-20
      9678.00   3.6643482e-20
      9679.00   3.6681494e-20
      9680.00   3.6719539e-20
      9681.00   3.6757616e-20
      9682.00   3.6795725e-20
      9683.00   3.6833867e-20
      9684.00   3.6872041e-20
      9685.00   3.6910248e-20
      9686.00   3.6948486e-20
      9687.00   3.6986758e-20
      9688.00   3.7025062e-20
      9689.00   3.7063398e-20
      9690.00   3.7101767e-20
      9691.00   3.7140168e-20
      9692.00   3.7178602e-20
      9693.00   3.7217068e-20
      9694.00   3.7255567e-20
      9695.00   3.7294099e-20
      9696.00   3.7332663e-20
      9697.00   3.7371260e-20
      9698.00   3.7409889e-20
      9699.00   3.7448551e-20
      9700.00   3.7487246e-20
      9701.00   3.7525974e-20
      9702.00   3.7564734e-20
      9703.00   3.7603527e-20
      9704.00   3.7642353e-20
      9705.00   3.7681212e-20
      9706.00   3.7720103e-20
      9707.00   3.7759028e-20
      9708.00   3.7797985e-20
      9709.00   3.7836975e-20
      9710.00   3.7875998e-20
      9711.00   3.7915054e-20
      9712.00   3.7954143e-20
      9713.00   3.7993265e-20
      9714.00   3.8032420e-20
      9715.00   3.8071608e-20
      9716.00   3.8110829e-20
      9717.00   3.8150083e-20
      9718.00   3.8189370e-20
      9719.00   3.8228690e-20
      9720.00   3.8268043e-20
      9721.00   3.8307430e-20
      9722.00   3.8346849e-20
      9723.00   3.8386302e-20
      9724.00   3.8425788e-20
      9725.00   3.8465308e-20
      9726.00   3.8504860e-20
      9727.00   3.8544446e-20
      9728.00   3.8584065e-20
      9729.00   3.8623718e-20
      9730.00   3.8663403e-20
      9731.00   3.8703122e-20
      9732.00   3.8742875e-20
      9733.00   3.8782661e-20
      9734.00   3.8822480e-20
      9735.00   3.8862333e-20
      9736.00   3.8902219e-20
      9737.00   3.8942139e-20
      9738.00   3.8982092e-20
      9739.00   3.9022079e-20
      9740.00   3.9062099e-20
      9741.00   3.9102153e-20
      9742.00   3.9142240e-20
      9743.00   3.9182362e-20
      9744.00   3.9222516e-20
      9745.00   3.9262705e-20
      9746.00   3.9302927e-20
      9747.00   3.9343182e-20
      9748.00   3.9383472e-20
      9749.00   3.9423795e-20
      9750.00   3.9464152e-20
      9751.00   3.9504543e-20
      9752.00   3.9544967e-20
      9753.00   3.9585426e-20
      9754.00   3.9625918e-20
      9755.00   3.9666444e-20
      9756.00   3.9707004e-20
      9757.00   3.9747598e-20
      9758.00   3.9788226e-20
      9759.00   3.9828888e-20
      9760.00   3.9869583e-20
      9761.00   3.9910313e-20
      9762.00   3.9951077e-20
      9763.00   3.9991875e-20
      9764.00   4.0032707e-20
      9765.00   4.0073573e-20
      9766.00   4.0114473e-20
      9767.00   4.0155407e-20
      9768.00   4.0196375e-20
      9769.00   4.0237378e-20
      9770.00   4.0278415e-20
      9771.00   4.0319486e-20
      9772.00   4.0360591e-20
      9773.00   4.0401730e-20
      9774.00   4.0442904e-20
      9775.00   4.0484112e-20
      9776.00   4.0525354e-20
      9777.00   4.0566631e-20
      9778.00   4.0607942e-20
      9779.00   4.0649287e-20
      9780.00   4.0690667e-20
      9781.00   4.0732082e-20
      9782.00   4.0773530e-20
      9783.00   4.0815013e-20
      9784.00   4.0856531e-20
      9785.00   4.0898083e-20
      9786.00   4.0939670e-20
      9787.00   4.0981291e-20
      9788.00   4.1022947e-20
      9789.00   4.1064638e-20
      9790.00   4.1106363e-20
      9791.00   4.1148123e-20
      9792.00   4.1189917e-20
      9793.00   4.1231746e-20
      9794.00   4.1273610e-20
      9795.00   4.1315509e-20
      9796.00   4.1357442e-20
      9797.00   4.1399410e-20
      9798.00   4.1441413e-20
      9799.00   4.1483451e-20
      9800.00   4.1525523e-20
      9801.00   4.1567631e-20
      9802.00   4.1609773e-20
      9803.00   4.1651950e-20
      9804.00   4.1694163e-20
      9805.00   4.1736410e-20
      9806.00   4.1778692e-20
      9807.00   4.1821009e-20
      9808.00   4.1863361e-20
      9809.00   4.1905748e-20
      9810.00   4.1948170e-20
      9811.00   4.1990628e-20
      9812.00   4.2033120e-20
      9813.00   4.2075648e-20
      9814.00   4.2118210e-20
      9815.00   4.2160808e-20
      9816.00   4.2203441e-20
      9817.00   4.2246109e-20
      9818.00   4.2288813e-20
      9819.00   4.2331552e-20
      9820.00   4.2374326e-20
      9821.00   4.2417135e-20
      9822.00   4.2459980e-20
      9823.00   4.2502860e-20
      9824.00   4.2545775e-20
      9825.00   4.2588726e-20
      9826.00   4.2631712e-20
      9827.00   4.2674734e-20
      9828.00   4.2717791e-20
      9829.00   4.2760883e-20
      9830.00   4.2804011e-20
      9831.00   4.2847175e-20
      9832.00   4.2890374e-20
      9833.00   4.2933609e-20
      9834.00   4.2976879e-20
      9835.00   4.3020185e-20
      9836.00   4.3063527e-20
      9837.00   4.3106904e-20
      9838.00   4.3150317e-20
      9839.00   4.3193765e-20
      9840.00   4.3237249e-20
      9841.00   4.3280770e-20
      9842.00   4.3324325e-20
      9843.00   4.3367917e-20
      9844.00   4.3411544e-20
      9845.00   4.3455208e-20
      9846.00   4.3498907e-20
      9847.00   4.3542642e-20
      9848.00   4.3586413e-20
      9849.00   4.3630219e-20
      9850.00   4.3674062e-20
      9851.00   4.3717941e-20
      9852.00   4.3761855e-20
      9853.00   4.3805806e-20
      9854.00   4.3849793e-20
      9855.00   4.3893816e-20
      9856.00   4.3937875e-20
      9857.00   4.3981970e-20
      9858.00   4.4026101e-20
      9859.00   4.4070268e-20
      9860.00   4.4114471e-20
      9861.00   4.4158711e-20
      9862.00   4.4202987e-20
      9863.00   4.4247299e-20
      9864.00   4.4291647e-20
      9865.00   4.4336032e-20
      9866.00   4.4380453e-20
      9867.00   4.4424910e-20
      9868.00   4.4469404e-20
      9869.00   4.4513934e-20
      9870.00   4.4558500e-20
      9871.00   4.4603103e-20
      9872.00   4.4647742e-20
      9873.00   4.4692417e-20
      9874.00   4.4737130e-20
      9875.00   4.4781878e-20
      9876.00   4.4826663e-20
      9877.00   4.4871485e-20
      9878.00   4.4916343e-20
      9879.00   4.4961238e-20
      9880.00   4.5006170e-20
      9881.00   4.5051138e-20
      9882.00   4.5096143e-20
      9883.00   4.5141184e-20
      9884.00   4.5186262e-20
      9885.00   4.5231377e-20
      9886.00   4.5276529e-20
      9887.00   4.5321717e-20
      9888.00   4.5366942e-20
      9889.00   4.5412204e-20
      9890.00   4.5457503e-20
      9891.00   4.5502839e-20
      9892.00   4.5548212e-20
      9893.00   4.5593621e-20
      9894.00   4.5639068e-20
      9895.00   4.5684551e-20
      9896.00   4.5730072e-20
      9897.00   4.5775629e-20
      9898.00   4.5821224e-20
      9899.00   4.5866855e-20
      9900.00   4.5912524e-20
      9901.00   4.5958229e-20
      9902.00   4.6003972e-20
      9903.00   4.6049752e-20
      9904.00   4.6095569e-20
      9905.00   4.6141423e-20
      9906.00   4.6187315e-20
      9907.00   4.6233243e-20
      9908.00   4.6279209e-20
      9909.00   4.6325212e-20
      9910.00   4.6371253e-20
      9911.00   4.6417331e-20
      9912.00   4.6463446e-20
      9913.00   4.6509598e-20
      9914.00   4.6555788e-20
      9915.00   4.6602015e-20
      9916.00   4.6648280e-20
      9917.00   4.6694582e-20
      9918.00   4.6740922e-20
      9919.00   4.6787299e-20
      9920.00   4.6833714e-20
      9921.00   4.6880166e-20
      9922.00   4.6926656e-20
      9923.00   4.6973183e-20
      9924.00   4.7019748e-20
      9925.00   4.7066351e-20
      9926.00   4.7112991e-20
      9927.00   4.7159669e-20
      9928.00   4.7206385e-20
      9929.00   4.7253138e-20
      9930.00   4.7299930e-20
      9931.00   4.7346759e-20
      9932.00   4.7393625e-20
      9933.00   4.7440530e-20
      9934.00   4.7487472e-20
      9935.00   4.7534453e-20
      9936.00   4.7581471e-20
      9937.00   4.7628527e-20
      9938.00   4.7675621e-20
      9939.00   4.7722753e-20
      9940.00   4.7769923e-20
      9941.00   4.7817131e-20
      9942.00   4.7864377e-20
      9943.00   4.7911661e-20
      9944.00   4.7958983e-20
      9945.00   4.8006343e-20
      9946.00   4.8053742e-20
      9947.00   4.8101178e-20
      9948.00   4.8148653e-20
      9949.00   4.8196166e-20
      9950.00   4.8243717e-20
      9951.00   4.8291306e-20
      9952.00   4.8338933e-20
      9953.00   4.8386599e-20
      9954.00   4.8434303e-20
      9955.00   4.8482046e-20
      9956.00   4.8529827e-20
      9957.00   4.8577646e-20
      9958.00   4.8625504e-20
      9959.00   4.8673400e-20
      9960.00   4.8721334e-20
      9961.00   4.8769307e-20
      9962.00   4.8817318e-20
      9963.00   4.8865368e-20
      9964.00   4.8913457e-20
      9965.00   4.8961584e-20
      9966.00   4.9009749e-20
      9967.00   4.9057954e-20
      9968.00   4.9106196e-20
      9969.00   4.9154478e-20
      9970.00   4.9202798e-20
      9971.00   4.9251157e-20
      9972.00   4.9299555e-20
      9973.00   4.9347991e-20
      9974.00   4.9396466e-20
      9975.00   4.9444980e-20
      9976.00   4.9493533e-20
      9977.00   4.9542124e-20
      9978.00   4.9590755e-20
      9979.00   4.9639424e-20
      9980.00   4.9688132e-20
      9981.00   4.9736879e-20
      9982.00   4.9785666e-20
      9983.00   4.9834491e-20
      9984.00   4.9883355e-20
      9985.00   4.9932258e-20
      9986.00   4.9981200e-20
      9987.00   5.0030181e-20
      9988.00   5.0079202e-20
      9989.00   5.0128261e-20
      9990.00   5.0177360e-20
      9991.00   5.0226497e-20
      9992.00   5.0275674e-20
      9993.00   5.0324891e-20
      9994.00   5.0374146e-20
      9995.00   5.0423441e-20
      9996.00   5.0472775e-20
      9997.00   5.0522148e-20
      9998.00   5.0571561e-20
      9999.00   5.0621012e-20
      10000.0   5.0670504e-20
