      100.000       0.0000000
      101.000       0.0000000
      102.000       0.0000000
      103.000       0.0000000
      104.000       0.0000000
      105.000       0.0000000
      106.000       0.0000000
      107.000       0.0000000
      108.000       0.0000000
      109.000       0.0000000
      110.000       0.0000000
      111.000       0.0000000
      112.000       0.0000000
      113.000       0.0000000
      114.000       0.0000000
      115.000       0.0000000
      116.000       0.0000000
      117.000       0.0000000
      118.000       0.0000000
      119.000       0.0000000
      120.000       0.0000000
      121.000  2.6558117e-290
      122.000  4.8332925e-288
      123.000  7.9250555e-286
      124.000  1.1966847e-283
      125.000  1.6676693e-281
      126.000  2.1489246e-279
      127.000  2.5651671e-277
      128.000  2.8416498e-275
      129.000  2.9264357e-273
      130.000  2.8064092e-271
      131.000  2.5102348e-269
      132.000  2.0975648e-267
      133.000  1.6399097e-265
      134.000  1.2013621e-263
      135.000  8.2585579e-262
      136.000  5.3348136e-260
      137.000  3.2427223e-258
      138.000  1.8571602e-256
      139.000  1.0034490e-254
      140.000  5.1214008e-253
      141.000  2.4720415e-251
      142.000  1.1298153e-249
      143.000  4.8948653e-248
      144.000  2.0125133e-246
      145.000  7.8608829e-245
      146.000  2.9200845e-243
      147.000  1.0326558e-241
      148.000  3.4800416e-240
      149.000  1.1186724e-238
      150.000  3.4333716e-237
      151.000  1.0070176e-235
      152.000  2.8251411e-234
      153.000  7.5876684e-233
      154.000  1.9525861e-231
      155.000  4.8184206e-230
      156.000  1.1411473e-228
      157.000  2.5957456e-227
      158.000  5.6754234e-226
      159.000  1.1936420e-224
      160.000  2.4166040e-223
      161.000  4.7130330e-222
      162.000  8.8605264e-221
      163.000  1.6068513e-219
      164.000  2.8127748e-218
      165.000  4.7557204e-217
      166.000  7.7712714e-216
      167.000  1.2280839e-214
      168.000  1.8779486e-213
      169.000  2.7804325e-212
      170.000  3.9880577e-211
      171.000  5.5446294e-210
      172.000  7.4762124e-209
      173.000  9.7818117e-208
      174.000  1.2425412e-206
      175.000  1.5331201e-205
      176.000  1.8383603e-204
      177.000  2.1433070e-203
      178.000  2.4307649e-202
      179.000  2.6829175e-201
      180.000  2.8831946e-200
      181.000  3.0181098e-199
      182.000  3.0787786e-198
      183.000  3.0618794e-197
      184.000  2.9699130e-196
      185.000  2.8107444e-195
      186.000  2.5965287e-194
      187.000  2.3422192e-193
      188.000  2.0639041e-192
      189.000  1.7772171e-191
      190.000  1.4960236e-190
      191.000  1.2315106e-189
      192.000  9.9172456e-189
      193.000  7.8152990e-188
      194.000  6.0290242e-187
      195.000  4.5544683e-186
      196.000  3.3702104e-185
      197.000  2.4436646e-184
      198.000  1.7367019e-183
      199.000  1.2101500e-182
      200.000  8.2701220e-182
      201.000  5.5445894e-181
      202.000  3.6478343e-180
      203.000  2.3557549e-179
      204.000  1.4937333e-178
      205.000  9.3020867e-178
      206.000  5.6907058e-177
      207.000  3.4209145e-176
      208.000  2.0212425e-175
      209.000  1.1740926e-174
      210.000  6.7065574e-174
      211.000  3.7680261e-173
      212.000  2.0827961e-172
      213.000  1.1329167e-171
      214.000  6.0654831e-171
      215.000  3.1970182e-170
      216.000  1.6593247e-169
      217.000  8.4823615e-169
      218.000  4.2716152e-168
      219.000  2.1195643e-167
      220.000  1.0364964e-166
      221.000  4.9962214e-166
      222.000  2.3743934e-165
      223.000  1.1127144e-164
      224.000  5.1429969e-164
      225.000  2.3449321e-163
      226.000  1.0548831e-162
      227.000  4.6829083e-162
      228.000  2.0518237e-161
      229.000  8.8746668e-161
      230.000  3.7898750e-160
      231.000  1.5981977e-159
      232.000  6.6564026e-159
      233.000  2.7385562e-158
      234.000  1.1131278e-157
      235.000  4.4707138e-157
      236.000  1.7745292e-156
      237.000  6.9619164e-156
      238.000  2.7000861e-155
      239.000  1.0353622e-154
      240.000  3.9258584e-154
      241.000  1.4721945e-153
      242.000  5.4606421e-153
      243.000  2.0036822e-152
      244.000  7.2740842e-152
      245.000  2.6130573e-151
      246.000  9.2895894e-151
      247.000  3.2687074e-150
      248.000  1.1385224e-149
      249.000  3.9259642e-149
      250.000  1.3404254e-148
      251.000  4.5319178e-148
      252.000  1.5174527e-147
      253.000  5.0325950e-147
      254.000  1.6533377e-146
      255.000  5.3811149e-146
      256.000  1.7352884e-145
      257.000  5.5450646e-145
      258.000  1.7559948e-144
      259.000  5.5114629e-144
      260.000  1.7146771e-143
      261.000  5.2882696e-143
      262.000  1.6169775e-142
      263.000  4.9022586e-142
      264.000  1.4737789e-141
      265.000  4.3939361e-141
      266.000  1.2992754e-140
      267.000  3.8107896e-140
      268.000  1.1087523e-139
      269.000  3.2003608e-139
      270.000  9.1652976e-139
      271.000  2.6044455e-138
      272.000  7.3441635e-138
      273.000  2.0552493e-137
      274.000  5.7084470e-137
      275.000  1.5737597e-136
      276.000  4.3068628e-136
      277.000  1.1700931e-135
      278.000  3.1561002e-135
      279.000  8.4525112e-135
      280.000  2.2478044e-134
      281.000  5.9361082e-134
      282.000  1.5568539e-133
      283.000  4.0553510e-133
      284.000  1.0492402e-132
      285.000  2.6966105e-132
      286.000  6.8847598e-132
      287.000  1.7462912e-131
      288.000  4.4007987e-131
      289.000  1.1019515e-130
      290.000  2.7418171e-130
      291.000  6.7793469e-130
      292.000  1.6658607e-129
      293.000  4.0683526e-129
      294.000  9.8754034e-129
      295.000  2.3827274e-128
      296.000  5.7148348e-128
      297.000  1.3626019e-127
      298.000  3.2299521e-127
      299.000  7.6122051e-127
      300.000  1.7837637e-126
      301.000  4.1562475e-126
      302.000  9.6300204e-126
      303.000  2.2189060e-125
      304.000  5.0846415e-125
      305.000  1.1588174e-124
      306.000  2.6267950e-124
      307.000  5.9226591e-124
      308.000  1.3283402e-123
      309.000  2.9636452e-123
      310.000  6.5779338e-123
      311.000  1.4525160e-122
      312.000  3.1911113e-122
      313.000  6.9754754e-122
      314.000  1.5171810e-121
      315.000  3.2836239e-121
      316.000  7.0719998e-121
      317.000  1.5157376e-120
      318.000  3.2330965e-120
      319.000  6.8635028e-120
      320.000  1.4501898e-119
      321.000  3.0498253e-119
      322.000  6.3843257e-119
      323.000  1.3303434e-118
      324.000  2.7595585e-118
      325.000  5.6985031e-118
      326.000  1.1715082e-117
      327.000  2.3977890e-117
      328.000  4.8862457e-117
      329.000  9.9141544e-117
      330.000  2.0029460e-116
      331.000  4.0293307e-116
      332.000  8.0716707e-116
      333.000  1.6101908e-115
      334.000  3.1988284e-115
      335.000  6.3287857e-115
      336.000  1.2470436e-114
      337.000  2.4473180e-114
      338.000  4.7836820e-114
      339.000  9.3134951e-114
      340.000  1.8061623e-113
      341.000  3.4890692e-113
      342.000  6.7140716e-113
      343.000  1.2870654e-112
      344.000  2.4579214e-112
      345.000  4.6763011e-112
      346.000  8.8637646e-112
      347.000  1.6738989e-111
      348.000  3.1495562e-111
      349.000  5.9046248e-111
      350.000  1.1029900e-110
      351.000  2.0530550e-110
      352.000  3.8079612e-110
      353.000  7.0381816e-110
      354.000  1.2963354e-109
      355.000  2.3794468e-109
      356.000  4.3526022e-109
      357.000  7.9350347e-109
      358.000  1.4417432e-108
      359.000  2.6108289e-108
      360.000  4.7122947e-108
      361.000  8.4773856e-108
      362.000  1.5201230e-107
      363.000  2.7170304e-107
      364.000  4.8408407e-107
      365.000  8.5974381e-107
      366.000  1.5221260e-106
      367.000  2.6864366e-106
      368.000  4.7267007e-106
      369.000  8.2909841e-106
      370.000  1.4498776e-105
      371.000  2.5278110e-105
      372.000  4.3939635e-105
      373.000  7.6151304e-105
      374.000  1.3158842e-104
      375.000  2.2671888e-104
      376.000  3.8949110e-104
      377.000  6.6720188e-104
      378.000  1.1396639e-103
      379.000  1.9411806e-103
      380.000  3.2971176e-103
      381.000  5.5845981e-103
      382.000  9.4329580e-103
      383.000  1.5889557e-102
      384.000  2.6692727e-102
      385.000  4.4719873e-102
      386.000  7.4721189e-102
      387.000  1.2451785e-101
      388.000  2.0695363e-101
      389.000  3.4306540e-101
      390.000  5.6722057e-101
      391.000  9.3542052e-101
      392.000  1.5386869e-100
      393.000  2.5245883e-100
      394.000  4.1317709e-100
      395.000  6.7452113e-100
      396.000   1.0984412e-99
      397.000   1.7843832e-99
      398.000   2.8915957e-99
      399.000   4.6744786e-99
      400.000   7.5384632e-99
      401.000   1.2128144e-98
      402.000   1.9465946e-98
      403.000   3.1169800e-98
      404.000   4.9794048e-98
      405.000   7.9362129e-98
      406.000   1.2619702e-97
      407.000   2.0021295e-97
      408.000   3.1692013e-97
      409.000   5.0052908e-97
      410.000   7.8874717e-97
      411.000   1.2401734e-96
      412.000   1.9456742e-96
      413.000   3.0458458e-96
      414.000   4.7577618e-96
      415.000   7.4158556e-96
      416.000   1.1534278e-95
      417.000   1.7901804e-95
      418.000   2.7725990e-95
      419.000   4.2851675e-95
      420.000   6.6091483e-95
      421.000   1.0172474e-94
      422.000   1.5624908e-94
      423.000   2.3951045e-94
      424.000   3.6639862e-94
      425.000   5.5938621e-94
      426.000   8.5232340e-94
      427.000   1.2960981e-93
      428.000   1.9670625e-93
      429.000   2.9795540e-93
      430.000   4.5044637e-93
      431.000   6.7967221e-93
      432.000   1.0235907e-92
      433.000   1.5386127e-92
      434.000   2.3084165e-92
      435.000   3.4568976e-92
      436.000   5.1671608e-92
      437.000   7.7093203e-92
      438.000   1.1481123e-91
      439.000   1.7067198e-91
      440.000   2.5325328e-91
      441.000   3.7511832e-91
      442.000   5.5463480e-91
      443.000   8.1860963e-91
      444.000   1.2060982e-90
      445.000   1.7739026e-90
      446.000   2.6044931e-90
      447.000   3.8174036e-90
      448.000   5.5855946e-90
      449.000   8.1589104e-90
      450.000   1.1897652e-89
      451.000   1.7320548e-89
      452.000   2.5173179e-89
      453.000   3.6525434e-89
      454.000   5.2910073e-89
      455.000   7.6519425e-89
      456.000   1.1048417e-88
      457.000   1.5926785e-88
      458.000   2.2922419e-88
      459.000   3.2938331e-88
      460.000   4.7255903e-88
      461.000   6.7690599e-88
      462.000   9.6810596e-88
      463.000   1.3824330e-87
      464.000   1.9710438e-87
      465.000   2.8059750e-87
      466.000   3.9885123e-87
      467.000   5.6608537e-87
      468.000   8.0223390e-87
      469.000   1.1351999e-86
      470.000   1.6039841e-86
      471.000   2.2630195e-86
      472.000   3.1881672e-86
      473.000   4.4850004e-86
      474.000   6.3002313e-86
      475.000   8.8374524e-86
      476.000   1.2378790e-85
      477.000   1.7314650e-85
      478.000   2.4184522e-85
      479.000   3.3732881e-85
      480.000   4.6985656e-85
      481.000   6.5354704e-85
      482.000   9.0780350e-85
      483.000   1.2592560e-84
      484.000   1.7444037e-84
      485.000   2.4132065e-84
      486.000   3.3339576e-84
      487.000   4.5998890e-84
      488.000   6.3381118e-84
      489.000   8.7217017e-84
      490.000   1.1986016e-83
      491.000   1.6450695e-83
      492.000   2.2549289e-83
      493.000   3.0869109e-83
      494.000   4.2204752e-83
      495.000   5.7629917e-83
      496.000   7.8593632e-83
      497.000   1.0704903e-82
      498.000   1.4562551e-82
      499.000   1.9785851e-82
      500.000   2.6849600e-82
      501.000   3.6390657e-82
      502.000   4.9262241e-82
      503.000   6.6606063e-82
      504.000   8.9948065e-82
      505.000   1.2132532e-81
      506.000   1.6345407e-81
      507.000   2.1995190e-81
      508.000   2.9563131e-81
      509.000   3.9688700e-81
      510.000   5.3220634e-81
      511.000   7.1284138e-81
      512.000   9.5369252e-81
      513.000   1.2744693e-80
      514.000   1.7012135e-80
      515.000   2.2682950e-80
      516.000   3.0210256e-80
      517.000   4.0190761e-80
      518.000   5.3409415e-80
      519.000   7.0897670e-80
      520.000   9.4009427e-80
      521.000   1.2451994e-79
      522.000   1.6475445e-79
      523.000   2.1775537e-79
      524.000   2.8749925e-79
      525.000   3.7917819e-79
      526.000   4.9956432e-79
      527.000   6.5748148e-79
      528.000   8.6441494e-79
      529.000   1.1352989e-78
      530.000   1.4895324e-78
      531.000   1.9522884e-78
      532.000   2.5562000e-78
      533.000   3.3435283e-78
      534.000   4.3689491e-78
      535.000   5.7031295e-78
      536.000   7.4373153e-78
      537.000   9.6892081e-78
      538.000   1.2610489e-77
      539.000   1.6396437e-77
      540.000   2.1298222e-77
      541.000   2.7638589e-77
      542.000   3.5831863e-77
      543.000   4.6409428e-77
      544.000   6.0052164e-77
      545.000   7.7631684e-77
      546.000   1.0026273e-76
      547.000   1.2936967e-76
      548.000   1.6677082e-76
      549.000   2.1478529e-76
      550.000   2.7636821e-76
      551.000   3.5528175e-76
      552.000   4.5631123e-76
      553.000   5.8553790e-76
      554.000   7.5068304e-76
      555.000   9.6154153e-76
      556.000   1.2305279e-75
      557.000   1.5733630e-75
      558.000   2.0099375e-75
      559.000   2.5653959e-75
      560.000   3.2714966e-75
      561.000   4.1683180e-75
      562.000   5.3063945e-75
      563.000   6.7493901e-75
      564.000   8.5774431e-75
      565.000   1.0891343e-74
      566.000   1.3817749e-74
      567.000   1.7515694e-74
      568.000   2.2184698e-74
      569.000   2.8074871e-74
      570.000   3.5499479e-74
      571.000   4.4850579e-74
      572.000   5.6618437e-74
      573.000   7.1415637e-74
      574.000   9.0006986e-74
      575.000   1.1334659e-73
      576.000   1.4262374e-73
      577.000   1.7931976e-73
      578.000   2.2527824e-73
      579.000   2.8279185e-73
      580.000   3.5470956e-73
      581.000   4.4456882e-73
      582.000   5.5675865e-73
      583.000   6.9672045e-73
      584.000   8.7119521e-73
      585.000   1.0885276e-72
      586.000   1.3590399e-72
      587.000   1.6954908e-72
      588.000   2.1136389e-72
      589.000   2.6329341e-72
      590.000   3.2773639e-72
      591.000   4.0764909e-72
      592.000   5.0667219e-72
      593.000   6.2928599e-72
      594.000   7.8100008e-72
      595.000   9.6858498e-72
      596.000   1.2003547e-71
      597.000   1.4865116e-71
      598.000   1.8395660e-71
      599.000   2.2748481e-71
      600.000   2.8111300e-71
      601.000   3.4713828e-71
      602.000   4.2836963e-71
      603.000   5.2823958e-71
      604.000   6.5093980e-71
      605.000   8.0158545e-71
      606.000   9.8641450e-71
      607.000   1.2130289e-70
      608.000   1.4906869e-70
      609.000   1.8306561e-70
      610.000   2.2466404e-70
      611.000   2.7552963e-70
      612.000   3.3768550e-70
      613.000   4.1358742e-70
      614.000   5.0621432e-70
      615.000   6.1917748e-70
      616.000   7.5685189e-70
      617.000   9.2453434e-70
      618.000   1.1286336e-69
      619.000   1.3768989e-69
      620.000   1.6786945e-69
      621.000   2.0453288e-69
      622.000   2.4904500e-69
      623.000   3.0305195e-69
      624.000   3.6853794e-69
      625.000   4.4789325e-69
      626.000   5.4399556e-69
      627.000   6.6030714e-69
      628.000   8.0099120e-69
      629.000   9.7105065e-69
      630.000   1.1764939e-68
      631.000   1.4245327e-68
      632.000   1.7238179e-68
      633.000   2.0847202e-68
      634.000   2.5196654e-68
      635.000   3.0435322e-68
      636.000   3.6741265e-68
      637.000   4.4327444e-68
      638.000   5.3448421e-68
      639.000   6.4408306e-68
      640.000   7.7570195e-68
      641.000   9.3367363e-68
      642.000   1.1231653e-67
      643.000   1.3503360e-67
      644.000   1.6225225e-67
      645.000   1.9484600e-67
      646.000   2.3385429e-67
      647.000   2.8051324e-67
      648.000   3.3629214e-67
      649.000   4.0293645e-67
      650.000   4.8251853e-67
      651.000   5.7749755e-67
      652.000   6.9079015e-67
      653.000   8.2585359e-67
      654.000   9.8678383e-67
      655.000   1.1784309e-66
      656.000   1.4065346e-66
      657.000   1.6778844e-66
      658.000   2.0005068e-66
      659.000   2.3838857e-66
      660.000   2.8392220e-66
      661.000   3.3797362e-66
      662.000   4.0210259e-66
      663.000   4.7814824e-66
      664.000   5.6827812e-66
      665.000   6.7504543e-66
      666.000   8.0145620e-66
      667.000   9.5104776e-66
      668.000   1.1279805e-65
      669.000   1.3371454e-65
      670.000   1.5842891e-65
      671.000   1.8761603e-65
      672.000   2.2206812e-65
      673.000   2.6271458e-65
      674.000   3.1064532e-65
      675.000   3.6713782e-65
      676.000   4.3368863e-65
      677.000   5.1205018e-65
      678.000   6.0427348e-65
      679.000   7.1275787e-65
      680.000   8.4030880e-65
      681.000   9.9020507e-65
      682.000   1.1662768e-64
      683.000   1.3729963e-64
      684.000   1.6155827e-64
      685.000   1.9001244e-64
      686.000   2.2337205e-64
      687.000   2.6246443e-64
      688.000   3.0825336e-64
      689.000   3.6186103e-64
      690.000   4.2459349e-64
      691.000   4.9797007e-64
      692.000   5.8375743e-64
      693.000   6.8400890e-64
      694.000   8.0110988e-64
      695.000   9.3783039e-64
      696.000   1.0973856e-63
      697.000   1.2835056e-63
      698.000   1.5005163e-63
      699.000   1.7534321e-63
      700.000   2.0480628e-63
      701.000   2.3911375e-63
      702.000   2.7904457e-63
      703.000   3.2550016e-63
      704.000   3.7952313e-63
      705.000   4.4231891e-63
      706.000   5.1528060e-63
      707.000   6.0001749e-63
      708.000   6.9838784e-63
      709.000   8.1253646e-63
      710.000   9.4493789e-63
      711.000   1.0984459e-62
      712.000   1.2763503e-62
      713.000   1.4824418e-62
      714.000   1.7210867e-62
      715.000   1.9973123e-62
      716.000   2.3169042e-62
      717.000   2.6865182e-62
      718.000   3.1138085e-62
      719.000   3.6075732e-62
      720.000   4.1779217e-62
      721.000   4.8364652e-62
      722.000   5.5965349e-62
      723.000   6.4734301e-62
      724.000   7.4847027e-62
      725.000   8.6504800e-62
      726.000   9.9938344e-62
      727.000   1.1541203e-61
      728.000   1.3322869e-61
      729.000   1.5373504e-61
      730.000   1.7732792e-61
      731.000   2.0446134e-61
      732.000   2.3565455e-61
      733.000   2.7150117e-61
      734.000   3.1267957e-61
      735.000   3.5996472e-61
      736.000   4.1424155e-61
      737.000   4.7652027e-61
      738.000   5.4795356e-61
      739.000   6.2985628e-61
      740.000   7.2372767e-61
      741.000   8.3127662e-61
      742.000   9.5445024e-61
      743.000   1.0954663e-60
      744.000   1.2568498e-60
      745.000   1.4414747e-60
      746.000   1.6526110e-60
      747.000   1.8939777e-60
      748.000   2.1698030e-60
      749.000   2.4848926e-60
      750.000   2.8447064e-60
      751.000   3.2554453e-60
      752.000   3.7241498e-60
      753.000   4.2588100e-60
      754.000   4.8684913e-60
      755.000   5.5634753e-60
      756.000   6.3554189e-60
      757.000   7.2575335e-60
      758.000   8.2847877e-60
      759.000   9.4541348e-60
      760.000   1.0784770e-59
      761.000   1.2298417e-59
      762.000   1.4019658e-59
      763.000   1.5976296e-59
      764.000   1.8199767e-59
      765.000   2.0725603e-59
      766.000   2.3593955e-59
      767.000   2.6850175e-59
      768.000   3.0545474e-59
      769.000   3.4737660e-59
      770.000   3.9491967e-59
      771.000   4.4881986e-59
      772.000   5.0990705e-59
      773.000   5.7911683e-59
      774.000   6.5750359e-59
      775.000   7.4625524e-59
      776.000   8.4670973e-59
      777.000   9.6037343e-59
      778.000   1.0889419e-58
      779.000   1.2343230e-58
      780.000   1.3986626e-58
      781.000   1.5843742e-58
      782.000   1.7941704e-58
      783.000   2.0310999e-58
      784.000   2.2985878e-58
      785.000   2.6004808e-58
      786.000   2.9410978e-58
      787.000   3.3252865e-58
      788.000   3.7584865e-58
      789.000   4.2467993e-58
      790.000   4.7970674e-58
      791.000   5.4169616e-58
      792.000   6.1150789e-58
      793.000   6.9010510e-58
      794.000   7.7856664e-58
      795.000   8.7810050e-58
      796.000   9.9005890e-58
      797.000   1.1159551e-57
      798.000   1.2574820e-57
      799.000   1.4165330e-57
      800.000   1.5952251e-57
      801.000   1.7959246e-57
      802.000   2.0212756e-57
      803.000   2.2742321e-57
      804.000   2.5580929e-57
      805.000   2.8765414e-57
      806.000   3.2336884e-57
      807.000   3.6341214e-57
      808.000   4.0829576e-57
      809.000   4.5859041e-57
      810.000   5.1493236e-57
      811.000   5.7803081e-57
      812.000   6.4867600e-57
      813.000   7.2774827e-57
      814.000   8.1622800e-57
      815.000   9.1520675e-57
      816.000   1.0258995e-56
      817.000   1.1496581e-56
      818.000   1.2879867e-56
      819.000   1.4425580e-56
      820.000   1.6152317e-56
      821.000   1.8080751e-56
      822.000   2.0233855e-56
      823.000   2.2637152e-56
      824.000   2.5318988e-56
      825.000   2.8310839e-56
      826.000   3.1647646e-56
      827.000   3.5368186e-56
      828.000   3.9515482e-56
      829.000   4.4137257e-56
      830.000   4.9286430e-56
      831.000   5.5021672e-56
      832.000   6.1408010e-56
      833.000   6.8517496e-56
      834.000   7.6429954e-56
      835.000   8.5233783e-56
      836.000   9.5026864e-56
      837.000   1.0591755e-55
      838.000   1.1802573e-55
      839.000   1.3148408e-55
      840.000   1.4643934e-55
      841.000   1.6305376e-55
      842.000   1.8150675e-55
      843.000   2.0199658e-55
      844.000   2.2474236e-55
      845.000   2.4998615e-55
      846.000   2.7799527e-55
      847.000   3.0906493e-55
      848.000   3.4352100e-55
      849.000   3.8172314e-55
      850.000   4.2406819e-55
      851.000   4.7099393e-55
      852.000   5.2298314e-55
      853.000   5.8056818e-55
      854.000   6.4433585e-55
      855.000   7.1493289e-55
      856.000   7.9307185e-55
      857.000   8.7953767e-55
      858.000   9.7519480e-55
      859.000   1.0809950e-54
      860.000   1.1979861e-54
      861.000   1.3273211e-54
      862.000   1.4702686e-54
      863.000   1.6282242e-54
      864.000   1.8027227e-54
      865.000   1.9954518e-54
      866.000   2.2082664e-54
      867.000   2.4432053e-54
      868.000   2.7025086e-54
      869.000   2.9886371e-54
      870.000   3.3042935e-54
      871.000   3.6524454e-54
      872.000   4.0363504e-54
      873.000   4.4595841e-54
      874.000   4.9260700e-54
      875.000   5.4401120e-54
      876.000   6.0064312e-54
      877.000   6.6302042e-54
      878.000   7.3171064e-54
      879.000   8.0733586e-54
      880.000   8.9057778e-54
      881.000   9.8218329e-54
      882.000   1.0829705e-53
      883.000   1.1938354e-53
      884.000   1.3157590e-53
      885.000   1.4498151e-53
      886.000   1.5971790e-53
      887.000   1.7591368e-53
      888.000   1.9370954e-53
      889.000   2.1325934e-53
      890.000   2.3473137e-53
      891.000   2.5830958e-53
      892.000   2.8419506e-53
      893.000   3.1260757e-53
      894.000   3.4378721e-53
      895.000   3.7799627e-53
      896.000   4.1552121e-53
      897.000   4.5667483e-53
      898.000   5.0179861e-53
      899.000   5.5126529e-53
      900.000   6.0548161e-53
      901.000   6.6489135e-53
      902.000   7.2997860e-53
      903.000   8.0127132e-53
      904.000   8.7934519e-53
      905.000   9.6482779e-53
      906.000   1.0584032e-52
      907.000   1.1608168e-52
      908.000   1.2728808e-52
      909.000   1.3954799e-52
      910.000   1.5295777e-52
      911.000   1.6762234e-52
      912.000   1.8365591e-52
      913.000   2.0118281e-52
      914.000   2.2033835e-52
      915.000   2.4126974e-52
      916.000   2.6413712e-52
      917.000   2.8911467e-52
      918.000   3.1639179e-52
      919.000   3.4617439e-52
      920.000   3.7868632e-52
      921.000   4.1417085e-52
      922.000   4.5289230e-52
      923.000   4.9513784e-52
      924.000   5.4121940e-52
      925.000   5.9147571e-52
      926.000   6.4627458e-52
      927.000   7.0601528e-52
      928.000   7.7113118e-52
      929.000   8.4209258e-52
      930.000   9.1940971e-52
      931.000   1.0036361e-51
      932.000   1.0953721e-51
      933.000   1.1952687e-51
      934.000   1.3040317e-51
      935.000   1.4224262e-51
      936.000   1.5512814e-51
      937.000   1.6914960e-51
      938.000   1.8440433e-51
      939.000   2.0099779e-51
      940.000   2.1904420e-51
      941.000   2.3866722e-51
      942.000   2.6000074e-51
      943.000   2.8318970e-51
      944.000   3.0839094e-51
      945.000   3.3577421e-51
      946.000   3.6552313e-51
      947.000   3.9783634e-51
      948.000   4.3292865e-51
      949.000   4.7103238e-51
      950.000   5.1239866e-51
      951.000   5.5729898e-51
      952.000   6.0602675e-51
      953.000   6.5889902e-51
      954.000   7.1625836e-51
      955.000   7.7847478e-51
      956.000   8.4594794e-51
      957.000   9.1910941e-51
      958.000   9.9842516e-51
      959.000   1.0843982e-50
      960.000   1.1775713e-50
      961.000   1.2785306e-50
      962.000   1.3879079e-50
      963.000   1.5063854e-50
      964.000   1.6346986e-50
      965.000   1.7736405e-50
      966.000   1.9240667e-50
      967.000   2.0868992e-50
      968.000   2.2631318e-50
      969.000   2.4538358e-50
      970.000   2.6601655e-50
      971.000   2.8833644e-50
      972.000   3.1247721e-50
      973.000   3.3858315e-50
      974.000   3.6680963e-50
      975.000   3.9732394e-50
      976.000   4.3030616e-50
      977.000   4.6595015e-50
      978.000   5.0446451e-50
      979.000   5.4607371e-50
      980.000   5.9101925e-50
      981.000   6.3956091e-50
      982.000   6.9197808e-50
      983.000   7.4857120e-50
      984.000   8.0966330e-50
      985.000   8.7560166e-50
      986.000   9.4675953e-50
      987.000   1.0235381e-49
      988.000   1.1063683e-49
      989.000   1.1957133e-49
      990.000   1.2920706e-49
      991.000   1.3959744e-49
      992.000   1.5079985e-49
      993.000   1.6287589e-49
      994.000   1.7589170e-49
      995.000   1.8991828e-49
      996.000   2.0503180e-49
      997.000   2.2131404e-49
      998.000   2.3885270e-49
      999.000   2.5774190e-49
      1000.00   2.7808256e-49
      1001.00   2.9998293e-49
      1002.00   3.2355908e-49
      1003.00   3.4893546e-49
      1004.00   3.7624547e-49
      1005.00   4.0563208e-49
      1006.00   4.3724854e-49
      1007.00   4.7125903e-49
      1008.00   5.0783945e-49
      1009.00   5.4717823e-49
      1010.00   5.8947720e-49
      1011.00   6.3495249e-49
      1012.00   6.8383551e-49
      1013.00   7.3637402e-49
      1014.00   7.9283324e-49
      1015.00   8.5349703e-49
      1016.00   9.1866916e-49
      1017.00   9.8867466e-49
      1018.00   1.0638613e-48
      1019.00   1.1446010e-48
      1020.00   1.2312917e-48
      1021.00   1.3243587e-48
      1022.00   1.4242572e-48
      1023.00   1.5314733e-48
      1024.00   1.6465271e-48
      1025.00   1.7699743e-48
      1026.00   1.9024087e-48
      1027.00   2.0444649e-48
      1028.00   2.1968209e-48
      1029.00   2.3602009e-48
      1030.00   2.5353785e-48
      1031.00   2.7231799e-48
      1032.00   2.9244871e-48
      1033.00   3.1402421e-48
      1034.00   3.3714503e-48
      1035.00   3.6191850e-48
      1036.00   3.8845915e-48
      1037.00   4.1688922e-48
      1038.00   4.4733912e-48
      1039.00   4.7994799e-48
      1040.00   5.1486422e-48
      1041.00   5.5224612e-48
      1042.00   5.9226248e-48
      1043.00   6.3509328e-48
      1044.00   6.8093044e-48
      1045.00   7.2997849e-48
      1046.00   7.8245549e-48
      1047.00   8.3859379e-48
      1048.00   8.9864101e-48
      1049.00   9.6286096e-48
      1050.00   1.0315347e-47
      1051.00   1.1049616e-47
      1052.00   1.1834606e-47
      1053.00   1.2673711e-47
      1054.00   1.3570548e-47
      1055.00   1.4528966e-47
      1056.00   1.5553062e-47
      1057.00   1.6647199e-47
      1058.00   1.7816017e-47
      1059.00   1.9064458e-47
      1060.00   2.0397777e-47
      1061.00   2.1821566e-47
      1062.00   2.3341771e-47
      1063.00   2.4964721e-47
      1064.00   2.6697142e-47
      1065.00   2.8546190e-47
      1066.00   3.0519470e-47
      1067.00   3.2625070e-47
      1068.00   3.4871585e-47
      1069.00   3.7268152e-47
      1070.00   3.9824479e-47
      1071.00   4.2550883e-47
      1072.00   4.5458326e-47
      1073.00   4.8558451e-47
      1074.00   5.1863629e-47
      1075.00   5.5386996e-47
      1076.00   5.9142503e-47
      1077.00   6.3144964e-47
      1078.00   6.7410108e-47
      1079.00   7.1954630e-47
      1080.00   7.6796255e-47
      1081.00   8.1953794e-47
      1082.00   8.7447207e-47
      1083.00   9.3297678e-47
      1084.00   9.9527680e-47
      1085.00   1.0616105e-46
      1086.00   1.1322309e-46
      1087.00   1.2074061e-46
      1088.00   1.2874207e-46
      1089.00   1.3725761e-46
      1090.00   1.4631924e-46
      1091.00   1.5596084e-46
      1092.00   1.6621835e-46
      1093.00   1.7712988e-46
      1094.00   1.8873579e-46
      1095.00   2.0107885e-46
      1096.00   2.1420439e-46
      1097.00   2.2816044e-46
      1098.00   2.4299786e-46
      1099.00   2.5877052e-46
      1100.00   2.7553549e-46
      1101.00   2.9335320e-46
      1102.00   3.1228764e-46
      1103.00   3.3240653e-46
      1104.00   3.5378160e-46
      1105.00   3.7648876e-46
      1106.00   4.0060834e-46
      1107.00   4.2622536e-46
      1108.00   4.5342981e-46
      1109.00   4.8231687e-46
      1110.00   5.1298724e-46
      1111.00   5.4554747e-46
      1112.00   5.8011022e-46
      1113.00   6.1679468e-46
      1114.00   6.5572686e-46
      1115.00   6.9704002e-46
      1116.00   7.4087504e-46
      1117.00   7.8738086e-46
      1118.00   8.3671492e-46
      1119.00   8.8904362e-46
      1120.00   9.4454282e-46
      1121.00   1.0033983e-45
      1122.00   1.0658065e-45
      1123.00   1.1319749e-45
      1124.00   1.2021225e-45
      1125.00   1.2764808e-45
      1126.00   1.3552944e-45
      1127.00   1.4388214e-45
      1128.00   1.5273345e-45
      1129.00   1.6211215e-45
      1130.00   1.7204865e-45
      1131.00   1.8257501e-45
      1132.00   1.9372510e-45
      1133.00   2.0553468e-45
      1134.00   2.1804146e-45
      1135.00   2.3128523e-45
      1136.00   2.4530801e-45
      1137.00   2.6015409e-45
      1138.00   2.7587022e-45
      1139.00   2.9250570e-45
      1140.00   3.1011253e-45
      1141.00   3.2874555e-45
      1142.00   3.4846257e-45
      1143.00   3.6932459e-45
      1144.00   3.9139587e-45
      1145.00   4.1474418e-45
      1146.00   4.3944096e-45
      1147.00   4.6556149e-45
      1148.00   4.9318511e-45
      1149.00   5.2239544e-45
      1150.00   5.5328058e-45
      1151.00   5.8593334e-45
      1152.00   6.2045151e-45
      1153.00   6.5693809e-45
      1154.00   6.9550158e-45
      1155.00   7.3625623e-45
      1156.00   7.7932239e-45
      1157.00   8.2482674e-45
      1158.00   8.7290269e-45
      1159.00   9.2369069e-45
      1160.00   9.7733858e-45
      1161.00   1.0340020e-44
      1162.00   1.0938447e-44
      1163.00   1.1570391e-44
      1164.00   1.2237666e-44
      1165.00   1.2942179e-44
      1166.00   1.3685940e-44
      1167.00   1.4471061e-44
      1168.00   1.5299764e-44
      1169.00   1.6174385e-44
      1170.00   1.7097384e-44
      1171.00   1.8071345e-44
      1172.00   1.9098987e-44
      1173.00   2.0183168e-44
      1174.00   2.1326892e-44
      1175.00   2.2533319e-44
      1176.00   2.3805769e-44
      1177.00   2.5147731e-44
      1178.00   2.6562875e-44
      1179.00   2.8055054e-44
      1180.00   2.9628319e-44
      1181.00   3.1286925e-44
      1182.00   3.3035343e-44
      1183.00   3.4878270e-44
      1184.00   3.6820640e-44
      1185.00   3.8867634e-44
      1186.00   4.1024694e-44
      1187.00   4.3297536e-44
      1188.00   4.5692160e-44
      1189.00   4.8214866e-44
      1190.00   5.0872271e-44
      1191.00   5.3671318e-44
      1192.00   5.6619297e-44
      1193.00   5.9723859e-44
      1194.00   6.2993032e-44
      1195.00   6.6435245e-44
      1196.00   7.0059339e-44
      1197.00   7.3874591e-44
      1198.00   7.7890735e-44
      1199.00   8.2117984e-44
      1200.00   8.6567047e-44
      1201.00   9.1249161e-44
      1202.00   9.6176108e-44
      1203.00   1.0136025e-43
      1204.00   1.0681453e-43
      1205.00   1.1255256e-43
      1206.00   1.1858856e-43
      1207.00   1.2493749e-43
      1208.00   1.3161499e-43
      1209.00   1.3863747e-43
      1210.00   1.4602213e-43
      1211.00   1.5378701e-43
      1212.00   1.6195098e-43
      1213.00   1.7053385e-43
      1214.00   1.7955635e-43
      1215.00   1.8904022e-43
      1216.00   1.9900821e-43
      1217.00   2.0948417e-43
      1218.00   2.2049308e-43
      1219.00   2.3206109e-43
      1220.00   2.4421560e-43
      1221.00   2.5698530e-43
      1222.00   2.7040022e-43
      1223.00   2.8449182e-43
      1224.00   2.9929302e-43
      1225.00   3.1483830e-43
      1226.00   3.3116373e-43
      1227.00   3.4830707e-43
      1228.00   3.6630786e-43
      1229.00   3.8520747e-43
      1230.00   4.0504917e-43
      1231.00   4.2587826e-43
      1232.00   4.4774213e-43
      1233.00   4.7069036e-43
      1234.00   4.9477482e-43
      1235.00   5.2004975e-43
      1236.00   5.4657190e-43
      1237.00   5.7440062e-43
      1238.00   6.0359799e-43
      1239.00   6.3422890e-43
      1240.00   6.6636123e-43
      1241.00   7.0006592e-43
      1242.00   7.3541718e-43
      1243.00   7.7249256e-43
      1244.00   8.1137313e-43
      1245.00   8.5214362e-43
      1246.00   8.9489261e-43
      1247.00   9.3971265e-43
      1248.00   9.8670047e-43
      1249.00   1.0359571e-42
      1250.00   1.0875883e-42
      1251.00   1.1417042e-42
      1252.00   1.1984202e-42
      1253.00   1.2578567e-42
      1254.00   1.3201394e-42
      1255.00   1.3853997e-42
      1256.00   1.4537749e-42
      1257.00   1.5254082e-42
      1258.00   1.6004492e-42
      1259.00   1.6790542e-42
      1260.00   1.7613863e-42
      1261.00   1.8476158e-42
      1262.00   1.9379204e-42
      1263.00   2.0324859e-42
      1264.00   2.1315058e-42
      1265.00   2.2351823e-42
      1266.00   2.3437266e-42
      1267.00   2.4573587e-42
      1268.00   2.5763085e-42
      1269.00   2.7008156e-42
      1270.00   2.8311304e-42
      1271.00   2.9675137e-42
      1272.00   3.1102378e-42
      1273.00   3.2595867e-42
      1274.00   3.4158566e-42
      1275.00   3.5793565e-42
      1276.00   3.7504086e-42
      1277.00   3.9293489e-42
      1278.00   4.1165279e-42
      1279.00   4.3123108e-42
      1280.00   4.5170786e-42
      1281.00   4.7312285e-42
      1282.00   4.9551744e-42
      1283.00   5.1893479e-42
      1284.00   5.4341989e-42
      1285.00   5.6901963e-42
      1286.00   5.9578285e-42
      1287.00   6.2376050e-42
      1288.00   6.5300563e-42
      1289.00   6.8357354e-42
      1290.00   7.1552184e-42
      1291.00   7.4891054e-42
      1292.00   7.8380218e-42
      1293.00   8.2026190e-42
      1294.00   8.5835753e-42
      1295.00   8.9815977e-42
      1296.00   9.3974219e-42
      1297.00   9.8318147e-42
      1298.00   1.0285574e-41
      1299.00   1.0759532e-41
      1300.00   1.1254552e-41
      1301.00   1.1771538e-41
      1302.00   1.2311425e-41
      1303.00   1.2875192e-41
      1304.00   1.3463855e-41
      1305.00   1.4078472e-41
      1306.00   1.4720144e-41
      1307.00   1.5390017e-41
      1308.00   1.6089285e-41
      1309.00   1.6819188e-41
      1310.00   1.7581019e-41
      1311.00   1.8376121e-41
      1312.00   1.9205893e-41
      1313.00   2.0071790e-41
      1314.00   2.0975324e-41
      1315.00   2.1918070e-41
      1316.00   2.2901665e-41
      1317.00   2.3927813e-41
      1318.00   2.4998284e-41
      1319.00   2.6114921e-41
      1320.00   2.7279639e-41
      1321.00   2.8494430e-41
      1322.00   2.9761365e-41
      1323.00   3.1082596e-41
      1324.00   3.2460364e-41
      1325.00   3.3896994e-41
      1326.00   3.5394907e-41
      1327.00   3.6956616e-41
      1328.00   3.8584734e-41
      1329.00   4.0281979e-41
      1330.00   4.2051173e-41
      1331.00   4.3895250e-41
      1332.00   4.5817258e-41
      1333.00   4.7820364e-41
      1334.00   4.9907860e-41
      1335.00   5.2083164e-41
      1336.00   5.4349829e-41
      1337.00   5.6711543e-41
      1338.00   5.9172141e-41
      1339.00   6.1735603e-41
      1340.00   6.4406064e-41
      1341.00   6.7187819e-41
      1342.00   7.0085326e-41
      1343.00   7.3103218e-41
      1344.00   7.6246303e-41
      1345.00   7.9519575e-41
      1346.00   8.2928216e-41
      1347.00   8.6477611e-41
      1348.00   9.0173345e-41
      1349.00   9.4021219e-41
      1350.00   9.8027254e-41
      1351.00   1.0219770e-40
      1352.00   1.0653904e-40
      1353.00   1.1105801e-40
      1354.00   1.1576159e-40
      1355.00   1.2065703e-40
      1356.00   1.2575185e-40
      1357.00   1.3105386e-40
      1358.00   1.3657116e-40
      1359.00   1.4231215e-40
      1360.00   1.4828554e-40
      1361.00   1.5450037e-40
      1362.00   1.6096602e-40
      1363.00   1.6769222e-40
      1364.00   1.7468906e-40
      1365.00   1.8196700e-40
      1366.00   1.8953689e-40
      1367.00   1.9740999e-40
      1368.00   2.0559796e-40
      1369.00   2.1411290e-40
      1370.00   2.2296737e-40
      1371.00   2.3217435e-40
      1372.00   2.4174735e-40
      1373.00   2.5170033e-40
      1374.00   2.6204778e-40
      1375.00   2.7280473e-40
      1376.00   2.8398673e-40
      1377.00   2.9560993e-40
      1378.00   3.0769104e-40
      1379.00   3.2024740e-40
      1380.00   3.3329695e-40
      1381.00   3.4685831e-40
      1382.00   3.6095075e-40
      1383.00   3.7559425e-40
      1384.00   3.9080950e-40
      1385.00   4.0661794e-40
      1386.00   4.2304177e-40
      1387.00   4.4010402e-40
      1388.00   4.5782849e-40
      1389.00   4.7623988e-40
      1390.00   4.9536375e-40
      1391.00   5.1522656e-40
      1392.00   5.3585575e-40
      1393.00   5.5727968e-40
      1394.00   5.7952777e-40
      1395.00   6.0263045e-40
      1396.00   6.2661924e-40
      1397.00   6.5152676e-40
      1398.00   6.7738679e-40
      1399.00   7.0423430e-40
      1400.00   7.3210549e-40
      1401.00   7.6103783e-40
      1402.00   7.9107009e-40
      1403.00   8.2224241e-40
      1404.00   8.5459633e-40
      1405.00   8.8817485e-40
      1406.00   9.2302244e-40
      1407.00   9.5918515e-40
      1408.00   9.9671060e-40
      1409.00   1.0356481e-39
      1410.00   1.0760486e-39
      1411.00   1.1179648e-39
      1412.00   1.1614514e-39
      1413.00   1.2065648e-39
      1414.00   1.2533634e-39
      1415.00   1.3019076e-39
      1416.00   1.3522599e-39
      1417.00   1.4044848e-39
      1418.00   1.4586493e-39
      1419.00   1.5148223e-39
      1420.00   1.5730755e-39
      1421.00   1.6334826e-39
      1422.00   1.6961201e-39
      1423.00   1.7610670e-39
      1424.00   1.8284049e-39
      1425.00   1.8982183e-39
      1426.00   1.9705946e-39
      1427.00   2.0456239e-39
      1428.00   2.1233995e-39
      1429.00   2.2040178e-39
      1430.00   2.2875786e-39
      1431.00   2.3741847e-39
      1432.00   2.4639427e-39
      1433.00   2.5569625e-39
      1434.00   2.6533579e-39
      1435.00   2.7532463e-39
      1436.00   2.8567490e-39
      1437.00   2.9639916e-39
      1438.00   3.0751035e-39
      1439.00   3.1902187e-39
      1440.00   3.3094754e-39
      1441.00   3.4330165e-39
      1442.00   3.5609896e-39
      1443.00   3.6935472e-39
      1444.00   3.8308466e-39
      1445.00   3.9730505e-39
      1446.00   4.1203269e-39
      1447.00   4.2728493e-39
      1448.00   4.4307967e-39
      1449.00   4.5943542e-39
      1450.00   4.7637127e-39
      1451.00   4.9390694e-39
      1452.00   5.1206281e-39
      1453.00   5.3085990e-39
      1454.00   5.5031991e-39
      1455.00   5.7046524e-39
      1456.00   5.9131904e-39
      1457.00   6.1290518e-39
      1458.00   6.3524830e-39
      1459.00   6.5837386e-39
      1460.00   6.8230810e-39
      1461.00   7.0707812e-39
      1462.00   7.3271190e-39
      1463.00   7.5923829e-39
      1464.00   7.8668709e-39
      1465.00   8.1508901e-39
      1466.00   8.4447578e-39
      1467.00   8.7488011e-39
      1468.00   9.0633576e-39
      1469.00   9.3887756e-39
      1470.00   9.7254144e-39
      1471.00   1.0073645e-38
      1472.00   1.0433849e-38
      1473.00   1.0806421e-38
      1474.00   1.1191769e-38
      1475.00   1.1590311e-38
      1476.00   1.2002481e-38
      1477.00   1.2428724e-38
      1478.00   1.2869501e-38
      1479.00   1.3325288e-38
      1480.00   1.3796572e-38
      1481.00   1.4283860e-38
      1482.00   1.4787670e-38
      1483.00   1.5308541e-38
      1484.00   1.5847025e-38
      1485.00   1.6403693e-38
      1486.00   1.6979132e-38
      1487.00   1.7573948e-38
      1488.00   1.8188768e-38
      1489.00   1.8824233e-38
      1490.00   1.9481010e-38
      1491.00   2.0159781e-38
      1492.00   2.0861252e-38
      1493.00   2.1586150e-38
      1494.00   2.2335224e-38
      1495.00   2.3109246e-38
      1496.00   2.3909011e-38
      1497.00   2.4735339e-38
      1498.00   2.5589074e-38
      1499.00   2.6471087e-38
      1500.00   2.7382274e-38
      1501.00   2.8323559e-38
      1502.00   2.9295894e-38
      1503.00   3.0300258e-38
      1504.00   3.1337662e-38
      1505.00   3.2409146e-38
      1506.00   3.3515782e-38
      1507.00   3.4658672e-38
      1508.00   3.5838955e-38
      1509.00   3.7057799e-38
      1510.00   3.8316413e-38
      1511.00   3.9616036e-38
      1512.00   4.0957947e-38
      1513.00   4.2343464e-38
      1514.00   4.3773942e-38
      1515.00   4.5250777e-38
      1516.00   4.6775407e-38
      1517.00   4.8349311e-38
      1518.00   4.9974013e-38
      1519.00   5.1651082e-38
      1520.00   5.3382131e-38
      1521.00   5.5168825e-38
      1522.00   5.7012873e-38
      1523.00   5.8916037e-38
      1524.00   6.0880129e-38
      1525.00   6.2907017e-38
      1526.00   6.4998619e-38
      1527.00   6.7156912e-38
      1528.00   6.9383930e-38
      1529.00   7.1681767e-38
      1530.00   7.4052576e-38
      1531.00   7.6498572e-38
      1532.00   7.9022038e-38
      1533.00   8.1625319e-38
      1534.00   8.4310830e-38
      1535.00   8.7081054e-38
      1536.00   8.9938546e-38
      1537.00   9.2885936e-38
      1538.00   9.5925928e-38
      1539.00   9.9061303e-38
      1540.00   1.0229492e-37
      1541.00   1.0562973e-37
      1542.00   1.0906876e-37
      1543.00   1.1261511e-37
      1544.00   1.1627200e-37
      1545.00   1.2004271e-37
      1546.00   1.2393064e-37
      1547.00   1.2793926e-37
      1548.00   1.3207216e-37
      1549.00   1.3633302e-37
      1550.00   1.4072562e-37
      1551.00   1.4525387e-37
      1552.00   1.4992176e-37
      1553.00   1.5473341e-37
      1554.00   1.5969306e-37
      1555.00   1.6480505e-37
      1556.00   1.7007385e-37
      1557.00   1.7550407e-37
      1558.00   1.8110042e-37
      1559.00   1.8686777e-37
      1560.00   1.9281111e-37
      1561.00   1.9893557e-37
      1562.00   2.0524642e-37
      1563.00   2.1174908e-37
      1564.00   2.1844913e-37
      1565.00   2.2535229e-37
      1566.00   2.3246445e-37
      1567.00   2.3979164e-37
      1568.00   2.4734008e-37
      1569.00   2.5511615e-37
      1570.00   2.6312641e-37
      1571.00   2.7137760e-37
      1572.00   2.7987663e-37
      1573.00   2.8863063e-37
      1574.00   2.9764690e-37
      1575.00   3.0693294e-37
      1576.00   3.1649646e-37
      1577.00   3.2634538e-37
      1578.00   3.3648784e-37
      1579.00   3.4693219e-37
      1580.00   3.5768702e-37
      1581.00   3.6876114e-37
      1582.00   3.8016360e-37
      1583.00   3.9190370e-37
      1584.00   4.0399098e-37
      1585.00   4.1643525e-37
      1586.00   4.2924658e-37
      1587.00   4.4243531e-37
      1588.00   4.5601205e-37
      1589.00   4.6998769e-37
      1590.00   4.8437344e-37
      1591.00   4.9918079e-37
      1592.00   5.1442151e-37
      1593.00   5.3010774e-37
      1594.00   5.4625189e-37
      1595.00   5.6286673e-37
      1596.00   5.7996537e-37
      1597.00   5.9756124e-37
      1598.00   6.1566815e-37
      1599.00   6.3430028e-37
      1600.00   6.5347215e-37
      1601.00   6.7319870e-37
      1602.00   6.9349524e-37
      1603.00   7.1437748e-37
      1604.00   7.3586157e-37
      1605.00   7.5796406e-37
      1606.00   7.8070193e-37
      1607.00   8.0409261e-37
      1608.00   8.2815399e-37
      1609.00   8.5290442e-37
      1610.00   8.7836273e-37
      1611.00   9.0454825e-37
      1612.00   9.3148078e-37
      1613.00   9.5918067e-37
      1614.00   9.8766877e-37
      1615.00   1.0169665e-36
      1616.00   1.0470958e-36
      1617.00   1.0780791e-36
      1618.00   1.1099397e-36
      1619.00   1.1427011e-36
      1620.00   1.1763877e-36
      1621.00   1.2110244e-36
      1622.00   1.2466367e-36
      1623.00   1.2832509e-36
      1624.00   1.3208939e-36
      1625.00   1.3595932e-36
      1626.00   1.3993771e-36
      1627.00   1.4402746e-36
      1628.00   1.4823154e-36
      1629.00   1.5255300e-36
      1630.00   1.5699497e-36
      1631.00   1.6156065e-36
      1632.00   1.6625332e-36
      1633.00   1.7107636e-36
      1634.00   1.7603322e-36
      1635.00   1.8112743e-36
      1636.00   1.8636264e-36
      1637.00   1.9174255e-36
      1638.00   1.9727099e-36
      1639.00   2.0295185e-36
      1640.00   2.0878916e-36
      1641.00   2.1478701e-36
      1642.00   2.2094962e-36
      1643.00   2.2728130e-36
      1644.00   2.3378647e-36
      1645.00   2.4046966e-36
      1646.00   2.4733553e-36
      1647.00   2.5438882e-36
      1648.00   2.6163441e-36
      1649.00   2.6907730e-36
      1650.00   2.7672262e-36
      1651.00   2.8457561e-36
      1652.00   2.9264164e-36
      1653.00   3.0092623e-36
      1654.00   3.0943501e-36
      1655.00   3.1817378e-36
      1656.00   3.2714845e-36
      1657.00   3.3636509e-36
      1658.00   3.4582992e-36
      1659.00   3.5554931e-36
      1660.00   3.6552978e-36
      1661.00   3.7577801e-36
      1662.00   3.8630086e-36
      1663.00   3.9710532e-36
      1664.00   4.0819858e-36
      1665.00   4.1958800e-36
      1666.00   4.3128111e-36
      1667.00   4.4328561e-36
      1668.00   4.5560942e-36
      1669.00   4.6826063e-36
      1670.00   4.8124751e-36
      1671.00   4.9457855e-36
      1672.00   5.0826244e-36
      1673.00   5.2230808e-36
      1674.00   5.3672457e-36
      1675.00   5.5152124e-36
      1676.00   5.6670765e-36
      1677.00   5.8229355e-36
      1678.00   5.9828898e-36
      1679.00   6.1470416e-36
      1680.00   6.3154960e-36
      1681.00   6.4883603e-36
      1682.00   6.6657444e-36
      1683.00   6.8477609e-36
      1684.00   7.0345250e-36
      1685.00   7.2261546e-36
      1686.00   7.4227704e-36
      1687.00   7.6244958e-36
      1688.00   7.8314574e-36
      1689.00   8.0437846e-36
      1690.00   8.2616097e-36
      1691.00   8.4850683e-36
      1692.00   8.7142991e-36
      1693.00   8.9494441e-36
      1694.00   9.1906484e-36
      1695.00   9.4380608e-36
      1696.00   9.6918333e-36
      1697.00   9.9521215e-36
      1698.00   1.0219085e-35
      1699.00   1.0492886e-35
      1700.00   1.0773691e-35
      1701.00   1.1061672e-35
      1702.00   1.1357003e-35
      1703.00   1.1659861e-35
      1704.00   1.1970431e-35
      1705.00   1.2288898e-35
      1706.00   1.2615453e-35
      1707.00   1.2950293e-35
      1708.00   1.3293617e-35
      1709.00   1.3645630e-35
      1710.00   1.4006541e-35
      1711.00   1.4376563e-35
      1712.00   1.4755917e-35
      1713.00   1.5144825e-35
      1714.00   1.5543516e-35
      1715.00   1.5952226e-35
      1716.00   1.6371192e-35
      1717.00   1.6800661e-35
      1718.00   1.7240883e-35
      1719.00   1.7692113e-35
      1720.00   1.8154613e-35
      1721.00   1.8628652e-35
      1722.00   1.9114503e-35
      1723.00   1.9612446e-35
      1724.00   2.0122767e-35
      1725.00   2.0645759e-35
      1726.00   2.1181721e-35
      1727.00   2.1730959e-35
      1728.00   2.2293786e-35
      1729.00   2.2870521e-35
      1730.00   2.3461492e-35
      1731.00   2.4067032e-35
      1732.00   2.4687483e-35
      1733.00   2.5323194e-35
      1734.00   2.5974522e-35
      1735.00   2.6641832e-35
      1736.00   2.7325496e-35
      1737.00   2.8025896e-35
      1738.00   2.8743421e-35
      1739.00   2.9478470e-35
      1740.00   3.0231448e-35
      1741.00   3.1002773e-35
      1742.00   3.1792868e-35
      1743.00   3.2602168e-35
      1744.00   3.3431117e-35
      1745.00   3.4280168e-35
      1746.00   3.5149784e-35
      1747.00   3.6040440e-35
      1748.00   3.6952618e-35
      1749.00   3.7886814e-35
      1750.00   3.8843531e-35
      1751.00   3.9823287e-35
      1752.00   4.0826608e-35
      1753.00   4.1854033e-35
      1754.00   4.2906113e-35
      1755.00   4.3983408e-35
      1756.00   4.5086495e-35
      1757.00   4.6215959e-35
      1758.00   4.7372400e-35
      1759.00   4.8556431e-35
      1760.00   4.9768675e-35
      1761.00   5.1009772e-35
      1762.00   5.2280376e-35
      1763.00   5.3581151e-35
      1764.00   5.4912779e-35
      1765.00   5.6275954e-35
      1766.00   5.7671388e-35
      1767.00   5.9099804e-35
      1768.00   6.0561944e-35
      1769.00   6.2058564e-35
      1770.00   6.3590435e-35
      1771.00   6.5158348e-35
      1772.00   6.6763106e-35
      1773.00   6.8405533e-35
      1774.00   7.0086468e-35
      1775.00   7.1806769e-35
      1776.00   7.3567311e-35
      1777.00   7.5368988e-35
      1778.00   7.7212713e-35
      1779.00   7.9099417e-35
      1780.00   8.1030052e-35
      1781.00   8.3005590e-35
      1782.00   8.5027022e-35
      1783.00   8.7095359e-35
      1784.00   8.9211637e-35
      1785.00   9.1376909e-35
      1786.00   9.3592252e-35
      1787.00   9.5858766e-35
      1788.00   9.8177573e-35
      1789.00   1.0054982e-34
      1790.00   1.0297667e-34
      1791.00   1.0545932e-34
      1792.00   1.0799899e-34
      1793.00   1.1059693e-34
      1794.00   1.1325439e-34
      1795.00   1.1597267e-34
      1796.00   1.1875311e-34
      1797.00   1.2159703e-34
      1798.00   1.2450583e-34
      1799.00   1.2748091e-34
      1800.00   1.3052369e-34
      1801.00   1.3363564e-34
      1802.00   1.3681825e-34
      1803.00   1.4007305e-34
      1804.00   1.4340158e-34
      1805.00   1.4680544e-34
      1806.00   1.5028625e-34
      1807.00   1.5384564e-34
      1808.00   1.5748531e-34
      1809.00   1.6120697e-34
      1810.00   1.6501237e-34
      1811.00   1.6890331e-34
      1812.00   1.7288160e-34
      1813.00   1.7694911e-34
      1814.00   1.8110774e-34
      1815.00   1.8535941e-34
      1816.00   1.8970612e-34
      1817.00   1.9414986e-34
      1818.00   1.9869270e-34
      1819.00   2.0333673e-34
      1820.00   2.0808409e-34
      1821.00   2.1293696e-34
      1822.00   2.1789756e-34
      1823.00   2.2296817e-34
      1824.00   2.2815109e-34
      1825.00   2.3344869e-34
      1826.00   2.3886336e-34
      1827.00   2.4439758e-34
      1828.00   2.5005382e-34
      1829.00   2.5583466e-34
      1830.00   2.6174269e-34
      1831.00   2.6778056e-34
      1832.00   2.7395098e-34
      1833.00   2.8025670e-34
      1834.00   2.8670055e-34
      1835.00   2.9328539e-34
      1836.00   3.0001414e-34
      1837.00   3.0688979e-34
      1838.00   3.1391538e-34
      1839.00   3.2109399e-34
      1840.00   3.2842881e-34
      1841.00   3.3592304e-34
      1842.00   3.4357997e-34
      1843.00   3.5140295e-34
      1844.00   3.5939539e-34
      1845.00   3.6756076e-34
      1846.00   3.7590263e-34
      1847.00   3.8442460e-34
      1848.00   3.9313035e-34
      1849.00   4.0202365e-34
      1850.00   4.1110832e-34
      1851.00   4.2038827e-34
      1852.00   4.2986746e-34
      1853.00   4.3954996e-34
      1854.00   4.4943990e-34
      1855.00   4.5954148e-34
      1856.00   4.6985900e-34
      1857.00   4.8039683e-34
      1858.00   4.9115944e-34
      1859.00   5.0215135e-34
      1860.00   5.1337720e-34
      1861.00   5.2484171e-34
      1862.00   5.3654968e-34
      1863.00   5.4850601e-34
      1864.00   5.6071569e-34
      1865.00   5.7318381e-34
      1866.00   5.8591554e-34
      1867.00   5.9891616e-34
      1868.00   6.1219107e-34
      1869.00   6.2574572e-34
      1870.00   6.3958572e-34
      1871.00   6.5371674e-34
      1872.00   6.6814458e-34
      1873.00   6.8287515e-34
      1874.00   6.9791447e-34
      1875.00   7.1326865e-34
      1876.00   7.2894394e-34
      1877.00   7.4494670e-34
      1878.00   7.6128341e-34
      1879.00   7.7796066e-34
      1880.00   7.9498519e-34
      1881.00   8.1236382e-34
      1882.00   8.3010354e-34
      1883.00   8.4821146e-34
      1884.00   8.6669479e-34
      1885.00   8.8556092e-34
      1886.00   9.0481734e-34
      1887.00   9.2447170e-34
      1888.00   9.4453179e-34
      1889.00   9.6500552e-34
      1890.00   9.8590099e-34
      1891.00   1.0072264e-33
      1892.00   1.0289901e-33
      1893.00   1.0512007e-33
      1894.00   1.0738668e-33
      1895.00   1.0969973e-33
      1896.00   1.1206011e-33
      1897.00   1.1446875e-33
      1898.00   1.1692658e-33
      1899.00   1.1943454e-33
      1900.00   1.2199362e-33
      1901.00   1.2460478e-33
      1902.00   1.2726903e-33
      1903.00   1.2998741e-33
      1904.00   1.3276094e-33
      1905.00   1.3559068e-33
      1906.00   1.3847772e-33
      1907.00   1.4142315e-33
      1908.00   1.4442808e-33
      1909.00   1.4749366e-33
      1910.00   1.5062105e-33
      1911.00   1.5381141e-33
      1912.00   1.5706595e-33
      1913.00   1.6038590e-33
      1914.00   1.6377249e-33
      1915.00   1.6722700e-33
      1916.00   1.7075070e-33
      1917.00   1.7434491e-33
      1918.00   1.7801097e-33
      1919.00   1.8175022e-33
      1920.00   1.8556407e-33
      1921.00   1.8945390e-33
      1922.00   1.9342115e-33
      1923.00   1.9746729e-33
      1924.00   2.0159379e-33
      1925.00   2.0580216e-33
      1926.00   2.1009394e-33
      1927.00   2.1447070e-33
      1928.00   2.1893401e-33
      1929.00   2.2348550e-33
      1930.00   2.2812682e-33
      1931.00   2.3285965e-33
      1932.00   2.3768568e-33
      1933.00   2.4260666e-33
      1934.00   2.4762435e-33
      1935.00   2.5274054e-33
      1936.00   2.5795707e-33
      1937.00   2.6327580e-33
      1938.00   2.6869861e-33
      1939.00   2.7422743e-33
      1940.00   2.7986422e-33
      1941.00   2.8561098e-33
      1942.00   2.9146972e-33
      1943.00   2.9744252e-33
      1944.00   3.0353147e-33
      1945.00   3.0973871e-33
      1946.00   3.1606640e-33
      1947.00   3.2251676e-33
      1948.00   3.2909203e-33
      1949.00   3.3579450e-33
      1950.00   3.4262650e-33
      1951.00   3.4959038e-33
      1952.00   3.5668856e-33
      1953.00   3.6392347e-33
      1954.00   3.7129762e-33
      1955.00   3.7881353e-33
      1956.00   3.8647377e-33
      1957.00   3.9428097e-33
      1958.00   4.0223778e-33
      1959.00   4.1034691e-33
      1960.00   4.1861113e-33
      1961.00   4.2703322e-33
      1962.00   4.3561605e-33
      1963.00   4.4436250e-33
      1964.00   4.5327552e-33
      1965.00   4.6235812e-33
      1966.00   4.7161332e-33
      1967.00   4.8104424e-33
      1968.00   4.9065403e-33
      1969.00   5.0044588e-33
      1970.00   5.1042305e-33
      1971.00   5.2058886e-33
      1972.00   5.3094668e-33
      1973.00   5.4149992e-33
      1974.00   5.5225207e-33
      1975.00   5.6320667e-33
      1976.00   5.7436732e-33
      1977.00   5.8573767e-33
      1978.00   5.9732146e-33
      1979.00   6.0912245e-33
      1980.00   6.2114449e-33
      1981.00   6.3339150e-33
      1982.00   6.4586744e-33
      1983.00   6.5857635e-33
      1984.00   6.7152235e-33
      1985.00   6.8470961e-33
      1986.00   6.9814236e-33
      1987.00   7.1182493e-33
      1988.00   7.2576170e-33
      1989.00   7.3995712e-33
      1990.00   7.5441572e-33
      1991.00   7.6914212e-33
      1992.00   7.8414099e-33
      1993.00   7.9941708e-33
      1994.00   8.1497524e-33
      1995.00   8.3082038e-33
      1996.00   8.4695749e-33
      1997.00   8.6339164e-33
      1998.00   8.8012800e-33
      1999.00   8.9717182e-33
      2000.00   9.1452841e-33
      2001.00   9.3220320e-33
      2002.00   9.5020168e-33
      2003.00   9.6852945e-33
      2004.00   9.8719220e-33
      2005.00   1.0061957e-32
      2006.00   1.0255458e-32
      2007.00   1.0452485e-32
      2008.00   1.0653098e-32
      2009.00   1.0857360e-32
      2010.00   1.1065331e-32
      2011.00   1.1277077e-32
      2012.00   1.1492662e-32
      2013.00   1.1712151e-32
      2014.00   1.1935611e-32
      2015.00   1.2163110e-32
      2016.00   1.2394716e-32
      2017.00   1.2630500e-32
      2018.00   1.2870532e-32
      2019.00   1.3114886e-32
      2020.00   1.3363633e-32
      2021.00   1.3616849e-32
      2022.00   1.3874609e-32
      2023.00   1.4136991e-32
      2024.00   1.4404072e-32
      2025.00   1.4675931e-32
      2026.00   1.4952650e-32
      2027.00   1.5234310e-32
      2028.00   1.5520994e-32
      2029.00   1.5812787e-32
      2030.00   1.6109774e-32
      2031.00   1.6412043e-32
      2032.00   1.6719683e-32
      2033.00   1.7032783e-32
      2034.00   1.7351434e-32
      2035.00   1.7675730e-32
      2036.00   1.8005764e-32
      2037.00   1.8341632e-32
      2038.00   1.8683432e-32
      2039.00   1.9031263e-32
      2040.00   1.9385223e-32
      2041.00   1.9745416e-32
      2042.00   2.0111944e-32
      2043.00   2.0484914e-32
      2044.00   2.0864430e-32
      2045.00   2.1250602e-32
      2046.00   2.1643539e-32
      2047.00   2.2043354e-32
      2048.00   2.2450159e-32
      2049.00   2.2864070e-32
      2050.00   2.3285204e-32
      2051.00   2.3713679e-32
      2052.00   2.4149616e-32
      2053.00   2.4593138e-32
      2054.00   2.5044368e-32
      2055.00   2.5503433e-32
      2056.00   2.5970461e-32
      2057.00   2.6445582e-32
      2058.00   2.6928928e-32
      2059.00   2.7420633e-32
      2060.00   2.7920834e-32
      2061.00   2.8429669e-32
      2062.00   2.8947277e-32
      2063.00   2.9473802e-32
      2064.00   3.0009388e-32
      2065.00   3.0554182e-32
      2066.00   3.1108333e-32
      2067.00   3.1671992e-32
      2068.00   3.2245313e-32
      2069.00   3.2828452e-32
      2070.00   3.3421568e-32
      2071.00   3.4024820e-32
      2072.00   3.4638372e-32
      2073.00   3.5262389e-32
      2074.00   3.5897040e-32
      2075.00   3.6542495e-32
      2076.00   3.7198927e-32
      2077.00   3.7866512e-32
      2078.00   3.8545429e-32
      2079.00   3.9235857e-32
      2080.00   3.9937982e-32
      2081.00   4.0651990e-32
      2082.00   4.1378069e-32
      2083.00   4.2116412e-32
      2084.00   4.2867214e-32
      2085.00   4.3630673e-32
      2086.00   4.4406989e-32
      2087.00   4.5196367e-32
      2088.00   4.5999012e-32
      2089.00   4.6815135e-32
      2090.00   4.7644949e-32
      2091.00   4.8488670e-32
      2092.00   4.9346518e-32
      2093.00   5.0218714e-32
      2094.00   5.1105484e-32
      2095.00   5.2007058e-32
      2096.00   5.2923668e-32
      2097.00   5.3855551e-32
      2098.00   5.4802944e-32
      2099.00   5.5766092e-32
      2100.00   5.6745241e-32
      2101.00   5.7740640e-32
      2102.00   5.8752544e-32
      2103.00   5.9781209e-32
      2104.00   6.0826898e-32
      2105.00   6.1889874e-32
      2106.00   6.2970407e-32
      2107.00   6.4068770e-32
      2108.00   6.5185238e-32
      2109.00   6.6320094e-32
      2110.00   6.7473620e-32
      2111.00   6.8646107e-32
      2112.00   6.9837848e-32
      2113.00   7.1049139e-32
      2114.00   7.2280283e-32
      2115.00   7.3531585e-32
      2116.00   7.4803355e-32
      2117.00   7.6095908e-32
      2118.00   7.7409564e-32
      2119.00   7.8744647e-32
      2120.00   8.0101484e-32
      2121.00   8.1480410e-32
      2122.00   8.2881763e-32
      2123.00   8.4305884e-32
      2124.00   8.5753122e-32
      2125.00   8.7223830e-32
      2126.00   8.8718365e-32
      2127.00   9.0237090e-32
      2128.00   9.1780374e-32
      2129.00   9.3348589e-32
      2130.00   9.4942113e-32
      2131.00   9.6561332e-32
      2132.00   9.8206633e-32
      2133.00   9.9878413e-32
      2134.00   1.0157707e-31
      2135.00   1.0330301e-31
      2136.00   1.0505665e-31
      2137.00   1.0683840e-31
      2138.00   1.0864869e-31
      2139.00   1.1048795e-31
      2140.00   1.1235661e-31
      2141.00   1.1425511e-31
      2142.00   1.1618390e-31
      2143.00   1.1814344e-31
      2144.00   1.2013419e-31
      2145.00   1.2215660e-31
      2146.00   1.2421117e-31
      2147.00   1.2629836e-31
      2148.00   1.2841866e-31
      2149.00   1.3057257e-31
      2150.00   1.3276058e-31
      2151.00   1.3498321e-31
      2152.00   1.3724097e-31
      2153.00   1.3953438e-31
      2154.00   1.4186396e-31
      2155.00   1.4423026e-31
      2156.00   1.4663381e-31
      2157.00   1.4907518e-31
      2158.00   1.5155491e-31
      2159.00   1.5407357e-31
      2160.00   1.5663174e-31
      2161.00   1.5923000e-31
      2162.00   1.6186894e-31
      2163.00   1.6454915e-31
      2164.00   1.6727124e-31
      2165.00   1.7003584e-31
      2166.00   1.7284355e-31
      2167.00   1.7569501e-31
      2168.00   1.7859087e-31
      2169.00   1.8153176e-31
      2170.00   1.8451835e-31
      2171.00   1.8755131e-31
      2172.00   1.9063130e-31
      2173.00   1.9375902e-31
      2174.00   1.9693516e-31
      2175.00   2.0016042e-31
      2176.00   2.0343551e-31
      2177.00   2.0676116e-31
      2178.00   2.1013810e-31
      2179.00   2.1356707e-31
      2180.00   2.1704883e-31
      2181.00   2.2058413e-31
      2182.00   2.2417375e-31
      2183.00   2.2781848e-31
      2184.00   2.3151910e-31
      2185.00   2.3527642e-31
      2186.00   2.3909126e-31
      2187.00   2.4296444e-31
      2188.00   2.4689680e-31
      2189.00   2.5088919e-31
      2190.00   2.5494246e-31
      2191.00   2.5905749e-31
      2192.00   2.6323516e-31
      2193.00   2.6747636e-31
      2194.00   2.7178201e-31
      2195.00   2.7615302e-31
      2196.00   2.8059031e-31
      2197.00   2.8509484e-31
      2198.00   2.8966756e-31
      2199.00   2.9430943e-31
      2200.00   2.9902144e-31
      2201.00   3.0380459e-31
      2202.00   3.0865987e-31
      2203.00   3.1358831e-31
      2204.00   3.1859094e-31
      2205.00   3.2366881e-31
      2206.00   3.2882298e-31
      2207.00   3.3405453e-31
      2208.00   3.3936454e-31
      2209.00   3.4475412e-31
      2210.00   3.5022439e-31
      2211.00   3.5577647e-31
      2212.00   3.6141152e-31
      2213.00   3.6713070e-31
      2214.00   3.7293518e-31
      2215.00   3.7882616e-31
      2216.00   3.8480485e-31
      2217.00   3.9087246e-31
      2218.00   3.9703025e-31
      2219.00   4.0327946e-31
      2220.00   4.0962137e-31
      2221.00   4.1605727e-31
      2222.00   4.2258846e-31
      2223.00   4.2921626e-31
      2224.00   4.3594202e-31
      2225.00   4.4276709e-31
      2226.00   4.4969285e-31
      2227.00   4.5672068e-31
      2228.00   4.6385199e-31
      2229.00   4.7108822e-31
      2230.00   4.7843082e-31
      2231.00   4.8588123e-31
      2232.00   4.9344096e-31
      2233.00   5.0111150e-31
      2234.00   5.0889437e-31
      2235.00   5.1679111e-31
      2236.00   5.2480329e-31
      2237.00   5.3293249e-31
      2238.00   5.4118030e-31
      2239.00   5.4954835e-31
      2240.00   5.5803828e-31
      2241.00   5.6665175e-31
      2242.00   5.7539045e-31
      2243.00   5.8425608e-31
      2244.00   5.9325037e-31
      2245.00   6.0237507e-31
      2246.00   6.1163194e-31
      2247.00   6.2102279e-31
      2248.00   6.3054942e-31
      2249.00   6.4021368e-31
      2250.00   6.5001742e-31
      2251.00   6.5996254e-31
      2252.00   6.7005094e-31
      2253.00   6.8028455e-31
      2254.00   6.9066534e-31
      2255.00   7.0119527e-31
      2256.00   7.1187637e-31
      2257.00   7.2271065e-31
      2258.00   7.3370019e-31
      2259.00   7.4484705e-31
      2260.00   7.5615335e-31
      2261.00   7.6762123e-31
      2262.00   7.7925284e-31
      2263.00   7.9105037e-31
      2264.00   8.0301604e-31
      2265.00   8.1515209e-31
      2266.00   8.2746080e-31
      2267.00   8.3994446e-31
      2268.00   8.5260539e-31
      2269.00   8.6544596e-31
      2270.00   8.7846855e-31
      2271.00   8.9167557e-31
      2272.00   9.0506947e-31
      2273.00   9.1865272e-31
      2274.00   9.3242783e-31
      2275.00   9.4639734e-31
      2276.00   9.6056380e-31
      2277.00   9.7492982e-31
      2278.00   9.8949804e-31
      2279.00   1.0042711e-30
      2280.00   1.0192517e-30
      2281.00   1.0344426e-30
      2282.00   1.0498465e-30
      2283.00   1.0654663e-30
      2284.00   1.0813047e-30
      2285.00   1.0973646e-30
      2286.00   1.1136489e-30
      2287.00   1.1301606e-30
      2288.00   1.1469027e-30
      2289.00   1.1638780e-30
      2290.00   1.1810897e-30
      2291.00   1.1985409e-30
      2292.00   1.2162346e-30
      2293.00   1.2341741e-30
      2294.00   1.2523624e-30
      2295.00   1.2708029e-30
      2296.00   1.2894988e-30
      2297.00   1.3084534e-30
      2298.00   1.3276700e-30
      2299.00   1.3471521e-30
      2300.00   1.3669031e-30
      2301.00   1.3869264e-30
      2302.00   1.4072256e-30
      2303.00   1.4278042e-30
      2304.00   1.4486658e-30
      2305.00   1.4698140e-30
      2306.00   1.4912526e-30
      2307.00   1.5129852e-30
      2308.00   1.5350156e-30
      2309.00   1.5573477e-30
      2310.00   1.5799853e-30
      2311.00   1.6029322e-30
      2312.00   1.6261925e-30
      2313.00   1.6497702e-30
      2314.00   1.6736693e-30
      2315.00   1.6978938e-30
      2316.00   1.7224480e-30
      2317.00   1.7473361e-30
      2318.00   1.7725622e-30
      2319.00   1.7981306e-30
      2320.00   1.8240458e-30
      2321.00   1.8503121e-30
      2322.00   1.8769339e-30
      2323.00   1.9039157e-30
      2324.00   1.9312621e-30
      2325.00   1.9589777e-30
      2326.00   1.9870672e-30
      2327.00   2.0155352e-30
      2328.00   2.0443866e-30
      2329.00   2.0736260e-30
      2330.00   2.1032586e-30
      2331.00   2.1332890e-30
      2332.00   2.1637224e-30
      2333.00   2.1945638e-30
      2334.00   2.2258184e-30
      2335.00   2.2574912e-30
      2336.00   2.2895875e-30
      2337.00   2.3221126e-30
      2338.00   2.3550718e-30
      2339.00   2.3884706e-30
      2340.00   2.4223144e-30
      2341.00   2.4566088e-30
      2342.00   2.4913594e-30
      2343.00   2.5265718e-30
      2344.00   2.5622518e-30
      2345.00   2.5984051e-30
      2346.00   2.6350376e-30
      2347.00   2.6721554e-30
      2348.00   2.7097642e-30
      2349.00   2.7478703e-30
      2350.00   2.7864798e-30
      2351.00   2.8255988e-30
      2352.00   2.8652336e-30
      2353.00   2.9053907e-30
      2354.00   2.9460764e-30
      2355.00   2.9872972e-30
      2356.00   3.0290597e-30
      2357.00   3.0713705e-30
      2358.00   3.1142363e-30
      2359.00   3.1576640e-30
      2360.00   3.2016604e-30
      2361.00   3.2462325e-30
      2362.00   3.2913873e-30
      2363.00   3.3371318e-30
      2364.00   3.3834734e-30
      2365.00   3.4304192e-30
      2366.00   3.4779767e-30
      2367.00   3.5261532e-30
      2368.00   3.5749562e-30
      2369.00   3.6243935e-30
      2370.00   3.6744725e-30
      2371.00   3.7252013e-30
      2372.00   3.7765875e-30
      2373.00   3.8286392e-30
      2374.00   3.8813644e-30
      2375.00   3.9347711e-30
      2376.00   3.9888678e-30
      2377.00   4.0436625e-30
      2378.00   4.0991638e-30
      2379.00   4.1553802e-30
      2380.00   4.2123202e-30
      2381.00   4.2699926e-30
      2382.00   4.3284060e-30
      2383.00   4.3875695e-30
      2384.00   4.4474919e-30
      2385.00   4.5081824e-30
      2386.00   4.5696501e-30
      2387.00   4.6319044e-30
      2388.00   4.6949546e-30
      2389.00   4.7588101e-30
      2390.00   4.8234806e-30
      2391.00   4.8889759e-30
      2392.00   4.9553056e-30
      2393.00   5.0224797e-30
      2394.00   5.0905082e-30
      2395.00   5.1594013e-30
      2396.00   5.2291692e-30
      2397.00   5.2998223e-30
      2398.00   5.3713710e-30
      2399.00   5.4438259e-30
      2400.00   5.5171977e-30
      2401.00   5.5914972e-30
      2402.00   5.6667354e-30
      2403.00   5.7429233e-30
      2404.00   5.8200720e-30
      2405.00   5.8981930e-30
      2406.00   5.9772975e-30
      2407.00   6.0573972e-30
      2408.00   6.1385037e-30
      2409.00   6.2206288e-30
      2410.00   6.3037844e-30
      2411.00   6.3879825e-30
      2412.00   6.4732355e-30
      2413.00   6.5595554e-30
      2414.00   6.6469549e-30
      2415.00   6.7354464e-30
      2416.00   6.8250428e-30
      2417.00   6.9157567e-30
      2418.00   7.0076014e-30
      2419.00   7.1005897e-30
      2420.00   7.1947351e-30
      2421.00   7.2900510e-30
      2422.00   7.3865508e-30
      2423.00   7.4842484e-30
      2424.00   7.5831574e-30
      2425.00   7.6832920e-30
      2426.00   7.7846663e-30
      2427.00   7.8872946e-30
      2428.00   7.9911913e-30
      2429.00   8.0963710e-30
      2430.00   8.2028485e-30
      2431.00   8.3106386e-30
      2432.00   8.4197565e-30
      2433.00   8.5302175e-30
      2434.00   8.6420367e-30
      2435.00   8.7552300e-30
      2436.00   8.8698128e-30
      2437.00   8.9858012e-30
      2438.00   9.1032112e-30
      2439.00   9.2220591e-30
      2440.00   9.3423611e-30
      2441.00   9.4641339e-30
      2442.00   9.5873942e-30
      2443.00   9.7121589e-30
      2444.00   9.8384451e-30
      2445.00   9.9662701e-30
      2446.00   1.0095651e-29
      2447.00   1.0226607e-29
      2448.00   1.0359153e-29
      2449.00   1.0493310e-29
      2450.00   1.0629094e-29
      2451.00   1.0766525e-29
      2452.00   1.0905621e-29
      2453.00   1.1046400e-29
      2454.00   1.1188882e-29
      2455.00   1.1333085e-29
      2456.00   1.1479030e-29
      2457.00   1.1626735e-29
      2458.00   1.1776221e-29
      2459.00   1.1927507e-29
      2460.00   1.2080614e-29
      2461.00   1.2235562e-29
      2462.00   1.2392371e-29
      2463.00   1.2551063e-29
      2464.00   1.2711658e-29
      2465.00   1.2874178e-29
      2466.00   1.3038644e-29
      2467.00   1.3205078e-29
      2468.00   1.3373501e-29
      2469.00   1.3543936e-29
      2470.00   1.3716405e-29
      2471.00   1.3890931e-29
      2472.00   1.4067537e-29
      2473.00   1.4246245e-29
      2474.00   1.4427079e-29
      2475.00   1.4610062e-29
      2476.00   1.4795219e-29
      2477.00   1.4982572e-29
      2478.00   1.5172147e-29
      2479.00   1.5363968e-29
      2480.00   1.5558060e-29
      2481.00   1.5754447e-29
      2482.00   1.5953155e-29
      2483.00   1.6154209e-29
      2484.00   1.6357636e-29
      2485.00   1.6563461e-29
      2486.00   1.6771710e-29
      2487.00   1.6982410e-29
      2488.00   1.7195587e-29
      2489.00   1.7411270e-29
      2490.00   1.7629485e-29
      2491.00   1.7850260e-29
      2492.00   1.8073623e-29
      2493.00   1.8299601e-29
      2494.00   1.8528224e-29
      2495.00   1.8759521e-29
      2496.00   1.8993519e-29
      2497.00   1.9230249e-29
      2498.00   1.9469741e-29
      2499.00   1.9712023e-29
      2500.00   1.9957127e-29
      2501.00   2.0205083e-29
      2502.00   2.0455922e-29
      2503.00   2.0709674e-29
      2504.00   2.0966372e-29
      2505.00   2.1226047e-29
      2506.00   2.1488732e-29
      2507.00   2.1754458e-29
      2508.00   2.2023258e-29
      2509.00   2.2295166e-29
      2510.00   2.2570214e-29
      2511.00   2.2848437e-29
      2512.00   2.3129868e-29
      2513.00   2.3414542e-29
      2514.00   2.3702494e-29
      2515.00   2.3993759e-29
      2516.00   2.4288371e-29
      2517.00   2.4586367e-29
      2518.00   2.4887783e-29
      2519.00   2.5192656e-29
      2520.00   2.5501021e-29
      2521.00   2.5812917e-29
      2522.00   2.6128380e-29
      2523.00   2.6447449e-29
      2524.00   2.6770163e-29
      2525.00   2.7096559e-29
      2526.00   2.7426676e-29
      2527.00   2.7760555e-29
      2528.00   2.8098234e-29
      2529.00   2.8439754e-29
      2530.00   2.8785156e-29
      2531.00   2.9134481e-29
      2532.00   2.9487769e-29
      2533.00   2.9845063e-29
      2534.00   3.0206405e-29
      2535.00   3.0571837e-29
      2536.00   3.0941403e-29
      2537.00   3.1315145e-29
      2538.00   3.1693108e-29
      2539.00   3.2075336e-29
      2540.00   3.2461873e-29
      2541.00   3.2852765e-29
      2542.00   3.3248057e-29
      2543.00   3.3647794e-29
      2544.00   3.4052025e-29
      2545.00   3.4460794e-29
      2546.00   3.4874151e-29
      2547.00   3.5292141e-29
      2548.00   3.5714815e-29
      2549.00   3.6142219e-29
      2550.00   3.6574404e-29
      2551.00   3.7011419e-29
      2552.00   3.7453314e-29
      2553.00   3.7900140e-29
      2554.00   3.8351947e-29
      2555.00   3.8808788e-29
      2556.00   3.9270713e-29
      2557.00   3.9737777e-29
      2558.00   4.0210031e-29
      2559.00   4.0687530e-29
      2560.00   4.1170327e-29
      2561.00   4.1658477e-29
      2562.00   4.2152034e-29
      2563.00   4.2651055e-29
      2564.00   4.3155596e-29
      2565.00   4.3665712e-29
      2566.00   4.4181462e-29
      2567.00   4.4702903e-29
      2568.00   4.5230093e-29
      2569.00   4.5763091e-29
      2570.00   4.6301957e-29
      2571.00   4.6846750e-29
      2572.00   4.7397530e-29
      2573.00   4.7954359e-29
      2574.00   4.8517298e-29
      2575.00   4.9086410e-29
      2576.00   4.9661757e-29
      2577.00   5.0243402e-29
      2578.00   5.0831410e-29
      2579.00   5.1425845e-29
      2580.00   5.2026772e-29
      2581.00   5.2634256e-29
      2582.00   5.3248365e-29
      2583.00   5.3869165e-29
      2584.00   5.4496724e-29
      2585.00   5.5131109e-29
      2586.00   5.5772390e-29
      2587.00   5.6420636e-29
      2588.00   5.7075918e-29
      2589.00   5.7738305e-29
      2590.00   5.8407870e-29
      2591.00   5.9084685e-29
      2592.00   5.9768822e-29
      2593.00   6.0460354e-29
      2594.00   6.1159356e-29
      2595.00   6.1865902e-29
      2596.00   6.2580069e-29
      2597.00   6.3301931e-29
      2598.00   6.4031567e-29
      2599.00   6.4769053e-29
      2600.00   6.5514467e-29
      2601.00   6.6267890e-29
      2602.00   6.7029399e-29
      2603.00   6.7799077e-29
      2604.00   6.8577003e-29
      2605.00   6.9363260e-29
      2606.00   7.0157930e-29
      2607.00   7.0961098e-29
      2608.00   7.1772846e-29
      2609.00   7.2593260e-29
      2610.00   7.3422426e-29
      2611.00   7.4260430e-29
      2612.00   7.5107359e-29
      2613.00   7.5963301e-29
      2614.00   7.6828346e-29
      2615.00   7.7702582e-29
      2616.00   7.8586100e-29
      2617.00   7.9478992e-29
      2618.00   8.0381349e-29
      2619.00   8.1293265e-29
      2620.00   8.2214833e-29
      2621.00   8.3146147e-29
      2622.00   8.4087304e-29
      2623.00   8.5038399e-29
      2624.00   8.5999530e-29
      2625.00   8.6970794e-29
      2626.00   8.7952291e-29
      2627.00   8.8944121e-29
      2628.00   8.9946383e-29
      2629.00   9.0959180e-29
      2630.00   9.1982614e-29
      2631.00   9.3016788e-29
      2632.00   9.4061807e-29
      2633.00   9.5117776e-29
      2634.00   9.6184802e-29
      2635.00   9.7262991e-29
      2636.00   9.8352451e-29
      2637.00   9.9453291e-29
      2638.00   1.0056562e-28
      2639.00   1.0168955e-28
      2640.00   1.0282520e-28
      2641.00   1.0397267e-28
      2642.00   1.0513209e-28
      2643.00   1.0630355e-28
      2644.00   1.0748719e-28
      2645.00   1.0868312e-28
      2646.00   1.0989145e-28
      2647.00   1.1111231e-28
      2648.00   1.1234582e-28
      2649.00   1.1359209e-28
      2650.00   1.1485124e-28
      2651.00   1.1612342e-28
      2652.00   1.1740872e-28
      2653.00   1.1870729e-28
      2654.00   1.2001925e-28
      2655.00   1.2134472e-28
      2656.00   1.2268384e-28
      2657.00   1.2403674e-28
      2658.00   1.2540354e-28
      2659.00   1.2678437e-28
      2660.00   1.2817938e-28
      2661.00   1.2958870e-28
      2662.00   1.3101245e-28
      2663.00   1.3245078e-28
      2664.00   1.3390383e-28
      2665.00   1.3537174e-28
      2666.00   1.3685464e-28
      2667.00   1.3835268e-28
      2668.00   1.3986600e-28
      2669.00   1.4139474e-28
      2670.00   1.4293906e-28
      2671.00   1.4449908e-28
      2672.00   1.4607498e-28
      2673.00   1.4766688e-28
      2674.00   1.4927496e-28
      2675.00   1.5089934e-28
      2676.00   1.5254020e-28
      2677.00   1.5419767e-28
      2678.00   1.5587193e-28
      2679.00   1.5756312e-28
      2680.00   1.5927140e-28
      2681.00   1.6099694e-28
      2682.00   1.6273989e-28
      2683.00   1.6450042e-28
      2684.00   1.6627869e-28
      2685.00   1.6807486e-28
      2686.00   1.6988911e-28
      2687.00   1.7172159e-28
      2688.00   1.7357249e-28
      2689.00   1.7544196e-28
      2690.00   1.7733019e-28
      2691.00   1.7923735e-28
      2692.00   1.8116360e-28
      2693.00   1.8310914e-28
      2694.00   1.8507413e-28
      2695.00   1.8705876e-28
      2696.00   1.8906321e-28
      2697.00   1.9108765e-28
      2698.00   1.9313229e-28
      2699.00   1.9519729e-28
      2700.00   1.9728285e-28
      2701.00   1.9938916e-28
      2702.00   2.0151640e-28
      2703.00   2.0366478e-28
      2704.00   2.0583447e-28
      2705.00   2.0802569e-28
      2706.00   2.1023863e-28
      2707.00   2.1247348e-28
      2708.00   2.1473044e-28
      2709.00   2.1700972e-28
      2710.00   2.1931152e-28
      2711.00   2.2163605e-28
      2712.00   2.2398352e-28
      2713.00   2.2635412e-28
      2714.00   2.2874808e-28
      2715.00   2.3116561e-28
      2716.00   2.3360691e-28
      2717.00   2.3607221e-28
      2718.00   2.3856172e-28
      2719.00   2.4107567e-28
      2720.00   2.4361427e-28
      2721.00   2.4617774e-28
      2722.00   2.4876632e-28
      2723.00   2.5138023e-28
      2724.00   2.5401970e-28
      2725.00   2.5668495e-28
      2726.00   2.5937623e-28
      2727.00   2.6209376e-28
      2728.00   2.6483778e-28
      2729.00   2.6760854e-28
      2730.00   2.7040626e-28
      2731.00   2.7323119e-28
      2732.00   2.7608359e-28
      2733.00   2.7896368e-28
      2734.00   2.8187173e-28
      2735.00   2.8480797e-28
      2736.00   2.8777268e-28
      2737.00   2.9076608e-28
      2738.00   2.9378846e-28
      2739.00   2.9684005e-28
      2740.00   2.9992113e-28
      2741.00   3.0303196e-28
      2742.00   3.0617280e-28
      2743.00   3.0934391e-28
      2744.00   3.1254557e-28
      2745.00   3.1577806e-28
      2746.00   3.1904163e-28
      2747.00   3.2233657e-28
      2748.00   3.2566316e-28
      2749.00   3.2902167e-28
      2750.00   3.3241240e-28
      2751.00   3.3583562e-28
      2752.00   3.3929161e-28
      2753.00   3.4278068e-28
      2754.00   3.4630311e-28
      2755.00   3.4985920e-28
      2756.00   3.5344924e-28
      2757.00   3.5707353e-28
      2758.00   3.6073237e-28
      2759.00   3.6442607e-28
      2760.00   3.6815494e-28
      2761.00   3.7191927e-28
      2762.00   3.7571939e-28
      2763.00   3.7955560e-28
      2764.00   3.8342822e-28
      2765.00   3.8733758e-28
      2766.00   3.9128398e-28
      2767.00   3.9526776e-28
      2768.00   3.9928924e-28
      2769.00   4.0334875e-28
      2770.00   4.0744662e-28
      2771.00   4.1158319e-28
      2772.00   4.1575879e-28
      2773.00   4.1997376e-28
      2774.00   4.2422844e-28
      2775.00   4.2852318e-28
      2776.00   4.3285833e-28
      2777.00   4.3723423e-28
      2778.00   4.4165124e-28
      2779.00   4.4610972e-28
      2780.00   4.5061002e-28
      2781.00   4.5515251e-28
      2782.00   4.5973754e-28
      2783.00   4.6436549e-28
      2784.00   4.6903672e-28
      2785.00   4.7375162e-28
      2786.00   4.7851055e-28
      2787.00   4.8331389e-28
      2788.00   4.8816203e-28
      2789.00   4.9305534e-28
      2790.00   4.9799423e-28
      2791.00   5.0297907e-28
      2792.00   5.0801027e-28
      2793.00   5.1308822e-28
      2794.00   5.1821331e-28
      2795.00   5.2338596e-28
      2796.00   5.2860657e-28
      2797.00   5.3387554e-28
      2798.00   5.3919329e-28
      2799.00   5.4456025e-28
      2800.00   5.4997681e-28
      2801.00   5.5544342e-28
      2802.00   5.6096048e-28
      2803.00   5.6652844e-28
      2804.00   5.7214773e-28
      2805.00   5.7781877e-28
      2806.00   5.8354201e-28
      2807.00   5.8931790e-28
      2808.00   5.9514687e-28
      2809.00   6.0102937e-28
      2810.00   6.0696586e-28
      2811.00   6.1295680e-28
      2812.00   6.1900264e-28
      2813.00   6.2510385e-28
      2814.00   6.3126089e-28
      2815.00   6.3747423e-28
      2816.00   6.4374435e-28
      2817.00   6.5007173e-28
      2818.00   6.5645684e-28
      2819.00   6.6290017e-28
      2820.00   6.6940221e-28
      2821.00   6.7596345e-28
      2822.00   6.8258439e-28
      2823.00   6.8926552e-28
      2824.00   6.9600735e-28
      2825.00   7.0281039e-28
      2826.00   7.0967515e-28
      2827.00   7.1660215e-28
      2828.00   7.2359189e-28
      2829.00   7.3064491e-28
      2830.00   7.3776174e-28
      2831.00   7.4494289e-28
      2832.00   7.5218892e-28
      2833.00   7.5950035e-28
      2834.00   7.6687773e-28
      2835.00   7.7432161e-28
      2836.00   7.8183253e-28
      2837.00   7.8941106e-28
      2838.00   7.9705776e-28
      2839.00   8.0477317e-28
      2840.00   8.1255789e-28
      2841.00   8.2041247e-28
      2842.00   8.2833749e-28
      2843.00   8.3633354e-28
      2844.00   8.4440120e-28
      2845.00   8.5254105e-28
      2846.00   8.6075370e-28
      2847.00   8.6903974e-28
      2848.00   8.7739978e-28
      2849.00   8.8583441e-28
      2850.00   8.9434426e-28
      2851.00   9.0292994e-28
      2852.00   9.1159207e-28
      2853.00   9.2033128e-28
      2854.00   9.2914820e-28
      2855.00   9.3804346e-28
      2856.00   9.4701770e-28
      2857.00   9.5607156e-28
      2858.00   9.6520570e-28
      2859.00   9.7442078e-28
      2860.00   9.8371744e-28
      2861.00   9.9309635e-28
      2862.00   1.0025582e-27
      2863.00   1.0121036e-27
      2864.00   1.0217333e-27
      2865.00   1.0314480e-27
      2866.00   1.0412483e-27
      2867.00   1.0511349e-27
      2868.00   1.0611086e-27
      2869.00   1.0711700e-27
      2870.00   1.0813199e-27
      2871.00   1.0915589e-27
      2872.00   1.1018879e-27
      2873.00   1.1123074e-27
      2874.00   1.1228183e-27
      2875.00   1.1334212e-27
      2876.00   1.1441170e-27
      2877.00   1.1549063e-27
      2878.00   1.1657900e-27
      2879.00   1.1767687e-27
      2880.00   1.1878432e-27
      2881.00   1.1990144e-27
      2882.00   1.2102829e-27
      2883.00   1.2216496e-27
      2884.00   1.2331152e-27
      2885.00   1.2446805e-27
      2886.00   1.2563464e-27
      2887.00   1.2681136e-27
      2888.00   1.2799829e-27
      2889.00   1.2919552e-27
      2890.00   1.3040313e-27
      2891.00   1.3162120e-27
      2892.00   1.3284981e-27
      2893.00   1.3408904e-27
      2894.00   1.3533899e-27
      2895.00   1.3659973e-27
      2896.00   1.3787135e-27
      2897.00   1.3915395e-27
      2898.00   1.4044759e-27
      2899.00   1.4175238e-27
      2900.00   1.4306840e-27
      2901.00   1.4439574e-27
      2902.00   1.4573448e-27
      2903.00   1.4708473e-27
      2904.00   1.4844656e-27
      2905.00   1.4982007e-27
      2906.00   1.5120535e-27
      2907.00   1.5260250e-27
      2908.00   1.5401161e-27
      2909.00   1.5543277e-27
      2910.00   1.5686607e-27
      2911.00   1.5831162e-27
      2912.00   1.5976950e-27
      2913.00   1.6123982e-27
      2914.00   1.6272266e-27
      2915.00   1.6421814e-27
      2916.00   1.6572635e-27
      2917.00   1.6724738e-27
      2918.00   1.6878134e-27
      2919.00   1.7032832e-27
      2920.00   1.7188844e-27
      2921.00   1.7346179e-27
      2922.00   1.7504847e-27
      2923.00   1.7664860e-27
      2924.00   1.7826226e-27
      2925.00   1.7988957e-27
      2926.00   1.8153064e-27
      2927.00   1.8318556e-27
      2928.00   1.8485446e-27
      2929.00   1.8653743e-27
      2930.00   1.8823458e-27
      2931.00   1.8994603e-27
      2932.00   1.9167188e-27
      2933.00   1.9341225e-27
      2934.00   1.9516724e-27
      2935.00   1.9693698e-27
      2936.00   1.9872157e-27
      2937.00   2.0052112e-27
      2938.00   2.0233576e-27
      2939.00   2.0416560e-27
      2940.00   2.0601076e-27
      2941.00   2.0787135e-27
      2942.00   2.0974749e-27
      2943.00   2.1163930e-27
      2944.00   2.1354690e-27
      2945.00   2.1547041e-27
      2946.00   2.1740995e-27
      2947.00   2.1936565e-27
      2948.00   2.2133763e-27
      2949.00   2.2332601e-27
      2950.00   2.2533092e-27
      2951.00   2.2735249e-27
      2952.00   2.2939083e-27
      2953.00   2.3144608e-27
      2954.00   2.3351837e-27
      2955.00   2.3560783e-27
      2956.00   2.3771458e-27
      2957.00   2.3983876e-27
      2958.00   2.4198050e-27
      2959.00   2.4413993e-27
      2960.00   2.4631719e-27
      2961.00   2.4851240e-27
      2962.00   2.5072572e-27
      2963.00   2.5295727e-27
      2964.00   2.5520719e-27
      2965.00   2.5747562e-27
      2966.00   2.5976270e-27
      2967.00   2.6206856e-27
      2968.00   2.6439336e-27
      2969.00   2.6673724e-27
      2970.00   2.6910032e-27
      2971.00   2.7148277e-27
      2972.00   2.7388473e-27
      2973.00   2.7630634e-27
      2974.00   2.7874774e-27
      2975.00   2.8120910e-27
      2976.00   2.8369055e-27
      2977.00   2.8619225e-27
      2978.00   2.8871435e-27
      2979.00   2.9125699e-27
      2980.00   2.9382035e-27
      2981.00   2.9640456e-27
      2982.00   2.9900978e-27
      2983.00   3.0163617e-27
      2984.00   3.0428389e-27
      2985.00   3.0695310e-27
      2986.00   3.0964395e-27
      2987.00   3.1235661e-27
      2988.00   3.1509124e-27
      2989.00   3.1784799e-27
      2990.00   3.2062704e-27
      2991.00   3.2342855e-27
      2992.00   3.2625269e-27
      2993.00   3.2909962e-27
      2994.00   3.3196951e-27
      2995.00   3.3486253e-27
      2996.00   3.3777886e-27
      2997.00   3.4071865e-27
      2998.00   3.4368209e-27
      2999.00   3.4666935e-27
      3000.00   3.4968061e-27
      3001.00   3.5271604e-27
      3002.00   3.5577582e-27
      3003.00   3.5886012e-27
      3004.00   3.6196913e-27
      3005.00   3.6510303e-27
      3006.00   3.6826200e-27
      3007.00   3.7144622e-27
      3008.00   3.7465589e-27
      3009.00   3.7789117e-27
      3010.00   3.8115227e-27
      3011.00   3.8443937e-27
      3012.00   3.8775266e-27
      3013.00   3.9109233e-27
      3014.00   3.9445857e-27
      3015.00   3.9785158e-27
      3016.00   4.0127154e-27
      3017.00   4.0471867e-27
      3018.00   4.0819314e-27
      3019.00   4.1169517e-27
      3020.00   4.1522495e-27
      3021.00   4.1878268e-27
      3022.00   4.2236857e-27
      3023.00   4.2598282e-27
      3024.00   4.2962563e-27
      3025.00   4.3329721e-27
      3026.00   4.3699776e-27
      3027.00   4.4072751e-27
      3028.00   4.4448665e-27
      3029.00   4.4827540e-27
      3030.00   4.5209397e-27
      3031.00   4.5594258e-27
      3032.00   4.5982144e-27
      3033.00   4.6373078e-27
      3034.00   4.6767080e-27
      3035.00   4.7164173e-27
      3036.00   4.7564379e-27
      3037.00   4.7967720e-27
      3038.00   4.8374219e-27
      3039.00   4.8783898e-27
      3040.00   4.9196781e-27
      3041.00   4.9612889e-27
      3042.00   5.0032247e-27
      3043.00   5.0454877e-27
      3044.00   5.0880802e-27
      3045.00   5.1310046e-27
      3046.00   5.1742633e-27
      3047.00   5.2178586e-27
      3048.00   5.2617930e-27
      3049.00   5.3060688e-27
      3050.00   5.3506884e-27
      3051.00   5.3956544e-27
      3052.00   5.4409691e-27
      3053.00   5.4866351e-27
      3054.00   5.5326548e-27
      3055.00   5.5790306e-27
      3056.00   5.6257653e-27
      3057.00   5.6728611e-27
      3058.00   5.7203209e-27
      3059.00   5.7681470e-27
      3060.00   5.8163420e-27
      3061.00   5.8649087e-27
      3062.00   5.9138495e-27
      3063.00   5.9631671e-27
      3064.00   6.0128642e-27
      3065.00   6.0629434e-27
      3066.00   6.1134075e-27
      3067.00   6.1642590e-27
      3068.00   6.2155008e-27
      3069.00   6.2671355e-27
      3070.00   6.3191660e-27
      3071.00   6.3715949e-27
      3072.00   6.4244251e-27
      3073.00   6.4776593e-27
      3074.00   6.5313005e-27
      3075.00   6.5853514e-27
      3076.00   6.6398148e-27
      3077.00   6.6946938e-27
      3078.00   6.7499910e-27
      3079.00   6.8057096e-27
      3080.00   6.8618523e-27
      3081.00   6.9184221e-27
      3082.00   6.9754221e-27
      3083.00   7.0328551e-27
      3084.00   7.0907243e-27
      3085.00   7.1490325e-27
      3086.00   7.2077829e-27
      3087.00   7.2669785e-27
      3088.00   7.3266224e-27
      3089.00   7.3867176e-27
      3090.00   7.4472674e-27
      3091.00   7.5082748e-27
      3092.00   7.5697429e-27
      3093.00   7.6316751e-27
      3094.00   7.6940744e-27
      3095.00   7.7569440e-27
      3096.00   7.8202873e-27
      3097.00   7.8841074e-27
      3098.00   7.9484077e-27
      3099.00   8.0131914e-27
      3100.00   8.0784618e-27
      3101.00   8.1442223e-27
      3102.00   8.2104763e-27
      3103.00   8.2772270e-27
      3104.00   8.3444779e-27
      3105.00   8.4122325e-27
      3106.00   8.4804941e-27
      3107.00   8.5492663e-27
      3108.00   8.6185524e-27
      3109.00   8.6883561e-27
      3110.00   8.7586808e-27
      3111.00   8.8295300e-27
      3112.00   8.9009074e-27
      3113.00   8.9728165e-27
      3114.00   9.0452610e-27
      3115.00   9.1182444e-27
      3116.00   9.1917704e-27
      3117.00   9.2658428e-27
      3118.00   9.3404652e-27
      3119.00   9.4156413e-27
      3120.00   9.4913748e-27
      3121.00   9.5676696e-27
      3122.00   9.6445294e-27
      3123.00   9.7219581e-27
      3124.00   9.7999594e-27
      3125.00   9.8785373e-27
      3126.00   9.9576956e-27
      3127.00   1.0037438e-26
      3128.00   1.0117769e-26
      3129.00   1.0198692e-26
      3130.00   1.0280211e-26
      3131.00   1.0362331e-26
      3132.00   1.0445054e-26
      3133.00   1.0528386e-26
      3134.00   1.0612331e-26
      3135.00   1.0696891e-26
      3136.00   1.0782073e-26
      3137.00   1.0867879e-26
      3138.00   1.0954313e-26
      3139.00   1.1041381e-26
      3140.00   1.1129087e-26
      3141.00   1.1217433e-26
      3142.00   1.1306426e-26
      3143.00   1.1396069e-26
      3144.00   1.1486366e-26
      3145.00   1.1577322e-26
      3146.00   1.1668941e-26
      3147.00   1.1761228e-26
      3148.00   1.1854186e-26
      3149.00   1.1947822e-26
      3150.00   1.2042138e-26
      3151.00   1.2137139e-26
      3152.00   1.2232831e-26
      3153.00   1.2329217e-26
      3154.00   1.2426302e-26
      3155.00   1.2524091e-26
      3156.00   1.2622589e-26
      3157.00   1.2721799e-26
      3158.00   1.2821728e-26
      3159.00   1.2922378e-26
      3160.00   1.3023756e-26
      3161.00   1.3125867e-26
      3162.00   1.3228713e-26
      3163.00   1.3332302e-26
      3164.00   1.3436637e-26
      3165.00   1.3541724e-26
      3166.00   1.3647567e-26
      3167.00   1.3754171e-26
      3168.00   1.3861542e-26
      3169.00   1.3969684e-26
      3170.00   1.4078602e-26
      3171.00   1.4188302e-26
      3172.00   1.4298788e-26
      3173.00   1.4410066e-26
      3174.00   1.4522141e-26
      3175.00   1.4635017e-26
      3176.00   1.4748701e-26
      3177.00   1.4863198e-26
      3178.00   1.4978512e-26
      3179.00   1.5094650e-26
      3180.00   1.5211615e-26
      3181.00   1.5329415e-26
      3182.00   1.5448054e-26
      3183.00   1.5567537e-26
      3184.00   1.5687871e-26
      3185.00   1.5809060e-26
      3186.00   1.5931111e-26
      3187.00   1.6054028e-26
      3188.00   1.6177817e-26
      3189.00   1.6302484e-26
      3190.00   1.6428035e-26
      3191.00   1.6554476e-26
      3192.00   1.6681811e-26
      3193.00   1.6810047e-26
      3194.00   1.6939190e-26
      3195.00   1.7069245e-26
      3196.00   1.7200218e-26
      3197.00   1.7332116e-26
      3198.00   1.7464943e-26
      3199.00   1.7598707e-26
      3200.00   1.7733413e-26
      3201.00   1.7869066e-26
      3202.00   1.8005674e-26
      3203.00   1.8143242e-26
      3204.00   1.8281777e-26
      3205.00   1.8421284e-26
      3206.00   1.8561770e-26
      3207.00   1.8703241e-26
      3208.00   1.8845703e-26
      3209.00   1.8989163e-26
      3210.00   1.9133626e-26
      3211.00   1.9279100e-26
      3212.00   1.9425591e-26
      3213.00   1.9573105e-26
      3214.00   1.9721649e-26
      3215.00   1.9871228e-26
      3216.00   2.0021851e-26
      3217.00   2.0173523e-26
      3218.00   2.0326251e-26
      3219.00   2.0480042e-26
      3220.00   2.0634902e-26
      3221.00   2.0790838e-26
      3222.00   2.0947858e-26
      3223.00   2.1105967e-26
      3224.00   2.1265173e-26
      3225.00   2.1425482e-26
      3226.00   2.1586902e-26
      3227.00   2.1749440e-26
      3228.00   2.1913102e-26
      3229.00   2.2077895e-26
      3230.00   2.2243828e-26
      3231.00   2.2410906e-26
      3232.00   2.2579137e-26
      3233.00   2.2748529e-26
      3234.00   2.2919088e-26
      3235.00   2.3090822e-26
      3236.00   2.3263738e-26
      3237.00   2.3437844e-26
      3238.00   2.3613147e-26
      3239.00   2.3789654e-26
      3240.00   2.3967373e-26
      3241.00   2.4146312e-26
      3242.00   2.4326478e-26
      3243.00   2.4507879e-26
      3244.00   2.4690523e-26
      3245.00   2.4874416e-26
      3246.00   2.5059568e-26
      3247.00   2.5245985e-26
      3248.00   2.5433676e-26
      3249.00   2.5622648e-26
      3250.00   2.5812910e-26
      3251.00   2.6004470e-26
      3252.00   2.6197334e-26
      3253.00   2.6391513e-26
      3254.00   2.6587013e-26
      3255.00   2.6783843e-26
      3256.00   2.6982011e-26
      3257.00   2.7181525e-26
      3258.00   2.7382394e-26
      3259.00   2.7584626e-26
      3260.00   2.7788230e-26
      3261.00   2.7993213e-26
      3262.00   2.8199584e-26
      3263.00   2.8407352e-26
      3264.00   2.8616525e-26
      3265.00   2.8827113e-26
      3266.00   2.9039123e-26
      3267.00   2.9252565e-26
      3268.00   2.9467446e-26
      3269.00   2.9683777e-26
      3270.00   2.9901565e-26
      3271.00   3.0120820e-26
      3272.00   3.0341551e-26
      3273.00   3.0563767e-26
      3274.00   3.0787476e-26
      3275.00   3.1012688e-26
      3276.00   3.1239412e-26
      3277.00   3.1467658e-26
      3278.00   3.1697433e-26
      3279.00   3.1928749e-26
      3280.00   3.2161614e-26
      3281.00   3.2396037e-26
      3282.00   3.2632028e-26
      3283.00   3.2869597e-26
      3284.00   3.3108753e-26
      3285.00   3.3349505e-26
      3286.00   3.3591864e-26
      3287.00   3.3835839e-26
      3288.00   3.4081440e-26
      3289.00   3.4328676e-26
      3290.00   3.4577558e-26
      3291.00   3.4828095e-26
      3292.00   3.5080298e-26
      3293.00   3.5334176e-26
      3294.00   3.5589740e-26
      3295.00   3.5846999e-26
      3296.00   3.6105965e-26
      3297.00   3.6366646e-26
      3298.00   3.6629054e-26
      3299.00   3.6893199e-26
      3300.00   3.7159091e-26
      3301.00   3.7426740e-26
      3302.00   3.7696158e-26
      3303.00   3.7967354e-26
      3304.00   3.8240340e-26
      3305.00   3.8515126e-26
      3306.00   3.8791723e-26
      3307.00   3.9070142e-26
      3308.00   3.9350393e-26
      3309.00   3.9632488e-26
      3310.00   3.9916437e-26
      3311.00   4.0202252e-26
      3312.00   4.0489943e-26
      3313.00   4.0779522e-26
      3314.00   4.1071001e-26
      3315.00   4.1364389e-26
      3316.00   4.1659699e-26
      3317.00   4.1956942e-26
      3318.00   4.2256129e-26
      3319.00   4.2557273e-26
      3320.00   4.2860384e-26
      3321.00   4.3165474e-26
      3322.00   4.3472555e-26
      3323.00   4.3781639e-26
      3324.00   4.4092737e-26
      3325.00   4.4405862e-26
      3326.00   4.4721025e-26
      3327.00   4.5038238e-26
      3328.00   4.5357514e-26
      3329.00   4.5678864e-26
      3330.00   4.6002302e-26
      3331.00   4.6327838e-26
      3332.00   4.6655485e-26
      3333.00   4.6985256e-26
      3334.00   4.7317164e-26
      3335.00   4.7651220e-26
      3336.00   4.7987438e-26
      3337.00   4.8325829e-26
      3338.00   4.8666407e-26
      3339.00   4.9009185e-26
      3340.00   4.9354175e-26
      3341.00   4.9701390e-26
      3342.00   5.0050844e-26
      3343.00   5.0402549e-26
      3344.00   5.0756518e-26
      3345.00   5.1112765e-26
      3346.00   5.1471303e-26
      3347.00   5.1832145e-26
      3348.00   5.2195304e-26
      3349.00   5.2560795e-26
      3350.00   5.2928630e-26
      3351.00   5.3298824e-26
      3352.00   5.3671389e-26
      3353.00   5.4046340e-26
      3354.00   5.4423691e-26
      3355.00   5.4803454e-26
      3356.00   5.5185646e-26
      3357.00   5.5570278e-26
      3358.00   5.5957366e-26
      3359.00   5.6346923e-26
      3360.00   5.6738965e-26
      3361.00   5.7133504e-26
      3362.00   5.7530557e-26
      3363.00   5.7930136e-26
      3364.00   5.8332257e-26
      3365.00   5.8736934e-26
      3366.00   5.9144182e-26
      3367.00   5.9554015e-26
      3368.00   5.9966449e-26
      3369.00   6.0381499e-26
      3370.00   6.0799179e-26
      3371.00   6.1219504e-26
      3372.00   6.1642490e-26
      3373.00   6.2068152e-26
      3374.00   6.2496505e-26
      3375.00   6.2927565e-26
      3376.00   6.3361347e-26
      3377.00   6.3797866e-26
      3378.00   6.4237139e-26
      3379.00   6.4679180e-26
      3380.00   6.5124006e-26
      3381.00   6.5571632e-26
      3382.00   6.6022075e-26
      3383.00   6.6475350e-26
      3384.00   6.6931474e-26
      3385.00   6.7390462e-26
      3386.00   6.7852331e-26
      3387.00   6.8317098e-26
      3388.00   6.8784778e-26
      3389.00   6.9255389e-26
      3390.00   6.9728946e-26
      3391.00   7.0205467e-26
      3392.00   7.0684968e-26
      3393.00   7.1167466e-26
      3394.00   7.1652978e-26
      3395.00   7.2141521e-26
      3396.00   7.2633113e-26
      3397.00   7.3127769e-26
      3398.00   7.3625508e-26
      3399.00   7.4126347e-26
      3400.00   7.4630303e-26
      3401.00   7.5137394e-26
      3402.00   7.5647637e-26
      3403.00   7.6161051e-26
      3404.00   7.6677653e-26
      3405.00   7.7197460e-26
      3406.00   7.7720491e-26
      3407.00   7.8246764e-26
      3408.00   7.8776297e-26
      3409.00   7.9309108e-26
      3410.00   7.9845215e-26
      3411.00   8.0384638e-26
      3412.00   8.0927394e-26
      3413.00   8.1473502e-26
      3414.00   8.2022981e-26
      3415.00   8.2575849e-26
      3416.00   8.3132126e-26
      3417.00   8.3691830e-26
      3418.00   8.4254980e-26
      3419.00   8.4821596e-26
      3420.00   8.5391697e-26
      3421.00   8.5965302e-26
      3422.00   8.6542430e-26
      3423.00   8.7123102e-26
      3424.00   8.7707336e-26
      3425.00   8.8295153e-26
      3426.00   8.8886573e-26
      3427.00   8.9481614e-26
      3428.00   9.0080298e-26
      3429.00   9.0682644e-26
      3430.00   9.1288673e-26
      3431.00   9.1898404e-26
      3432.00   9.2511859e-26
      3433.00   9.3129058e-26
      3434.00   9.3750021e-26
      3435.00   9.4374770e-26
      3436.00   9.5003324e-26
      3437.00   9.5635705e-26
      3438.00   9.6271935e-26
      3439.00   9.6912033e-26
      3440.00   9.7556021e-26
      3441.00   9.8203921e-26
      3442.00   9.8855754e-26
      3443.00   9.9511542e-26
      3444.00   1.0017131e-25
      3445.00   1.0083507e-25
      3446.00   1.0150285e-25
      3447.00   1.0217467e-25
      3448.00   1.0285056e-25
      3449.00   1.0353053e-25
      3450.00   1.0421461e-25
      3451.00   1.0490282e-25
      3452.00   1.0559519e-25
      3453.00   1.0629173e-25
      3454.00   1.0699247e-25
      3455.00   1.0769743e-25
      3456.00   1.0840663e-25
      3457.00   1.0912010e-25
      3458.00   1.0983786e-25
      3459.00   1.1055994e-25
      3460.00   1.1128635e-25
      3461.00   1.1201712e-25
      3462.00   1.1275228e-25
      3463.00   1.1349184e-25
      3464.00   1.1423584e-25
      3465.00   1.1498429e-25
      3466.00   1.1573722e-25
      3467.00   1.1649466e-25
      3468.00   1.1725662e-25
      3469.00   1.1802313e-25
      3470.00   1.1879422e-25
      3471.00   1.1956992e-25
      3472.00   1.2035024e-25
      3473.00   1.2113521e-25
      3474.00   1.2192485e-25
      3475.00   1.2271920e-25
      3476.00   1.2351827e-25
      3477.00   1.2432210e-25
      3478.00   1.2513070e-25
      3479.00   1.2594411e-25
      3480.00   1.2676234e-25
      3481.00   1.2758543e-25
      3482.00   1.2841339e-25
      3483.00   1.2924627e-25
      3484.00   1.3008408e-25
      3485.00   1.3092684e-25
      3486.00   1.3177459e-25
      3487.00   1.3262735e-25
      3488.00   1.3348516e-25
      3489.00   1.3434802e-25
      3490.00   1.3521598e-25
      3491.00   1.3608906e-25
      3492.00   1.3696728e-25
      3493.00   1.3785068e-25
      3494.00   1.3873928e-25
      3495.00   1.3963310e-25
      3496.00   1.4053219e-25
      3497.00   1.4143656e-25
      3498.00   1.4234624e-25
      3499.00   1.4326126e-25
      3500.00   1.4418165e-25
      3501.00   1.4510743e-25
      3502.00   1.4603864e-25
      3503.00   1.4697531e-25
      3504.00   1.4791746e-25
      3505.00   1.4886512e-25
      3506.00   1.4981832e-25
      3507.00   1.5077709e-25
      3508.00   1.5174146e-25
      3509.00   1.5271146e-25
      3510.00   1.5368711e-25
      3511.00   1.5466846e-25
      3512.00   1.5565552e-25
      3513.00   1.5664833e-25
      3514.00   1.5764692e-25
      3515.00   1.5865131e-25
      3516.00   1.5966155e-25
      3517.00   1.6067765e-25
      3518.00   1.6169965e-25
      3519.00   1.6272758e-25
      3520.00   1.6376148e-25
      3521.00   1.6480136e-25
      3522.00   1.6584727e-25
      3523.00   1.6689924e-25
      3524.00   1.6795729e-25
      3525.00   1.6902146e-25
      3526.00   1.7009178e-25
      3527.00   1.7116829e-25
      3528.00   1.7225100e-25
      3529.00   1.7333997e-25
      3530.00   1.7443521e-25
      3531.00   1.7553676e-25
      3532.00   1.7664466e-25
      3533.00   1.7775894e-25
      3534.00   1.7887962e-25
      3535.00   1.8000675e-25
      3536.00   1.8114035e-25
      3537.00   1.8228047e-25
      3538.00   1.8342713e-25
      3539.00   1.8458036e-25
      3540.00   1.8574021e-25
      3541.00   1.8690670e-25
      3542.00   1.8807988e-25
      3543.00   1.8925976e-25
      3544.00   1.9044640e-25
      3545.00   1.9163981e-25
      3546.00   1.9284005e-25
      3547.00   1.9404714e-25
      3548.00   1.9526112e-25
      3549.00   1.9648202e-25
      3550.00   1.9770988e-25
      3551.00   1.9894473e-25
      3552.00   2.0018662e-25
      3553.00   2.0143557e-25
      3554.00   2.0269163e-25
      3555.00   2.0395482e-25
      3556.00   2.0522519e-25
      3557.00   2.0650277e-25
      3558.00   2.0778760e-25
      3559.00   2.0907971e-25
      3560.00   2.1037915e-25
      3561.00   2.1168595e-25
      3562.00   2.1300015e-25
      3563.00   2.1432178e-25
      3564.00   2.1565088e-25
      3565.00   2.1698750e-25
      3566.00   2.1833166e-25
      3567.00   2.1968342e-25
      3568.00   2.2104280e-25
      3569.00   2.2240984e-25
      3570.00   2.2378458e-25
      3571.00   2.2516707e-25
      3572.00   2.2655734e-25
      3573.00   2.2795543e-25
      3574.00   2.2936139e-25
      3575.00   2.3077524e-25
      3576.00   2.3219703e-25
      3577.00   2.3362680e-25
      3578.00   2.3506459e-25
      3579.00   2.3651044e-25
      3580.00   2.3796440e-25
      3581.00   2.3942649e-25
      3582.00   2.4089677e-25
      3583.00   2.4237527e-25
      3584.00   2.4386204e-25
      3585.00   2.4535712e-25
      3586.00   2.4686054e-25
      3587.00   2.4837235e-25
      3588.00   2.4989260e-25
      3589.00   2.5142132e-25
      3590.00   2.5295855e-25
      3591.00   2.5450435e-25
      3592.00   2.5605875e-25
      3593.00   2.5762179e-25
      3594.00   2.5919352e-25
      3595.00   2.6077399e-25
      3596.00   2.6236323e-25
      3597.00   2.6396128e-25
      3598.00   2.6556821e-25
      3599.00   2.6718403e-25
      3600.00   2.6880881e-25
      3601.00   2.7044259e-25
      3602.00   2.7208540e-25
      3603.00   2.7373731e-25
      3604.00   2.7539834e-25
      3605.00   2.7706855e-25
      3606.00   2.7874797e-25
      3607.00   2.8043667e-25
      3608.00   2.8213468e-25
      3609.00   2.8384205e-25
      3610.00   2.8555882e-25
      3611.00   2.8728504e-25
      3612.00   2.8902077e-25
      3613.00   2.9076603e-25
      3614.00   2.9252089e-25
      3615.00   2.9428539e-25
      3616.00   2.9605958e-25
      3617.00   2.9784350e-25
      3618.00   2.9963720e-25
      3619.00   3.0144074e-25
      3620.00   3.0325415e-25
      3621.00   3.0507749e-25
      3622.00   3.0691081e-25
      3623.00   3.0875415e-25
      3624.00   3.1060757e-25
      3625.00   3.1247111e-25
      3626.00   3.1434482e-25
      3627.00   3.1622876e-25
      3628.00   3.1812297e-25
      3629.00   3.2002750e-25
      3630.00   3.2194241e-25
      3631.00   3.2386774e-25
      3632.00   3.2580355e-25
      3633.00   3.2774988e-25
      3634.00   3.2970680e-25
      3635.00   3.3167434e-25
      3636.00   3.3365256e-25
      3637.00   3.3564151e-25
      3638.00   3.3764125e-25
      3639.00   3.3965183e-25
      3640.00   3.4167329e-25
      3641.00   3.4370570e-25
      3642.00   3.4574911e-25
      3643.00   3.4780357e-25
      3644.00   3.4986912e-25
      3645.00   3.5194584e-25
      3646.00   3.5403377e-25
      3647.00   3.5613296e-25
      3648.00   3.5824347e-25
      3649.00   3.6036535e-25
      3650.00   3.6249866e-25
      3651.00   3.6464346e-25
      3652.00   3.6679980e-25
      3653.00   3.6896773e-25
      3654.00   3.7114731e-25
      3655.00   3.7333860e-25
      3656.00   3.7554166e-25
      3657.00   3.7775653e-25
      3658.00   3.7998328e-25
      3659.00   3.8222196e-25
      3660.00   3.8447264e-25
      3661.00   3.8673536e-25
      3662.00   3.8901019e-25
      3663.00   3.9129718e-25
      3664.00   3.9359640e-25
      3665.00   3.9590790e-25
      3666.00   3.9823173e-25
      3667.00   4.0056797e-25
      3668.00   4.0291666e-25
      3669.00   4.0527788e-25
      3670.00   4.0765166e-25
      3671.00   4.1003809e-25
      3672.00   4.1243721e-25
      3673.00   4.1484909e-25
      3674.00   4.1727379e-25
      3675.00   4.1971137e-25
      3676.00   4.2216189e-25
      3677.00   4.2462541e-25
      3678.00   4.2710200e-25
      3679.00   4.2959171e-25
      3680.00   4.3209461e-25
      3681.00   4.3461077e-25
      3682.00   4.3714023e-25
      3683.00   4.3968307e-25
      3684.00   4.4223936e-25
      3685.00   4.4480914e-25
      3686.00   4.4739249e-25
      3687.00   4.4998948e-25
      3688.00   4.5260016e-25
      3689.00   4.5522460e-25
      3690.00   4.5786286e-25
      3691.00   4.6051502e-25
      3692.00   4.6318113e-25
      3693.00   4.6586127e-25
      3694.00   4.6855549e-25
      3695.00   4.7126386e-25
      3696.00   4.7398646e-25
      3697.00   4.7672334e-25
      3698.00   4.7947458e-25
      3699.00   4.8224024e-25
      3700.00   4.8502039e-25
      3701.00   4.8781509e-25
      3702.00   4.9062442e-25
      3703.00   4.9344844e-25
      3704.00   4.9628723e-25
      3705.00   4.9914085e-25
      3706.00   5.0200936e-25
      3707.00   5.0489285e-25
      3708.00   5.0779138e-25
      3709.00   5.1070502e-25
      3710.00   5.1363384e-25
      3711.00   5.1657791e-25
      3712.00   5.1953730e-25
      3713.00   5.2251209e-25
      3714.00   5.2550234e-25
      3715.00   5.2850813e-25
      3716.00   5.3152953e-25
      3717.00   5.3456661e-25
      3718.00   5.3761944e-25
      3719.00   5.4068810e-25
      3720.00   5.4377266e-25
      3721.00   5.4687320e-25
      3722.00   5.4998979e-25
      3723.00   5.5312250e-25
      3724.00   5.5627140e-25
      3725.00   5.5943658e-25
      3726.00   5.6261810e-25
      3727.00   5.6581605e-25
      3728.00   5.6903050e-25
      3729.00   5.7226152e-25
      3730.00   5.7550919e-25
      3731.00   5.7877359e-25
      3732.00   5.8205479e-25
      3733.00   5.8535288e-25
      3734.00   5.8866792e-25
      3735.00   5.9200000e-25
      3736.00   5.9534920e-25
      3737.00   5.9871559e-25
      3738.00   6.0209926e-25
      3739.00   6.0550027e-25
      3740.00   6.0891872e-25
      3741.00   6.1235468e-25
      3742.00   6.1580823e-25
      3743.00   6.1927945e-25
      3744.00   6.2276843e-25
      3745.00   6.2627524e-25
      3746.00   6.2979996e-25
      3747.00   6.3334268e-25
      3748.00   6.3690348e-25
      3749.00   6.4048245e-25
      3750.00   6.4407965e-25
      3751.00   6.4769518e-25
      3752.00   6.5132913e-25
      3753.00   6.5498156e-25
      3754.00   6.5865258e-25
      3755.00   6.6234226e-25
      3756.00   6.6605068e-25
      3757.00   6.6977794e-25
      3758.00   6.7352411e-25
      3759.00   6.7728929e-25
      3760.00   6.8107356e-25
      3761.00   6.8487700e-25
      3762.00   6.8869971e-25
      3763.00   6.9254177e-25
      3764.00   6.9640326e-25
      3765.00   7.0028428e-25
      3766.00   7.0418491e-25
      3767.00   7.0810524e-25
      3768.00   7.1204536e-25
      3769.00   7.1600536e-25
      3770.00   7.1998533e-25
      3771.00   7.2398536e-25
      3772.00   7.2800554e-25
      3773.00   7.3204595e-25
      3774.00   7.3610670e-25
      3775.00   7.4018787e-25
      3776.00   7.4428955e-25
      3777.00   7.4841184e-25
      3778.00   7.5255482e-25
      3779.00   7.5671860e-25
      3780.00   7.6090325e-25
      3781.00   7.6510889e-25
      3782.00   7.6933559e-25
      3783.00   7.7358346e-25
      3784.00   7.7785259e-25
      3785.00   7.8214308e-25
      3786.00   7.8645501e-25
      3787.00   7.9078849e-25
      3788.00   7.9514361e-25
      3789.00   7.9952046e-25
      3790.00   8.0391915e-25
      3791.00   8.0833977e-25
      3792.00   8.1278242e-25
      3793.00   8.1724720e-25
      3794.00   8.2173420e-25
      3795.00   8.2624353e-25
      3796.00   8.3077527e-25
      3797.00   8.3532954e-25
      3798.00   8.3990644e-25
      3799.00   8.4450605e-25
      3800.00   8.4912849e-25
      3801.00   8.5377384e-25
      3802.00   8.5844223e-25
      3803.00   8.6313374e-25
      3804.00   8.6784848e-25
      3805.00   8.7258655e-25
      3806.00   8.7734805e-25
      3807.00   8.8213310e-25
      3808.00   8.8694178e-25
      3809.00   8.9177421e-25
      3810.00   8.9663048e-25
      3811.00   9.0151072e-25
      3812.00   9.0641501e-25
      3813.00   9.1134346e-25
      3814.00   9.1629619e-25
      3815.00   9.2127330e-25
      3816.00   9.2627489e-25
      3817.00   9.3130108e-25
      3818.00   9.3635196e-25
      3819.00   9.4142765e-25
      3820.00   9.4652826e-25
      3821.00   9.5165390e-25
      3822.00   9.5680467e-25
      3823.00   9.6198068e-25
      3824.00   9.6718205e-25
      3825.00   9.7240889e-25
      3826.00   9.7766130e-25
      3827.00   9.8293940e-25
      3828.00   9.8824330e-25
      3829.00   9.9357312e-25
      3830.00   9.9892896e-25
      3831.00   1.0043109e-24
      3832.00   1.0097192e-24
      3833.00   1.0151538e-24
      3834.00   1.0206148e-24
      3835.00   1.0261025e-24
      3836.00   1.0316169e-24
      3837.00   1.0371581e-24
      3838.00   1.0427262e-24
      3839.00   1.0483215e-24
      3840.00   1.0539438e-24
      3841.00   1.0595935e-24
      3842.00   1.0652706e-24
      3843.00   1.0709752e-24
      3844.00   1.0767075e-24
      3845.00   1.0824675e-24
      3846.00   1.0882555e-24
      3847.00   1.0940714e-24
      3848.00   1.0999155e-24
      3849.00   1.1057878e-24
      3850.00   1.1116885e-24
      3851.00   1.1176177e-24
      3852.00   1.1235755e-24
      3853.00   1.1295620e-24
      3854.00   1.1355774e-24
      3855.00   1.1416218e-24
      3856.00   1.1476953e-24
      3857.00   1.1537980e-24
      3858.00   1.1599301e-24
      3859.00   1.1660917e-24
      3860.00   1.1722828e-24
      3861.00   1.1785038e-24
      3862.00   1.1847546e-24
      3863.00   1.1910353e-24
      3864.00   1.1973462e-24
      3865.00   1.2036874e-24
      3866.00   1.2100589e-24
      3867.00   1.2164610e-24
      3868.00   1.2228937e-24
      3869.00   1.2293571e-24
      3870.00   1.2358515e-24
      3871.00   1.2423768e-24
      3872.00   1.2489334e-24
      3873.00   1.2555212e-24
      3874.00   1.2621405e-24
      3875.00   1.2687913e-24
      3876.00   1.2754738e-24
      3877.00   1.2821882e-24
      3878.00   1.2889345e-24
      3879.00   1.2957129e-24
      3880.00   1.3025236e-24
      3881.00   1.3093666e-24
      3882.00   1.3162421e-24
      3883.00   1.3231503e-24
      3884.00   1.3300913e-24
      3885.00   1.3370651e-24
      3886.00   1.3440721e-24
      3887.00   1.3511122e-24
      3888.00   1.3581857e-24
      3889.00   1.3652927e-24
      3890.00   1.3724333e-24
      3891.00   1.3796076e-24
      3892.00   1.3868159e-24
      3893.00   1.3940582e-24
      3894.00   1.4013346e-24
      3895.00   1.4086455e-24
      3896.00   1.4159908e-24
      3897.00   1.4233707e-24
      3898.00   1.4307854e-24
      3899.00   1.4382350e-24
      3900.00   1.4457196e-24
      3901.00   1.4532395e-24
      3902.00   1.4607947e-24
      3903.00   1.4683854e-24
      3904.00   1.4760117e-24
      3905.00   1.4836739e-24
      3906.00   1.4913720e-24
      3907.00   1.4991062e-24
      3908.00   1.5068766e-24
      3909.00   1.5146835e-24
      3910.00   1.5225268e-24
      3911.00   1.5304069e-24
      3912.00   1.5383239e-24
      3913.00   1.5462778e-24
      3914.00   1.5542689e-24
      3915.00   1.5622973e-24
      3916.00   1.5703632e-24
      3917.00   1.5784667e-24
      3918.00   1.5866080e-24
      3919.00   1.5947872e-24
      3920.00   1.6030045e-24
      3921.00   1.6112601e-24
      3922.00   1.6195541e-24
      3923.00   1.6278866e-24
      3924.00   1.6362579e-24
      3925.00   1.6446680e-24
      3926.00   1.6531172e-24
      3927.00   1.6616056e-24
      3928.00   1.6701334e-24
      3929.00   1.6787007e-24
      3930.00   1.6873077e-24
      3931.00   1.6959545e-24
      3932.00   1.7046414e-24
      3933.00   1.7133685e-24
      3934.00   1.7221359e-24
      3935.00   1.7309438e-24
      3936.00   1.7397924e-24
      3937.00   1.7486819e-24
      3938.00   1.7576123e-24
      3939.00   1.7665840e-24
      3940.00   1.7755970e-24
      3941.00   1.7846515e-24
      3942.00   1.7937477e-24
      3943.00   1.8028858e-24
      3944.00   1.8120659e-24
      3945.00   1.8212882e-24
      3946.00   1.8305529e-24
      3947.00   1.8398601e-24
      3948.00   1.8492101e-24
      3949.00   1.8586029e-24
      3950.00   1.8680389e-24
      3951.00   1.8775180e-24
      3952.00   1.8870406e-24
      3953.00   1.8966068e-24
      3954.00   1.9062168e-24
      3955.00   1.9158707e-24
      3956.00   1.9255687e-24
      3957.00   1.9353111e-24
      3958.00   1.9450980e-24
      3959.00   1.9549295e-24
      3960.00   1.9648058e-24
      3961.00   1.9747272e-24
      3962.00   1.9846938e-24
      3963.00   1.9947058e-24
      3964.00   2.0047634e-24
      3965.00   2.0148668e-24
      3966.00   2.0250161e-24
      3967.00   2.0352115e-24
      3968.00   2.0454533e-24
      3969.00   2.0557415e-24
      3970.00   2.0660765e-24
      3971.00   2.0764583e-24
      3972.00   2.0868872e-24
      3973.00   2.0973634e-24
      3974.00   2.1078870e-24
      3975.00   2.1184582e-24
      3976.00   2.1290773e-24
      3977.00   2.1397444e-24
      3978.00   2.1504597e-24
      3979.00   2.1612234e-24
      3980.00   2.1720358e-24
      3981.00   2.1828969e-24
      3982.00   2.1938070e-24
      3983.00   2.2047663e-24
      3984.00   2.2157750e-24
      3985.00   2.2268332e-24
      3986.00   2.2379413e-24
      3987.00   2.2490993e-24
      3988.00   2.2603075e-24
      3989.00   2.2715660e-24
      3990.00   2.2828752e-24
      3991.00   2.2942351e-24
      3992.00   2.3056460e-24
      3993.00   2.3171081e-24
      3994.00   2.3286216e-24
      3995.00   2.3401866e-24
      3996.00   2.3518035e-24
      3997.00   2.3634723e-24
      3998.00   2.3751934e-24
      3999.00   2.3869669e-24
      4000.00   2.3987930e-24
      4001.00   2.4106719e-24
      4002.00   2.4226038e-24
      4003.00   2.4345890e-24
      4004.00   2.4466277e-24
      4005.00   2.4587200e-24
      4006.00   2.4708663e-24
      4007.00   2.4830666e-24
      4008.00   2.4953212e-24
      4009.00   2.5076303e-24
      4010.00   2.5199942e-24
      4011.00   2.5324130e-24
      4012.00   2.5448870e-24
      4013.00   2.5574164e-24
      4014.00   2.5700013e-24
      4015.00   2.5826421e-24
      4016.00   2.5953390e-24
      4017.00   2.6080921e-24
      4018.00   2.6209016e-24
      4019.00   2.6337679e-24
      4020.00   2.6466911e-24
      4021.00   2.6596714e-24
      4022.00   2.6727092e-24
      4023.00   2.6858045e-24
      4024.00   2.6989576e-24
      4025.00   2.7121688e-24
      4026.00   2.7254382e-24
      4027.00   2.7387661e-24
      4028.00   2.7521528e-24
      4029.00   2.7655984e-24
      4030.00   2.7791033e-24
      4031.00   2.7926675e-24
      4032.00   2.8062914e-24
      4033.00   2.8199751e-24
      4034.00   2.8337190e-24
      4035.00   2.8475232e-24
      4036.00   2.8613880e-24
      4037.00   2.8753136e-24
      4038.00   2.8893003e-24
      4039.00   2.9033482e-24
      4040.00   2.9174577e-24
      4041.00   2.9316290e-24
      4042.00   2.9458622e-24
      4043.00   2.9601577e-24
      4044.00   2.9745157e-24
      4045.00   2.9889364e-24
      4046.00   3.0034200e-24
      4047.00   3.0179669e-24
      4048.00   3.0325772e-24
      4049.00   3.0472513e-24
      4050.00   3.0619893e-24
      4051.00   3.0767914e-24
      4052.00   3.0916580e-24
      4053.00   3.1065893e-24
      4054.00   3.1215856e-24
      4055.00   3.1366470e-24
      4056.00   3.1517738e-24
      4057.00   3.1669664e-24
      4058.00   3.1822248e-24
      4059.00   3.1975495e-24
      4060.00   3.2129406e-24
      4061.00   3.2283984e-24
      4062.00   3.2439232e-24
      4063.00   3.2595152e-24
      4064.00   3.2751746e-24
      4065.00   3.2909018e-24
      4066.00   3.3066970e-24
      4067.00   3.3225604e-24
      4068.00   3.3384923e-24
      4069.00   3.3544930e-24
      4070.00   3.3705627e-24
      4071.00   3.3867017e-24
      4072.00   3.4029103e-24
      4073.00   3.4191887e-24
      4074.00   3.4355372e-24
      4075.00   3.4519560e-24
      4076.00   3.4684454e-24
      4077.00   3.4850058e-24
      4078.00   3.5016373e-24
      4079.00   3.5183402e-24
      4080.00   3.5351148e-24
      4081.00   3.5519615e-24
      4082.00   3.5688803e-24
      4083.00   3.5858717e-24
      4084.00   3.6029358e-24
      4085.00   3.6200731e-24
      4086.00   3.6372836e-24
      4087.00   3.6545678e-24
      4088.00   3.6719259e-24
      4089.00   3.6893582e-24
      4090.00   3.7068649e-24
      4091.00   3.7244464e-24
      4092.00   3.7421029e-24
      4093.00   3.7598347e-24
      4094.00   3.7776421e-24
      4095.00   3.7955253e-24
      4096.00   3.8134847e-24
      4097.00   3.8315206e-24
      4098.00   3.8496332e-24
      4099.00   3.8678228e-24
      4100.00   3.8860897e-24
      4101.00   3.9044342e-24
      4102.00   3.9228566e-24
      4103.00   3.9413572e-24
      4104.00   3.9599363e-24
      4105.00   3.9785941e-24
      4106.00   3.9973310e-24
      4107.00   4.0161472e-24
      4108.00   4.0350431e-24
      4109.00   4.0540190e-24
      4110.00   4.0730751e-24
      4111.00   4.0922117e-24
      4112.00   4.1114292e-24
      4113.00   4.1307279e-24
      4114.00   4.1501080e-24
      4115.00   4.1695698e-24
      4116.00   4.1891138e-24
      4117.00   4.2087401e-24
      4118.00   4.2284490e-24
      4119.00   4.2482410e-24
      4120.00   4.2681162e-24
      4121.00   4.2880750e-24
      4122.00   4.3081178e-24
      4123.00   4.3282447e-24
      4124.00   4.3484562e-24
      4125.00   4.3687526e-24
      4126.00   4.3891341e-24
      4127.00   4.4096010e-24
      4128.00   4.4301538e-24
      4129.00   4.4507926e-24
      4130.00   4.4715179e-24
      4131.00   4.4923300e-24
      4132.00   4.5132291e-24
      4133.00   4.5342155e-24
      4134.00   4.5552897e-24
      4135.00   4.5764519e-24
      4136.00   4.5977025e-24
      4137.00   4.6190418e-24
      4138.00   4.6404700e-24
      4139.00   4.6619876e-24
      4140.00   4.6835948e-24
      4141.00   4.7052921e-24
      4142.00   4.7270796e-24
      4143.00   4.7489579e-24
      4144.00   4.7709271e-24
      4145.00   4.7929876e-24
      4146.00   4.8151397e-24
      4147.00   4.8373839e-24
      4148.00   4.8597204e-24
      4149.00   4.8821495e-24
      4150.00   4.9046717e-24
      4151.00   4.9272872e-24
      4152.00   4.9499963e-24
      4153.00   4.9727995e-24
      4154.00   4.9956971e-24
      4155.00   5.0186894e-24
      4156.00   5.0417767e-24
      4157.00   5.0649594e-24
      4158.00   5.0882379e-24
      4159.00   5.1116125e-24
      4160.00   5.1350835e-24
      4161.00   5.1586513e-24
      4162.00   5.1823163e-24
      4163.00   5.2060788e-24
      4164.00   5.2299391e-24
      4165.00   5.2538977e-24
      4166.00   5.2779548e-24
      4167.00   5.3021108e-24
      4168.00   5.3263661e-24
      4169.00   5.3507211e-24
      4170.00   5.3751761e-24
      4171.00   5.3997314e-24
      4172.00   5.4243874e-24
      4173.00   5.4491446e-24
      4174.00   5.4740032e-24
      4175.00   5.4989636e-24
      4176.00   5.5240262e-24
      4177.00   5.5491914e-24
      4178.00   5.5744595e-24
      4179.00   5.5998309e-24
      4180.00   5.6253059e-24
      4181.00   5.6508850e-24
      4182.00   5.6765686e-24
      4183.00   5.7023569e-24
      4184.00   5.7282503e-24
      4185.00   5.7542494e-24
      4186.00   5.7803543e-24
      4187.00   5.8065656e-24
      4188.00   5.8328835e-24
      4189.00   5.8593085e-24
      4190.00   5.8858409e-24
      4191.00   5.9124812e-24
      4192.00   5.9392297e-24
      4193.00   5.9660868e-24
      4194.00   5.9930529e-24
      4195.00   6.0201284e-24
      4196.00   6.0473137e-24
      4197.00   6.0746091e-24
      4198.00   6.1020151e-24
      4199.00   6.1295321e-24
      4200.00   6.1571603e-24
      4201.00   6.1849004e-24
      4202.00   6.2127526e-24
      4203.00   6.2407173e-24
      4204.00   6.2687949e-24
      4205.00   6.2969859e-24
      4206.00   6.3252907e-24
      4207.00   6.3537095e-24
      4208.00   6.3822430e-24
      4209.00   6.4108914e-24
      4210.00   6.4396552e-24
      4211.00   6.4685347e-24
      4212.00   6.4975304e-24
      4213.00   6.5266427e-24
      4214.00   6.5558721e-24
      4215.00   6.5852188e-24
      4216.00   6.6146834e-24
      4217.00   6.6442662e-24
      4218.00   6.6739677e-24
      4219.00   6.7037883e-24
      4220.00   6.7337284e-24
      4221.00   6.7637885e-24
      4222.00   6.7939689e-24
      4223.00   6.8242700e-24
      4224.00   6.8546924e-24
      4225.00   6.8852363e-24
      4226.00   6.9159024e-24
      4227.00   6.9466909e-24
      4228.00   6.9776023e-24
      4229.00   7.0086371e-24
      4230.00   7.0397956e-24
      4231.00   7.0710784e-24
      4232.00   7.1024858e-24
      4233.00   7.1340182e-24
      4234.00   7.1656762e-24
      4235.00   7.1974602e-24
      4236.00   7.2293705e-24
      4237.00   7.2614077e-24
      4238.00   7.2935722e-24
      4239.00   7.3258644e-24
      4240.00   7.3582848e-24
      4241.00   7.3908337e-24
      4242.00   7.4235118e-24
      4243.00   7.4563194e-24
      4244.00   7.4892569e-24
      4245.00   7.5223249e-24
      4246.00   7.5555237e-24
      4247.00   7.5888539e-24
      4248.00   7.6223158e-24
      4249.00   7.6559100e-24
      4250.00   7.6896369e-24
      4251.00   7.7234969e-24
      4252.00   7.7574906e-24
      4253.00   7.7916184e-24
      4254.00   7.8258807e-24
      4255.00   7.8602780e-24
      4256.00   7.8948108e-24
      4257.00   7.9294796e-24
      4258.00   7.9642848e-24
      4259.00   7.9992269e-24
      4260.00   8.0343063e-24
      4261.00   8.0695236e-24
      4262.00   8.1048792e-24
      4263.00   8.1403736e-24
      4264.00   8.1760073e-24
      4265.00   8.2117807e-24
      4266.00   8.2476944e-24
      4267.00   8.2837487e-24
      4268.00   8.3199443e-24
      4269.00   8.3562816e-24
      4270.00   8.3927610e-24
      4271.00   8.4293831e-24
      4272.00   8.4661483e-24
      4273.00   8.5030572e-24
      4274.00   8.5401102e-24
      4275.00   8.5773078e-24
      4276.00   8.6146506e-24
      4277.00   8.6521389e-24
      4278.00   8.6897734e-24
      4279.00   8.7275545e-24
      4280.00   8.7654827e-24
      4281.00   8.8035586e-24
      4282.00   8.8417825e-24
      4283.00   8.8801551e-24
      4284.00   8.9186769e-24
      4285.00   8.9573482e-24
      4286.00   8.9961698e-24
      4287.00   9.0351420e-24
      4288.00   9.0742653e-24
      4289.00   9.1135404e-24
      4290.00   9.1529677e-24
      4291.00   9.1925477e-24
      4292.00   9.2322809e-24
      4293.00   9.2721680e-24
      4294.00   9.3122093e-24
      4295.00   9.3524054e-24
      4296.00   9.3927568e-24
      4297.00   9.4332641e-24
      4298.00   9.4739278e-24
      4299.00   9.5147485e-24
      4300.00   9.5557265e-24
      4301.00   9.5968626e-24
      4302.00   9.6381572e-24
      4303.00   9.6796108e-24
      4304.00   9.7212240e-24
      4305.00   9.7629974e-24
      4306.00   9.8049314e-24
      4307.00   9.8470266e-24
      4308.00   9.8892836e-24
      4309.00   9.9317029e-24
      4310.00   9.9742850e-24
      4311.00   1.0017030e-23
      4312.00   1.0059940e-23
      4313.00   1.0103014e-23
      4314.00   1.0146253e-23
      4315.00   1.0189657e-23
      4316.00   1.0233228e-23
      4317.00   1.0276966e-23
      4318.00   1.0320870e-23
      4319.00   1.0364943e-23
      4320.00   1.0409184e-23
      4321.00   1.0453594e-23
      4322.00   1.0498173e-23
      4323.00   1.0542923e-23
      4324.00   1.0587843e-23
      4325.00   1.0632934e-23
      4326.00   1.0678198e-23
      4327.00   1.0723633e-23
      4328.00   1.0769242e-23
      4329.00   1.0815024e-23
      4330.00   1.0860980e-23
      4331.00   1.0907111e-23
      4332.00   1.0953417e-23
      4333.00   1.0999899e-23
      4334.00   1.1046558e-23
      4335.00   1.1093393e-23
      4336.00   1.1140406e-23
      4337.00   1.1187597e-23
      4338.00   1.1234967e-23
      4339.00   1.1282517e-23
      4340.00   1.1330246e-23
      4341.00   1.1378156e-23
      4342.00   1.1426247e-23
      4343.00   1.1474520e-23
      4344.00   1.1522975e-23
      4345.00   1.1571614e-23
      4346.00   1.1620436e-23
      4347.00   1.1669442e-23
      4348.00   1.1718632e-23
      4349.00   1.1768009e-23
      4350.00   1.1817571e-23
      4351.00   1.1867320e-23
      4352.00   1.1917256e-23
      4353.00   1.1967380e-23
      4354.00   1.2017692e-23
      4355.00   1.2068194e-23
      4356.00   1.2118885e-23
      4357.00   1.2169767e-23
      4358.00   1.2220840e-23
      4359.00   1.2272104e-23
      4360.00   1.2323560e-23
      4361.00   1.2375210e-23
      4362.00   1.2427052e-23
      4363.00   1.2479089e-23
      4364.00   1.2531321e-23
      4365.00   1.2583748e-23
      4366.00   1.2636371e-23
      4367.00   1.2689191e-23
      4368.00   1.2742208e-23
      4369.00   1.2795424e-23
      4370.00   1.2848837e-23
      4371.00   1.2902450e-23
      4372.00   1.2956263e-23
      4373.00   1.3010277e-23
      4374.00   1.3064491e-23
      4375.00   1.3118908e-23
      4376.00   1.3173527e-23
      4377.00   1.3228350e-23
      4378.00   1.3283376e-23
      4379.00   1.3338606e-23
      4380.00   1.3394042e-23
      4381.00   1.3449684e-23
      4382.00   1.3505532e-23
      4383.00   1.3561588e-23
      4384.00   1.3617851e-23
      4385.00   1.3674323e-23
      4386.00   1.3731004e-23
      4387.00   1.3787895e-23
      4388.00   1.3844996e-23
      4389.00   1.3902309e-23
      4390.00   1.3959834e-23
      4391.00   1.4017571e-23
      4392.00   1.4075521e-23
      4393.00   1.4133686e-23
      4394.00   1.4192065e-23
      4395.00   1.4250660e-23
      4396.00   1.4309471e-23
      4397.00   1.4368498e-23
      4398.00   1.4427743e-23
      4399.00   1.4487206e-23
      4400.00   1.4546888e-23
      4401.00   1.4606790e-23
      4402.00   1.4666911e-23
      4403.00   1.4727254e-23
      4404.00   1.4787819e-23
      4405.00   1.4848605e-23
      4406.00   1.4909615e-23
      4407.00   1.4970849e-23
      4408.00   1.5032308e-23
      4409.00   1.5093991e-23
      4410.00   1.5155901e-23
      4411.00   1.5218037e-23
      4412.00   1.5280401e-23
      4413.00   1.5342993e-23
      4414.00   1.5405814e-23
      4415.00   1.5468864e-23
      4416.00   1.5532145e-23
      4417.00   1.5595657e-23
      4418.00   1.5659401e-23
      4419.00   1.5723377e-23
      4420.00   1.5787587e-23
      4421.00   1.5852031e-23
      4422.00   1.5916709e-23
      4423.00   1.5981623e-23
      4424.00   1.6046774e-23
      4425.00   1.6112161e-23
      4426.00   1.6177786e-23
      4427.00   1.6243650e-23
      4428.00   1.6309753e-23
      4429.00   1.6376096e-23
      4430.00   1.6442680e-23
      4431.00   1.6509506e-23
      4432.00   1.6576574e-23
      4433.00   1.6643885e-23
      4434.00   1.6711440e-23
      4435.00   1.6779239e-23
      4436.00   1.6847284e-23
      4437.00   1.6915576e-23
      4438.00   1.6984114e-23
      4439.00   1.7052900e-23
      4440.00   1.7121934e-23
      4441.00   1.7191218e-23
      4442.00   1.7260752e-23
      4443.00   1.7330537e-23
      4444.00   1.7400574e-23
      4445.00   1.7470863e-23
      4446.00   1.7541406e-23
      4447.00   1.7612202e-23
      4448.00   1.7683254e-23
      4449.00   1.7754561e-23
      4450.00   1.7826125e-23
      4451.00   1.7897945e-23
      4452.00   1.7970024e-23
      4453.00   1.8042362e-23
      4454.00   1.8114960e-23
      4455.00   1.8187818e-23
      4456.00   1.8260938e-23
      4457.00   1.8334319e-23
      4458.00   1.8407964e-23
      4459.00   1.8481873e-23
      4460.00   1.8556046e-23
      4461.00   1.8630484e-23
      4462.00   1.8705189e-23
      4463.00   1.8780161e-23
      4464.00   1.8855401e-23
      4465.00   1.8930910e-23
      4466.00   1.9006688e-23
      4467.00   1.9082737e-23
      4468.00   1.9159057e-23
      4469.00   1.9235649e-23
      4470.00   1.9312515e-23
      4471.00   1.9389654e-23
      4472.00   1.9467068e-23
      4473.00   1.9544757e-23
      4474.00   1.9622723e-23
      4475.00   1.9700966e-23
      4476.00   1.9779487e-23
      4477.00   1.9858287e-23
      4478.00   1.9937367e-23
      4479.00   2.0016727e-23
      4480.00   2.0096370e-23
      4481.00   2.0176294e-23
      4482.00   2.0256502e-23
      4483.00   2.0336995e-23
      4484.00   2.0417772e-23
      4485.00   2.0498835e-23
      4486.00   2.0580185e-23
      4487.00   2.0661823e-23
      4488.00   2.0743749e-23
      4489.00   2.0825965e-23
      4490.00   2.0908471e-23
      4491.00   2.0991269e-23
      4492.00   2.1074359e-23
      4493.00   2.1157741e-23
      4494.00   2.1241418e-23
      4495.00   2.1325390e-23
      4496.00   2.1409657e-23
      4497.00   2.1494221e-23
      4498.00   2.1579083e-23
      4499.00   2.1664243e-23
      4500.00   2.1749703e-23
      4501.00   2.1835463e-23
      4502.00   2.1921524e-23
      4503.00   2.2007887e-23
      4504.00   2.2094554e-23
      4505.00   2.2181525e-23
      4506.00   2.2268800e-23
      4507.00   2.2356382e-23
      4508.00   2.2444270e-23
      4509.00   2.2532466e-23
      4510.00   2.2620971e-23
      4511.00   2.2709785e-23
      4512.00   2.2798910e-23
      4513.00   2.2888346e-23
      4514.00   2.2978095e-23
      4515.00   2.3068158e-23
      4516.00   2.3158534e-23
      4517.00   2.3249227e-23
      4518.00   2.3340235e-23
      4519.00   2.3431561e-23
      4520.00   2.3523204e-23
      4521.00   2.3615168e-23
      4522.00   2.3707451e-23
      4523.00   2.3800055e-23
      4524.00   2.3892981e-23
      4525.00   2.3986231e-23
      4526.00   2.4079804e-23
      4527.00   2.4173703e-23
      4528.00   2.4267928e-23
      4529.00   2.4362479e-23
      4530.00   2.4457359e-23
      4531.00   2.4552567e-23
      4532.00   2.4648106e-23
      4533.00   2.4743975e-23
      4534.00   2.4840176e-23
      4535.00   2.4936711e-23
      4536.00   2.5033579e-23
      4537.00   2.5130782e-23
      4538.00   2.5228321e-23
      4539.00   2.5326197e-23
      4540.00   2.5424412e-23
      4541.00   2.5522965e-23
      4542.00   2.5621858e-23
      4543.00   2.5721092e-23
      4544.00   2.5820668e-23
      4545.00   2.5920588e-23
      4546.00   2.6020851e-23
      4547.00   2.6121460e-23
      4548.00   2.6222415e-23
      4549.00   2.6323717e-23
      4550.00   2.6425367e-23
      4551.00   2.6527367e-23
      4552.00   2.6629717e-23
      4553.00   2.6732418e-23
      4554.00   2.6835472e-23
      4555.00   2.6938879e-23
      4556.00   2.7042641e-23
      4557.00   2.7146758e-23
      4558.00   2.7251232e-23
      4559.00   2.7356064e-23
      4560.00   2.7461254e-23
      4561.00   2.7566805e-23
      4562.00   2.7672716e-23
      4563.00   2.7778989e-23
      4564.00   2.7885626e-23
      4565.00   2.7992626e-23
      4566.00   2.8099992e-23
      4567.00   2.8207724e-23
      4568.00   2.8315823e-23
      4569.00   2.8424291e-23
      4570.00   2.8533129e-23
      4571.00   2.8642337e-23
      4572.00   2.8751917e-23
      4573.00   2.8861870e-23
      4574.00   2.8972196e-23
      4575.00   2.9082898e-23
      4576.00   2.9193976e-23
      4577.00   2.9305432e-23
      4578.00   2.9417265e-23
      4579.00   2.9529479e-23
      4580.00   2.9642072e-23
      4581.00   2.9755048e-23
      4582.00   2.9868406e-23
      4583.00   2.9982149e-23
      4584.00   3.0096277e-23
      4585.00   3.0210791e-23
      4586.00   3.0325692e-23
      4587.00   3.0440982e-23
      4588.00   3.0556661e-23
      4589.00   3.0672732e-23
      4590.00   3.0789194e-23
      4591.00   3.0906050e-23
      4592.00   3.1023299e-23
      4593.00   3.1140945e-23
      4594.00   3.1258986e-23
      4595.00   3.1377426e-23
      4596.00   3.1496264e-23
      4597.00   3.1615503e-23
      4598.00   3.1735143e-23
      4599.00   3.1855185e-23
      4600.00   3.1975631e-23
      4601.00   3.2096481e-23
      4602.00   3.2217738e-23
      4603.00   3.2339402e-23
      4604.00   3.2461474e-23
      4605.00   3.2583955e-23
      4606.00   3.2706848e-23
      4607.00   3.2830152e-23
      4608.00   3.2953869e-23
      4609.00   3.3078000e-23
      4610.00   3.3202548e-23
      4611.00   3.3327511e-23
      4612.00   3.3452893e-23
      4613.00   3.3578694e-23
      4614.00   3.3704915e-23
      4615.00   3.3831558e-23
      4616.00   3.3958623e-23
      4617.00   3.4086113e-23
      4618.00   3.4214028e-23
      4619.00   3.4342369e-23
      4620.00   3.4471138e-23
      4621.00   3.4600336e-23
      4622.00   3.4729964e-23
      4623.00   3.4860023e-23
      4624.00   3.4990515e-23
      4625.00   3.5121442e-23
      4626.00   3.5252803e-23
      4627.00   3.5384600e-23
      4628.00   3.5516836e-23
      4629.00   3.5649510e-23
      4630.00   3.5782625e-23
      4631.00   3.5916181e-23
      4632.00   3.6050179e-23
      4633.00   3.6184622e-23
      4634.00   3.6319510e-23
      4635.00   3.6454845e-23
      4636.00   3.6590627e-23
      4637.00   3.6726858e-23
      4638.00   3.6863540e-23
      4639.00   3.7000674e-23
      4640.00   3.7138261e-23
      4641.00   3.7276302e-23
      4642.00   3.7414798e-23
      4643.00   3.7553752e-23
      4644.00   3.7693163e-23
      4645.00   3.7833035e-23
      4646.00   3.7973367e-23
      4647.00   3.8114161e-23
      4648.00   3.8255419e-23
      4649.00   3.8397141e-23
      4650.00   3.8539330e-23
      4651.00   3.8681986e-23
      4652.00   3.8825110e-23
      4653.00   3.8968705e-23
      4654.00   3.9112772e-23
      4655.00   3.9257311e-23
      4656.00   3.9402324e-23
      4657.00   3.9547813e-23
      4658.00   3.9693778e-23
      4659.00   3.9840222e-23
      4660.00   3.9987145e-23
      4661.00   4.0134550e-23
      4662.00   4.0282436e-23
      4663.00   4.0430806e-23
      4664.00   4.0579661e-23
      4665.00   4.0729003e-23
      4666.00   4.0878832e-23
      4667.00   4.1029150e-23
      4668.00   4.1179959e-23
      4669.00   4.1331260e-23
      4670.00   4.1483054e-23
      4671.00   4.1635343e-23
      4672.00   4.1788127e-23
      4673.00   4.1941410e-23
      4674.00   4.2095191e-23
      4675.00   4.2249472e-23
      4676.00   4.2404255e-23
      4677.00   4.2559541e-23
      4678.00   4.2715332e-23
      4679.00   4.2871629e-23
      4680.00   4.3028433e-23
      4681.00   4.3185746e-23
      4682.00   4.3343569e-23
      4683.00   4.3501903e-23
      4684.00   4.3660751e-23
      4685.00   4.3820113e-23
      4686.00   4.3979992e-23
      4687.00   4.4140387e-23
      4688.00   4.4301302e-23
      4689.00   4.4462737e-23
      4690.00   4.4624693e-23
      4691.00   4.4787173e-23
      4692.00   4.4950178e-23
      4693.00   4.5113708e-23
      4694.00   4.5277767e-23
      4695.00   4.5442354e-23
      4696.00   4.5607472e-23
      4697.00   4.5773122e-23
      4698.00   4.5939306e-23
      4699.00   4.6106024e-23
      4700.00   4.6273279e-23
      4701.00   4.6441072e-23
      4702.00   4.6609405e-23
      4703.00   4.6778279e-23
      4704.00   4.6947695e-23
      4705.00   4.7117655e-23
      4706.00   4.7288160e-23
      4707.00   4.7459213e-23
      4708.00   4.7630814e-23
      4709.00   4.7802966e-23
      4710.00   4.7975669e-23
      4711.00   4.8148925e-23
      4712.00   4.8322735e-23
      4713.00   4.8497102e-23
      4714.00   4.8672027e-23
      4715.00   4.8847511e-23
      4716.00   4.9023556e-23
      4717.00   4.9200163e-23
      4718.00   4.9377334e-23
      4719.00   4.9555071e-23
      4720.00   4.9733374e-23
      4721.00   4.9912246e-23
      4722.00   5.0091689e-23
      4723.00   5.0271703e-23
      4724.00   5.0452290e-23
      4725.00   5.0633453e-23
      4726.00   5.0815192e-23
      4727.00   5.0997508e-23
      4728.00   5.1180405e-23
      4729.00   5.1363883e-23
      4730.00   5.1547943e-23
      4731.00   5.1732589e-23
      4732.00   5.1917820e-23
      4733.00   5.2103639e-23
      4734.00   5.2290047e-23
      4735.00   5.2477046e-23
      4736.00   5.2664637e-23
      4737.00   5.2852823e-23
      4738.00   5.3041604e-23
      4739.00   5.3230983e-23
      4740.00   5.3420960e-23
      4741.00   5.3611539e-23
      4742.00   5.3802719e-23
      4743.00   5.3994504e-23
      4744.00   5.4186894e-23
      4745.00   5.4379891e-23
      4746.00   5.4573498e-23
      4747.00   5.4767715e-23
      4748.00   5.4962544e-23
      4749.00   5.5157986e-23
      4750.00   5.5354045e-23
      4751.00   5.5550720e-23
      4752.00   5.5748015e-23
      4753.00   5.5945930e-23
      4754.00   5.6144468e-23
      4755.00   5.6343629e-23
      4756.00   5.6543416e-23
      4757.00   5.6743830e-23
      4758.00   5.6944873e-23
      4759.00   5.7146548e-23
      4760.00   5.7348854e-23
      4761.00   5.7551795e-23
      4762.00   5.7755371e-23
      4763.00   5.7959586e-23
      4764.00   5.8164439e-23
      4765.00   5.8369934e-23
      4766.00   5.8576071e-23
      4767.00   5.8782853e-23
      4768.00   5.8990281e-23
      4769.00   5.9198357e-23
      4770.00   5.9407083e-23
      4771.00   5.9616461e-23
      4772.00   5.9826491e-23
      4773.00   6.0037177e-23
      4774.00   6.0248519e-23
      4775.00   6.0460520e-23
      4776.00   6.0673182e-23
      4777.00   6.0886505e-23
      4778.00   6.1100492e-23
      4779.00   6.1315145e-23
      4780.00   6.1530466e-23
      4781.00   6.1746455e-23
      4782.00   6.1963116e-23
      4783.00   6.2180449e-23
      4784.00   6.2398457e-23
      4785.00   6.2617141e-23
      4786.00   6.2836504e-23
      4787.00   6.3056547e-23
      4788.00   6.3277271e-23
      4789.00   6.3498680e-23
      4790.00   6.3720773e-23
      4791.00   6.3943555e-23
      4792.00   6.4167025e-23
      4793.00   6.4391186e-23
      4794.00   6.4616040e-23
      4795.00   6.4841589e-23
      4796.00   6.5067835e-23
      4797.00   6.5294779e-23
      4798.00   6.5522423e-23
      4799.00   6.5750769e-23
      4800.00   6.5979819e-23
      4801.00   6.6209575e-23
      4802.00   6.6440039e-23
      4803.00   6.6671213e-23
      4804.00   6.6903098e-23
      4805.00   6.7135696e-23
      4806.00   6.7369010e-23
      4807.00   6.7603041e-23
      4808.00   6.7837791e-23
      4809.00   6.8073262e-23
      4810.00   6.8309456e-23
      4811.00   6.8546374e-23
      4812.00   6.8784020e-23
      4813.00   6.9022394e-23
      4814.00   6.9261499e-23
      4815.00   6.9501336e-23
      4816.00   6.9741907e-23
      4817.00   6.9983215e-23
      4818.00   7.0225261e-23
      4819.00   7.0468048e-23
      4820.00   7.0711577e-23
      4821.00   7.0955850e-23
      4822.00   7.1200869e-23
      4823.00   7.1446636e-23
      4824.00   7.1693153e-23
      4825.00   7.1940422e-23
      4826.00   7.2188445e-23
      4827.00   7.2437224e-23
      4828.00   7.2686761e-23
      4829.00   7.2937059e-23
      4830.00   7.3188118e-23
      4831.00   7.3439941e-23
      4832.00   7.3692529e-23
      4833.00   7.3945886e-23
      4834.00   7.4200013e-23
      4835.00   7.4454912e-23
      4836.00   7.4710585e-23
      4837.00   7.4967034e-23
      4838.00   7.5224261e-23
      4839.00   7.5482268e-23
      4840.00   7.5741057e-23
      4841.00   7.6000630e-23
      4842.00   7.6260989e-23
      4843.00   7.6522137e-23
      4844.00   7.6784075e-23
      4845.00   7.7046806e-23
      4846.00   7.7310330e-23
      4847.00   7.7574652e-23
      4848.00   7.7839772e-23
      4849.00   7.8105692e-23
      4850.00   7.8372415e-23
      4851.00   7.8639943e-23
      4852.00   7.8908278e-23
      4853.00   7.9177422e-23
      4854.00   7.9447378e-23
      4855.00   7.9718146e-23
      4856.00   7.9989729e-23
      4857.00   8.0262130e-23
      4858.00   8.0535351e-23
      4859.00   8.0809393e-23
      4860.00   8.1084259e-23
      4861.00   8.1359951e-23
      4862.00   8.1636471e-23
      4863.00   8.1913821e-23
      4864.00   8.2192003e-23
      4865.00   8.2471020e-23
      4866.00   8.2750874e-23
      4867.00   8.3031566e-23
      4868.00   8.3313100e-23
      4869.00   8.3595476e-23
      4870.00   8.3878698e-23
      4871.00   8.4162767e-23
      4872.00   8.4447686e-23
      4873.00   8.4733456e-23
      4874.00   8.5020081e-23
      4875.00   8.5307562e-23
      4876.00   8.5595901e-23
      4877.00   8.5885101e-23
      4878.00   8.6175164e-23
      4879.00   8.6466092e-23
      4880.00   8.6757887e-23
      4881.00   8.7050551e-23
      4882.00   8.7344088e-23
      4883.00   8.7638498e-23
      4884.00   8.7933784e-23
      4885.00   8.8229949e-23
      4886.00   8.8526995e-23
      4887.00   8.8824923e-23
      4888.00   8.9123736e-23
      4889.00   8.9423437e-23
      4890.00   8.9724028e-23
      4891.00   9.0025511e-23
      4892.00   9.0327888e-23
      4893.00   9.0631161e-23
      4894.00   9.0935333e-23
      4895.00   9.1240407e-23
      4896.00   9.1546383e-23
      4897.00   9.1853266e-23
      4898.00   9.2161056e-23
      4899.00   9.2469757e-23
      4900.00   9.2779370e-23
      4901.00   9.3089898e-23
      4902.00   9.3401344e-23
      4903.00   9.3713709e-23
      4904.00   9.4026995e-23
      4905.00   9.4341207e-23
      4906.00   9.4656344e-23
      4907.00   9.4972411e-23
      4908.00   9.5289409e-23
      4909.00   9.5607341e-23
      4910.00   9.5926208e-23
      4911.00   9.6246014e-23
      4912.00   9.6566761e-23
      4913.00   9.6888451e-23
      4914.00   9.7211086e-23
      4915.00   9.7534670e-23
      4916.00   9.7859203e-23
      4917.00   9.8184689e-23
      4918.00   9.8511131e-23
      4919.00   9.8838529e-23
      4920.00   9.9166888e-23
      4921.00   9.9496209e-23
      4922.00   9.9826495e-23
      4923.00   1.0015775e-22
      4924.00   1.0048997e-22
      4925.00   1.0082316e-22
      4926.00   1.0115733e-22
      4927.00   1.0149248e-22
      4928.00   1.0182860e-22
      4929.00   1.0216571e-22
      4930.00   1.0250380e-22
      4931.00   1.0284288e-22
      4932.00   1.0318295e-22
      4933.00   1.0352401e-22
      4934.00   1.0386606e-22
      4935.00   1.0420911e-22
      4936.00   1.0455316e-22
      4937.00   1.0489821e-22
      4938.00   1.0524426e-22
      4939.00   1.0559133e-22
      4940.00   1.0593940e-22
      4941.00   1.0628848e-22
      4942.00   1.0663858e-22
      4943.00   1.0698969e-22
      4944.00   1.0734182e-22
      4945.00   1.0769498e-22
      4946.00   1.0804915e-22
      4947.00   1.0840436e-22
      4948.00   1.0876059e-22
      4949.00   1.0911786e-22
      4950.00   1.0947616e-22
      4951.00   1.0983550e-22
      4952.00   1.1019588e-22
      4953.00   1.1055730e-22
      4954.00   1.1091977e-22
      4955.00   1.1128328e-22
      4956.00   1.1164784e-22
      4957.00   1.1201346e-22
      4958.00   1.1238013e-22
      4959.00   1.1274786e-22
      4960.00   1.1311665e-22
      4961.00   1.1348650e-22
      4962.00   1.1385742e-22
      4963.00   1.1422941e-22
      4964.00   1.1460246e-22
      4965.00   1.1497660e-22
      4966.00   1.1535180e-22
      4967.00   1.1572809e-22
      4968.00   1.1610546e-22
      4969.00   1.1648391e-22
      4970.00   1.1686345e-22
      4971.00   1.1724408e-22
      4972.00   1.1762580e-22
      4973.00   1.1800862e-22
      4974.00   1.1839253e-22
      4975.00   1.1877755e-22
      4976.00   1.1916367e-22
      4977.00   1.1955089e-22
      4978.00   1.1993922e-22
      4979.00   1.2032867e-22
      4980.00   1.2071922e-22
      4981.00   1.2111090e-22
      4982.00   1.2150369e-22
      4983.00   1.2189761e-22
      4984.00   1.2229265e-22
      4985.00   1.2268882e-22
      4986.00   1.2308612e-22
      4987.00   1.2348455e-22
      4988.00   1.2388412e-22
      4989.00   1.2428482e-22
      4990.00   1.2468667e-22
      4991.00   1.2508966e-22
      4992.00   1.2549380e-22
      4993.00   1.2589909e-22
      4994.00   1.2630553e-22
      4995.00   1.2671313e-22
      4996.00   1.2712189e-22
      4997.00   1.2753181e-22
      4998.00   1.2794289e-22
      4999.00   1.2835513e-22
      5000.00   1.2876855e-22
      5001.00   1.2918314e-22
      5002.00   1.2959891e-22
      5003.00   1.3001585e-22
      5004.00   1.3043397e-22
      5005.00   1.3085328e-22
      5006.00   1.3127378e-22
      5007.00   1.3169546e-22
      5008.00   1.3211834e-22
      5009.00   1.3254241e-22
      5010.00   1.3296768e-22
      5011.00   1.3339415e-22
      5012.00   1.3382183e-22
      5013.00   1.3425071e-22
      5014.00   1.3468081e-22
      5015.00   1.3511211e-22
      5016.00   1.3554463e-22
      5017.00   1.3597837e-22
      5018.00   1.3641334e-22
      5019.00   1.3684952e-22
      5020.00   1.3728694e-22
      5021.00   1.3772558e-22
      5022.00   1.3816546e-22
      5023.00   1.3860657e-22
      5024.00   1.3904893e-22
      5025.00   1.3949252e-22
      5026.00   1.3993736e-22
      5027.00   1.4038345e-22
      5028.00   1.4083079e-22
      5029.00   1.4127939e-22
      5030.00   1.4172924e-22
      5031.00   1.4218035e-22
      5032.00   1.4263273e-22
      5033.00   1.4308637e-22
      5034.00   1.4354129e-22
      5035.00   1.4399747e-22
      5036.00   1.4445493e-22
      5037.00   1.4491367e-22
      5038.00   1.4537369e-22
      5039.00   1.4583499e-22
      5040.00   1.4629759e-22
      5041.00   1.4676147e-22
      5042.00   1.4722665e-22
      5043.00   1.4769312e-22
      5044.00   1.4816090e-22
      5045.00   1.4862997e-22
      5046.00   1.4910036e-22
      5047.00   1.4957205e-22
      5048.00   1.5004506e-22
      5049.00   1.5051938e-22
      5050.00   1.5099502e-22
      5051.00   1.5147198e-22
      5052.00   1.5195027e-22
      5053.00   1.5242988e-22
      5054.00   1.5291083e-22
      5055.00   1.5339311e-22
      5056.00   1.5387673e-22
      5057.00   1.5436169e-22
      5058.00   1.5484799e-22
      5059.00   1.5533564e-22
      5060.00   1.5582464e-22
      5061.00   1.5631499e-22
      5062.00   1.5680670e-22
      5063.00   1.5729978e-22
      5064.00   1.5779421e-22
      5065.00   1.5829001e-22
      5066.00   1.5878718e-22
      5067.00   1.5928572e-22
      5068.00   1.5978564e-22
      5069.00   1.6028694e-22
      5070.00   1.6078962e-22
      5071.00   1.6129369e-22
      5072.00   1.6179914e-22
      5073.00   1.6230599e-22
      5074.00   1.6281424e-22
      5075.00   1.6332388e-22
      5076.00   1.6383492e-22
      5077.00   1.6434737e-22
      5078.00   1.6486123e-22
      5079.00   1.6537651e-22
      5080.00   1.6589319e-22
      5081.00   1.6641130e-22
      5082.00   1.6693083e-22
      5083.00   1.6745178e-22
      5084.00   1.6797416e-22
      5085.00   1.6849797e-22
      5086.00   1.6902322e-22
      5087.00   1.6954991e-22
      5088.00   1.7007804e-22
      5089.00   1.7060762e-22
      5090.00   1.7113864e-22
      5091.00   1.7167112e-22
      5092.00   1.7220505e-22
      5093.00   1.7274044e-22
      5094.00   1.7327730e-22
      5095.00   1.7381562e-22
      5096.00   1.7435541e-22
      5097.00   1.7489667e-22
      5098.00   1.7543941e-22
      5099.00   1.7598362e-22
      5100.00   1.7652932e-22
      5101.00   1.7707651e-22
      5102.00   1.7762519e-22
      5103.00   1.7817536e-22
      5104.00   1.7872703e-22
      5105.00   1.7928019e-22
      5106.00   1.7983487e-22
      5107.00   1.8039105e-22
      5108.00   1.8094873e-22
      5109.00   1.8150794e-22
      5110.00   1.8206866e-22
      5111.00   1.8263090e-22
      5112.00   1.8319467e-22
      5113.00   1.8375997e-22
      5114.00   1.8432680e-22
      5115.00   1.8489516e-22
      5116.00   1.8546506e-22
      5117.00   1.8603651e-22
      5118.00   1.8660950e-22
      5119.00   1.8718404e-22
      5120.00   1.8776013e-22
      5121.00   1.8833778e-22
      5122.00   1.8891699e-22
      5123.00   1.8949777e-22
      5124.00   1.9008011e-22
      5125.00   1.9066403e-22
      5126.00   1.9124951e-22
      5127.00   1.9183658e-22
      5128.00   1.9242523e-22
      5129.00   1.9301547e-22
      5130.00   1.9360729e-22
      5131.00   1.9420071e-22
      5132.00   1.9479572e-22
      5133.00   1.9539234e-22
      5134.00   1.9599055e-22
      5135.00   1.9659038e-22
      5136.00   1.9719182e-22
      5137.00   1.9779487e-22
      5138.00   1.9839954e-22
      5139.00   1.9900583e-22
      5140.00   1.9961375e-22
      5141.00   2.0022330e-22
      5142.00   2.0083448e-22
      5143.00   2.0144730e-22
      5144.00   2.0206177e-22
      5145.00   2.0267787e-22
      5146.00   2.0329563e-22
      5147.00   2.0391503e-22
      5148.00   2.0453609e-22
      5149.00   2.0515882e-22
      5150.00   2.0578320e-22
      5151.00   2.0640926e-22
      5152.00   2.0703698e-22
      5153.00   2.0766638e-22
      5154.00   2.0829746e-22
      5155.00   2.0893022e-22
      5156.00   2.0956467e-22
      5157.00   2.1020080e-22
      5158.00   2.1083863e-22
      5159.00   2.1147816e-22
      5160.00   2.1211939e-22
      5161.00   2.1276233e-22
      5162.00   2.1340698e-22
      5163.00   2.1405334e-22
      5164.00   2.1470141e-22
      5165.00   2.1535121e-22
      5166.00   2.1600273e-22
      5167.00   2.1665599e-22
      5168.00   2.1731097e-22
      5169.00   2.1796769e-22
      5170.00   2.1862615e-22
      5171.00   2.1928636e-22
      5172.00   2.1994831e-22
      5173.00   2.2061202e-22
      5174.00   2.2127748e-22
      5175.00   2.2194471e-22
      5176.00   2.2261370e-22
      5177.00   2.2328445e-22
      5178.00   2.2395698e-22
      5179.00   2.2463129e-22
      5180.00   2.2530737e-22
      5181.00   2.2598524e-22
      5182.00   2.2666490e-22
      5183.00   2.2734635e-22
      5184.00   2.2802959e-22
      5185.00   2.2871464e-22
      5186.00   2.2940149e-22
      5187.00   2.3009015e-22
      5188.00   2.3078062e-22
      5189.00   2.3147291e-22
      5190.00   2.3216701e-22
      5191.00   2.3286295e-22
      5192.00   2.3356071e-22
      5193.00   2.3426030e-22
      5194.00   2.3496173e-22
      5195.00   2.3566501e-22
      5196.00   2.3637012e-22
      5197.00   2.3707709e-22
      5198.00   2.3778591e-22
      5199.00   2.3849658e-22
      5200.00   2.3920912e-22
      5201.00   2.3992353e-22
      5202.00   2.4063980e-22
      5203.00   2.4135795e-22
      5204.00   2.4207797e-22
      5205.00   2.4279988e-22
      5206.00   2.4352368e-22
      5207.00   2.4424936e-22
      5208.00   2.4497695e-22
      5209.00   2.4570643e-22
      5210.00   2.4643781e-22
      5211.00   2.4717110e-22
      5212.00   2.4790630e-22
      5213.00   2.4864342e-22
      5214.00   2.4938246e-22
      5215.00   2.5012342e-22
      5216.00   2.5086632e-22
      5217.00   2.5161114e-22
      5218.00   2.5235790e-22
      5219.00   2.5310661e-22
      5220.00   2.5385726e-22
      5221.00   2.5460986e-22
      5222.00   2.5536441e-22
      5223.00   2.5612093e-22
      5224.00   2.5687940e-22
      5225.00   2.5763985e-22
      5226.00   2.5840226e-22
      5227.00   2.5916666e-22
      5228.00   2.5993303e-22
      5229.00   2.6070139e-22
      5230.00   2.6147173e-22
      5231.00   2.6224407e-22
      5232.00   2.6301841e-22
      5233.00   2.6379475e-22
      5234.00   2.6457310e-22
      5235.00   2.6535346e-22
      5236.00   2.6613583e-22
      5237.00   2.6692023e-22
      5238.00   2.6770665e-22
      5239.00   2.6849509e-22
      5240.00   2.6928558e-22
      5241.00   2.7007809e-22
      5242.00   2.7087266e-22
      5243.00   2.7166926e-22
      5244.00   2.7246792e-22
      5245.00   2.7326864e-22
      5246.00   2.7407141e-22
      5247.00   2.7487625e-22
      5248.00   2.7568316e-22
      5249.00   2.7649214e-22
      5250.00   2.7730320e-22
      5251.00   2.7811634e-22
      5252.00   2.7893157e-22
      5253.00   2.7974889e-22
      5254.00   2.8056831e-22
      5255.00   2.8138983e-22
      5256.00   2.8221346e-22
      5257.00   2.8303919e-22
      5258.00   2.8386704e-22
      5259.00   2.8469701e-22
      5260.00   2.8552910e-22
      5261.00   2.8636332e-22
      5262.00   2.8719968e-22
      5263.00   2.8803817e-22
      5264.00   2.8887880e-22
      5265.00   2.8972158e-22
      5266.00   2.9056652e-22
      5267.00   2.9141360e-22
      5268.00   2.9226285e-22
      5269.00   2.9311427e-22
      5270.00   2.9396786e-22
      5271.00   2.9482362e-22
      5272.00   2.9568156e-22
      5273.00   2.9654168e-22
      5274.00   2.9740400e-22
      5275.00   2.9826850e-22
      5276.00   2.9913521e-22
      5277.00   3.0000412e-22
      5278.00   3.0087524e-22
      5279.00   3.0174857e-22
      5280.00   3.0262412e-22
      5281.00   3.0350189e-22
      5282.00   3.0438189e-22
      5283.00   3.0526412e-22
      5284.00   3.0614858e-22
      5285.00   3.0703529e-22
      5286.00   3.0792424e-22
      5287.00   3.0881545e-22
      5288.00   3.0970891e-22
      5289.00   3.1060463e-22
      5290.00   3.1150262e-22
      5291.00   3.1240288e-22
      5292.00   3.1330542e-22
      5293.00   3.1421023e-22
      5294.00   3.1511733e-22
      5295.00   3.1602672e-22
      5296.00   3.1693841e-22
      5297.00   3.1785239e-22
      5298.00   3.1876868e-22
      5299.00   3.1968728e-22
      5300.00   3.2060819e-22
      5301.00   3.2153143e-22
      5302.00   3.2245699e-22
      5303.00   3.2338487e-22
      5304.00   3.2431510e-22
      5305.00   3.2524766e-22
      5306.00   3.2618256e-22
      5307.00   3.2711982e-22
      5308.00   3.2805943e-22
      5309.00   3.2900140e-22
      5310.00   3.2994573e-22
      5311.00   3.3089244e-22
      5312.00   3.3184151e-22
      5313.00   3.3279297e-22
      5314.00   3.3374681e-22
      5315.00   3.3470305e-22
      5316.00   3.3566167e-22
      5317.00   3.3662270e-22
      5318.00   3.3758613e-22
      5319.00   3.3855197e-22
      5320.00   3.3952023e-22
      5321.00   3.4049090e-22
      5322.00   3.4146401e-22
      5323.00   3.4243954e-22
      5324.00   3.4341751e-22
      5325.00   3.4439792e-22
      5326.00   3.4538077e-22
      5327.00   3.4636608e-22
      5328.00   3.4735384e-22
      5329.00   3.4834406e-22
      5330.00   3.4933675e-22
      5331.00   3.5033191e-22
      5332.00   3.5132955e-22
      5333.00   3.5232967e-22
      5334.00   3.5333228e-22
      5335.00   3.5433738e-22
      5336.00   3.5534498e-22
      5337.00   3.5635509e-22
      5338.00   3.5736770e-22
      5339.00   3.5838282e-22
      5340.00   3.5940047e-22
      5341.00   3.6042064e-22
      5342.00   3.6144333e-22
      5343.00   3.6246857e-22
      5344.00   3.6349634e-22
      5345.00   3.6452666e-22
      5346.00   3.6555953e-22
      5347.00   3.6659495e-22
      5348.00   3.6763294e-22
      5349.00   3.6867349e-22
      5350.00   3.6971662e-22
      5351.00   3.7076233e-22
      5352.00   3.7181061e-22
      5353.00   3.7286149e-22
      5354.00   3.7391496e-22
      5355.00   3.7497103e-22
      5356.00   3.7602970e-22
      5357.00   3.7709098e-22
      5358.00   3.7815488e-22
      5359.00   3.7922140e-22
      5360.00   3.8029055e-22
      5361.00   3.8136233e-22
      5362.00   3.8243675e-22
      5363.00   3.8351381e-22
      5364.00   3.8459351e-22
      5365.00   3.8567588e-22
      5366.00   3.8676090e-22
      5367.00   3.8784858e-22
      5368.00   3.8893894e-22
      5369.00   3.9003197e-22
      5370.00   3.9112769e-22
      5371.00   3.9222609e-22
      5372.00   3.9332718e-22
      5373.00   3.9443097e-22
      5374.00   3.9553747e-22
      5375.00   3.9664668e-22
      5376.00   3.9775860e-22
      5377.00   3.9887324e-22
      5378.00   3.9999061e-22
      5379.00   4.0111071e-22
      5380.00   4.0223354e-22
      5381.00   4.0335912e-22
      5382.00   4.0448745e-22
      5383.00   4.0561854e-22
      5384.00   4.0675238e-22
      5385.00   4.0788899e-22
      5386.00   4.0902838e-22
      5387.00   4.1017053e-22
      5388.00   4.1131548e-22
      5389.00   4.1246321e-22
      5390.00   4.1361373e-22
      5391.00   4.1476706e-22
      5392.00   4.1592319e-22
      5393.00   4.1708214e-22
      5394.00   4.1824390e-22
      5395.00   4.1940848e-22
      5396.00   4.2057590e-22
      5397.00   4.2174615e-22
      5398.00   4.2291924e-22
      5399.00   4.2409517e-22
      5400.00   4.2527396e-22
      5401.00   4.2645561e-22
      5402.00   4.2764012e-22
      5403.00   4.2882750e-22
      5404.00   4.3001776e-22
      5405.00   4.3121090e-22
      5406.00   4.3240693e-22
      5407.00   4.3360585e-22
      5408.00   4.3480767e-22
      5409.00   4.3601239e-22
      5410.00   4.3722003e-22
      5411.00   4.3843058e-22
      5412.00   4.3964406e-22
      5413.00   4.4086046e-22
      5414.00   4.4207980e-22
      5415.00   4.4330209e-22
      5416.00   4.4452732e-22
      5417.00   4.4575550e-22
      5418.00   4.4698664e-22
      5419.00   4.4822075e-22
      5420.00   4.4945782e-22
      5421.00   4.5069788e-22
      5422.00   4.5194091e-22
      5423.00   4.5318694e-22
      5424.00   4.5443596e-22
      5425.00   4.5568799e-22
      5426.00   4.5694302e-22
      5427.00   4.5820106e-22
      5428.00   4.5946213e-22
      5429.00   4.6072622e-22
      5430.00   4.6199334e-22
      5431.00   4.6326350e-22
      5432.00   4.6453670e-22
      5433.00   4.6581296e-22
      5434.00   4.6709227e-22
      5435.00   4.6837464e-22
      5436.00   4.6966008e-22
      5437.00   4.7094860e-22
      5438.00   4.7224020e-22
      5439.00   4.7353488e-22
      5440.00   4.7483266e-22
      5441.00   4.7613354e-22
      5442.00   4.7743753e-22
      5443.00   4.7874462e-22
      5444.00   4.8005484e-22
      5445.00   4.8136818e-22
      5446.00   4.8268465e-22
      5447.00   4.8400426e-22
      5448.00   4.8532702e-22
      5449.00   4.8665292e-22
      5450.00   4.8798198e-22
      5451.00   4.8931421e-22
      5452.00   4.9064960e-22
      5453.00   4.9198816e-22
      5454.00   4.9332991e-22
      5455.00   4.9467485e-22
      5456.00   4.9602298e-22
      5457.00   4.9737432e-22
      5458.00   4.9872886e-22
      5459.00   5.0008661e-22
      5460.00   5.0144759e-22
      5461.00   5.0281179e-22
      5462.00   5.0417922e-22
      5463.00   5.0554989e-22
      5464.00   5.0692381e-22
      5465.00   5.0830098e-22
      5466.00   5.0968142e-22
      5467.00   5.1106511e-22
      5468.00   5.1245208e-22
      5469.00   5.1384233e-22
      5470.00   5.1523586e-22
      5471.00   5.1663268e-22
      5472.00   5.1803280e-22
      5473.00   5.1943623e-22
      5474.00   5.2084297e-22
      5475.00   5.2225302e-22
      5476.00   5.2366640e-22
      5477.00   5.2508311e-22
      5478.00   5.2650316e-22
      5479.00   5.2792655e-22
      5480.00   5.2935329e-22
      5481.00   5.3078339e-22
      5482.00   5.3221686e-22
      5483.00   5.3365369e-22
      5484.00   5.3509391e-22
      5485.00   5.3653750e-22
      5486.00   5.3798449e-22
      5487.00   5.3943488e-22
      5488.00   5.4088867e-22
      5489.00   5.4234587e-22
      5490.00   5.4380648e-22
      5491.00   5.4527053e-22
      5492.00   5.4673800e-22
      5493.00   5.4820891e-22
      5494.00   5.4968327e-22
      5495.00   5.5116108e-22
      5496.00   5.5264234e-22
      5497.00   5.5412707e-22
      5498.00   5.5561528e-22
      5499.00   5.5710696e-22
      5500.00   5.5860213e-22
      5501.00   5.6010079e-22
      5502.00   5.6160295e-22
      5503.00   5.6310861e-22
      5504.00   5.6461779e-22
      5505.00   5.6613049e-22
      5506.00   5.6764672e-22
      5507.00   5.6916647e-22
      5508.00   5.7068977e-22
      5509.00   5.7221662e-22
      5510.00   5.7374703e-22
      5511.00   5.7528099e-22
      5512.00   5.7681852e-22
      5513.00   5.7835963e-22
      5514.00   5.7990432e-22
      5515.00   5.8145260e-22
      5516.00   5.8300448e-22
      5517.00   5.8455996e-22
      5518.00   5.8611905e-22
      5519.00   5.8768176e-22
      5520.00   5.8924809e-22
      5521.00   5.9081806e-22
      5522.00   5.9239166e-22
      5523.00   5.9396891e-22
      5524.00   5.9554981e-22
      5525.00   5.9713438e-22
      5526.00   5.9872261e-22
      5527.00   6.0031451e-22
      5528.00   6.0191010e-22
      5529.00   6.0350937e-22
      5530.00   6.0511234e-22
      5531.00   6.0671902e-22
      5532.00   6.0832940e-22
      5533.00   6.0994350e-22
      5534.00   6.1156133e-22
      5535.00   6.1318289e-22
      5536.00   6.1480819e-22
      5537.00   6.1643723e-22
      5538.00   6.1807003e-22
      5539.00   6.1970658e-22
      5540.00   6.2134691e-22
      5541.00   6.2299101e-22
      5542.00   6.2463890e-22
      5543.00   6.2629057e-22
      5544.00   6.2794604e-22
      5545.00   6.2960532e-22
      5546.00   6.3126841e-22
      5547.00   6.3293532e-22
      5548.00   6.3460605e-22
      5549.00   6.3628062e-22
      5550.00   6.3795903e-22
      5551.00   6.3964129e-22
      5552.00   6.4132740e-22
      5553.00   6.4301738e-22
      5554.00   6.4471123e-22
      5555.00   6.4640896e-22
      5556.00   6.4811058e-22
      5557.00   6.4981609e-22
      5558.00   6.5152550e-22
      5559.00   6.5323881e-22
      5560.00   6.5495605e-22
      5561.00   6.5667721e-22
      5562.00   6.5840230e-22
      5563.00   6.6013132e-22
      5564.00   6.6186430e-22
      5565.00   6.6360122e-22
      5566.00   6.6534211e-22
      5567.00   6.6708697e-22
      5568.00   6.6883580e-22
      5569.00   6.7058862e-22
      5570.00   6.7234543e-22
      5571.00   6.7410624e-22
      5572.00   6.7587106e-22
      5573.00   6.7763989e-22
      5574.00   6.7941274e-22
      5575.00   6.8118962e-22
      5576.00   6.8297054e-22
      5577.00   6.8475551e-22
      5578.00   6.8654453e-22
      5579.00   6.8833761e-22
      5580.00   6.9013475e-22
      5581.00   6.9193598e-22
      5582.00   6.9374129e-22
      5583.00   6.9555069e-22
      5584.00   6.9736419e-22
      5585.00   6.9918179e-22
      5586.00   7.0100351e-22
      5587.00   7.0282936e-22
      5588.00   7.0465933e-22
      5589.00   7.0649345e-22
      5590.00   7.0833171e-22
      5591.00   7.1017412e-22
      5592.00   7.1202070e-22
      5593.00   7.1387145e-22
      5594.00   7.1572637e-22
      5595.00   7.1758548e-22
      5596.00   7.1944879e-22
      5597.00   7.2131629e-22
      5598.00   7.2318801e-22
      5599.00   7.2506394e-22
      5600.00   7.2694410e-22
      5601.00   7.2882849e-22
      5602.00   7.3071713e-22
      5603.00   7.3261001e-22
      5604.00   7.3450715e-22
      5605.00   7.3640856e-22
      5606.00   7.3831424e-22
      5607.00   7.4022420e-22
      5608.00   7.4213845e-22
      5609.00   7.4405700e-22
      5610.00   7.4597986e-22
      5611.00   7.4790703e-22
      5612.00   7.4983852e-22
      5613.00   7.5177434e-22
      5614.00   7.5371450e-22
      5615.00   7.5565900e-22
      5616.00   7.5760787e-22
      5617.00   7.5956109e-22
      5618.00   7.6151868e-22
      5619.00   7.6348066e-22
      5620.00   7.6544702e-22
      5621.00   7.6741778e-22
      5622.00   7.6939294e-22
      5623.00   7.7137251e-22
      5624.00   7.7335650e-22
      5625.00   7.7534492e-22
      5626.00   7.7733778e-22
      5627.00   7.7933509e-22
      5628.00   7.8133684e-22
      5629.00   7.8334306e-22
      5630.00   7.8535375e-22
      5631.00   7.8736892e-22
      5632.00   7.8938858e-22
      5633.00   7.9141272e-22
      5634.00   7.9344138e-22
      5635.00   7.9547454e-22
      5636.00   7.9751223e-22
      5637.00   7.9955444e-22
      5638.00   8.0160119e-22
      5639.00   8.0365249e-22
      5640.00   8.0570834e-22
      5641.00   8.0776876e-22
      5642.00   8.0983374e-22
      5643.00   8.1190330e-22
      5644.00   8.1397746e-22
      5645.00   8.1605621e-22
      5646.00   8.1813956e-22
      5647.00   8.2022753e-22
      5648.00   8.2232012e-22
      5649.00   8.2441734e-22
      5650.00   8.2651919e-22
      5651.00   8.2862570e-22
      5652.00   8.3073686e-22
      5653.00   8.3285269e-22
      5654.00   8.3497320e-22
      5655.00   8.3709838e-22
      5656.00   8.3922826e-22
      5657.00   8.4136283e-22
      5658.00   8.4350211e-22
      5659.00   8.4564611e-22
      5660.00   8.4779484e-22
      5661.00   8.4994830e-22
      5662.00   8.5210650e-22
      5663.00   8.5426946e-22
      5664.00   8.5643717e-22
      5665.00   8.5860966e-22
      5666.00   8.6078692e-22
      5667.00   8.6296897e-22
      5668.00   8.6515582e-22
      5669.00   8.6734747e-22
      5670.00   8.6954393e-22
      5671.00   8.7174522e-22
      5672.00   8.7395134e-22
      5673.00   8.7616229e-22
      5674.00   8.7837810e-22
      5675.00   8.8059876e-22
      5676.00   8.8282429e-22
      5677.00   8.8505470e-22
      5678.00   8.8728999e-22
      5679.00   8.8953017e-22
      5680.00   8.9177526e-22
      5681.00   8.9402526e-22
      5682.00   8.9628017e-22
      5683.00   8.9854002e-22
      5684.00   9.0080480e-22
      5685.00   9.0307454e-22
      5686.00   9.0534923e-22
      5687.00   9.0762888e-22
      5688.00   9.0991351e-22
      5689.00   9.1220312e-22
      5690.00   9.1449772e-22
      5691.00   9.1679733e-22
      5692.00   9.1910195e-22
      5693.00   9.2141158e-22
      5694.00   9.2372625e-22
      5695.00   9.2604595e-22
      5696.00   9.2837070e-22
      5697.00   9.3070051e-22
      5698.00   9.3303538e-22
      5699.00   9.3537533e-22
      5700.00   9.3772036e-22
      5701.00   9.4007049e-22
      5702.00   9.4242572e-22
      5703.00   9.4478606e-22
      5704.00   9.4715152e-22
      5705.00   9.4952211e-22
      5706.00   9.5189784e-22
      5707.00   9.5427872e-22
      5708.00   9.5666476e-22
      5709.00   9.5905597e-22
      5710.00   9.6145235e-22
      5711.00   9.6385392e-22
      5712.00   9.6626068e-22
      5713.00   9.6867265e-22
      5714.00   9.7108984e-22
      5715.00   9.7351224e-22
      5716.00   9.7593989e-22
      5717.00   9.7837277e-22
      5718.00   9.8081091e-22
      5719.00   9.8325431e-22
      5720.00   9.8570297e-22
      5721.00   9.8815692e-22
      5722.00   9.9061616e-22
      5723.00   9.9308070e-22
      5724.00   9.9555055e-22
      5725.00   9.9802572e-22
      5726.00   1.0005062e-21
      5727.00   1.0029921e-21
      5728.00   1.0054832e-21
      5729.00   1.0079798e-21
      5730.00   1.0104817e-21
      5731.00   1.0129890e-21
      5732.00   1.0155016e-21
      5733.00   1.0180197e-21
      5734.00   1.0205432e-21
      5735.00   1.0230720e-21
      5736.00   1.0256063e-21
      5737.00   1.0281461e-21
      5738.00   1.0306913e-21
      5739.00   1.0332419e-21
      5740.00   1.0357980e-21
      5741.00   1.0383596e-21
      5742.00   1.0409266e-21
      5743.00   1.0434992e-21
      5744.00   1.0460773e-21
      5745.00   1.0486608e-21
      5746.00   1.0512499e-21
      5747.00   1.0538445e-21
      5748.00   1.0564447e-21
      5749.00   1.0590504e-21
      5750.00   1.0616617e-21
      5751.00   1.0642785e-21
      5752.00   1.0669010e-21
      5753.00   1.0695290e-21
      5754.00   1.0721626e-21
      5755.00   1.0748018e-21
      5756.00   1.0774467e-21
      5757.00   1.0800972e-21
      5758.00   1.0827533e-21
      5759.00   1.0854151e-21
      5760.00   1.0880825e-21
      5761.00   1.0907556e-21
      5762.00   1.0934344e-21
      5763.00   1.0961189e-21
      5764.00   1.0988091e-21
      5765.00   1.1015050e-21
      5766.00   1.1042066e-21
      5767.00   1.1069140e-21
      5768.00   1.1096271e-21
      5769.00   1.1123459e-21
      5770.00   1.1150705e-21
      5771.00   1.1178009e-21
      5772.00   1.1205371e-21
      5773.00   1.1232790e-21
      5774.00   1.1260268e-21
      5775.00   1.1287803e-21
      5776.00   1.1315397e-21
      5777.00   1.1343050e-21
      5778.00   1.1370760e-21
      5779.00   1.1398530e-21
      5780.00   1.1426358e-21
      5781.00   1.1454244e-21
      5782.00   1.1482190e-21
      5783.00   1.1510194e-21
      5784.00   1.1538258e-21
      5785.00   1.1566380e-21
      5786.00   1.1594562e-21
      5787.00   1.1622804e-21
      5788.00   1.1651104e-21
      5789.00   1.1679465e-21
      5790.00   1.1707885e-21
      5791.00   1.1736365e-21
      5792.00   1.1764905e-21
      5793.00   1.1793504e-21
      5794.00   1.1822164e-21
      5795.00   1.1850884e-21
      5796.00   1.1879665e-21
      5797.00   1.1908505e-21
      5798.00   1.1937407e-21
      5799.00   1.1966369e-21
      5800.00   1.1995391e-21
      5801.00   1.2024475e-21
      5802.00   1.2053619e-21
      5803.00   1.2082825e-21
      5804.00   1.2112092e-21
      5805.00   1.2141420e-21
      5806.00   1.2170809e-21
      5807.00   1.2200260e-21
      5808.00   1.2229772e-21
      5809.00   1.2259346e-21
      5810.00   1.2288982e-21
      5811.00   1.2318680e-21
      5812.00   1.2348440e-21
      5813.00   1.2378262e-21
      5814.00   1.2408146e-21
      5815.00   1.2438092e-21
      5816.00   1.2468101e-21
      5817.00   1.2498173e-21
      5818.00   1.2528307e-21
      5819.00   1.2558504e-21
      5820.00   1.2588764e-21
      5821.00   1.2619087e-21
      5822.00   1.2649473e-21
      5823.00   1.2679922e-21
      5824.00   1.2710434e-21
      5825.00   1.2741010e-21
      5826.00   1.2771650e-21
      5827.00   1.2802353e-21
      5828.00   1.2833120e-21
      5829.00   1.2863951e-21
      5830.00   1.2894845e-21
      5831.00   1.2925804e-21
      5832.00   1.2956827e-21
      5833.00   1.2987914e-21
      5834.00   1.3019066e-21
      5835.00   1.3050282e-21
      5836.00   1.3081563e-21
      5837.00   1.3112909e-21
      5838.00   1.3144319e-21
      5839.00   1.3175795e-21
      5840.00   1.3207335e-21
      5841.00   1.3238941e-21
      5842.00   1.3270612e-21
      5843.00   1.3302349e-21
      5844.00   1.3334151e-21
      5845.00   1.3366019e-21
      5846.00   1.3397952e-21
      5847.00   1.3429952e-21
      5848.00   1.3462017e-21
      5849.00   1.3494148e-21
      5850.00   1.3526346e-21
      5851.00   1.3558610e-21
      5852.00   1.3590940e-21
      5853.00   1.3623337e-21
      5854.00   1.3655801e-21
      5855.00   1.3688331e-21
      5856.00   1.3720929e-21
      5857.00   1.3753593e-21
      5858.00   1.3786325e-21
      5859.00   1.3819123e-21
      5860.00   1.3851989e-21
      5861.00   1.3884923e-21
      5862.00   1.3917924e-21
      5863.00   1.3950993e-21
      5864.00   1.3984129e-21
      5865.00   1.4017334e-21
      5866.00   1.4050607e-21
      5867.00   1.4083947e-21
      5868.00   1.4117356e-21
      5869.00   1.4150834e-21
      5870.00   1.4184380e-21
      5871.00   1.4217994e-21
      5872.00   1.4251678e-21
      5873.00   1.4285430e-21
      5874.00   1.4319251e-21
      5875.00   1.4353141e-21
      5876.00   1.4387101e-21
      5877.00   1.4421130e-21
      5878.00   1.4455228e-21
      5879.00   1.4489396e-21
      5880.00   1.4523633e-21
      5881.00   1.4557940e-21
      5882.00   1.4592317e-21
      5883.00   1.4626765e-21
      5884.00   1.4661282e-21
      5885.00   1.4695870e-21
      5886.00   1.4730528e-21
      5887.00   1.4765256e-21
      5888.00   1.4800055e-21
      5889.00   1.4834925e-21
      5890.00   1.4869866e-21
      5891.00   1.4904878e-21
      5892.00   1.4939961e-21
      5893.00   1.4975115e-21
      5894.00   1.5010340e-21
      5895.00   1.5045637e-21
      5896.00   1.5081006e-21
      5897.00   1.5116446e-21
      5898.00   1.5151958e-21
      5899.00   1.5187542e-21
      5900.00   1.5223198e-21
      5901.00   1.5258926e-21
      5902.00   1.5294727e-21
      5903.00   1.5330600e-21
      5904.00   1.5366545e-21
      5905.00   1.5402564e-21
      5906.00   1.5438655e-21
      5907.00   1.5474819e-21
      5908.00   1.5511055e-21
      5909.00   1.5547366e-21
      5910.00   1.5583749e-21
      5911.00   1.5620206e-21
      5912.00   1.5656736e-21
      5913.00   1.5693340e-21
      5914.00   1.5730018e-21
      5915.00   1.5766770e-21
      5916.00   1.5803595e-21
      5917.00   1.5840495e-21
      5918.00   1.5877469e-21
      5919.00   1.5914518e-21
      5920.00   1.5951641e-21
      5921.00   1.5988839e-21
      5922.00   1.6026111e-21
      5923.00   1.6063458e-21
      5924.00   1.6100881e-21
      5925.00   1.6138378e-21
      5926.00   1.6175951e-21
      5927.00   1.6213599e-21
      5928.00   1.6251323e-21
      5929.00   1.6289122e-21
      5930.00   1.6326997e-21
      5931.00   1.6364948e-21
      5932.00   1.6402975e-21
      5933.00   1.6441078e-21
      5934.00   1.6479258e-21
      5935.00   1.6517513e-21
      5936.00   1.6555846e-21
      5937.00   1.6594255e-21
      5938.00   1.6632741e-21
      5939.00   1.6671303e-21
      5940.00   1.6709943e-21
      5941.00   1.6748660e-21
      5942.00   1.6787454e-21
      5943.00   1.6826325e-21
      5944.00   1.6865275e-21
      5945.00   1.6904301e-21
      5946.00   1.6943406e-21
      5947.00   1.6982588e-21
      5948.00   1.7021849e-21
      5949.00   1.7061188e-21
      5950.00   1.7100605e-21
      5951.00   1.7140100e-21
      5952.00   1.7179674e-21
      5953.00   1.7219327e-21
      5954.00   1.7259059e-21
      5955.00   1.7298869e-21
      5956.00   1.7338759e-21
      5957.00   1.7378728e-21
      5958.00   1.7418776e-21
      5959.00   1.7458904e-21
      5960.00   1.7499111e-21
      5961.00   1.7539398e-21
      5962.00   1.7579765e-21
      5963.00   1.7620212e-21
      5964.00   1.7660739e-21
      5965.00   1.7701346e-21
      5966.00   1.7742034e-21
      5967.00   1.7782802e-21
      5968.00   1.7823651e-21
      5969.00   1.7864581e-21
      5970.00   1.7905592e-21
      5971.00   1.7946683e-21
      5972.00   1.7987856e-21
      5973.00   1.8029111e-21
      5974.00   1.8070446e-21
      5975.00   1.8111863e-21
      5976.00   1.8153362e-21
      5977.00   1.8194943e-21
      5978.00   1.8236606e-21
      5979.00   1.8278351e-21
      5980.00   1.8320178e-21
      5981.00   1.8362088e-21
      5982.00   1.8404080e-21
      5983.00   1.8446155e-21
      5984.00   1.8488312e-21
      5985.00   1.8530553e-21
      5986.00   1.8572876e-21
      5987.00   1.8615283e-21
      5988.00   1.8657773e-21
      5989.00   1.8700347e-21
      5990.00   1.8743004e-21
      5991.00   1.8785745e-21
      5992.00   1.8828570e-21
      5993.00   1.8871478e-21
      5994.00   1.8914471e-21
      5995.00   1.8957549e-21
      5996.00   1.9000710e-21
      5997.00   1.9043957e-21
      5998.00   1.9087287e-21
      5999.00   1.9130703e-21
      6000.00   1.9174204e-21
      6001.00   1.9217790e-21
      6002.00   1.9261461e-21
      6003.00   1.9305217e-21
      6004.00   1.9349059e-21
      6005.00   1.9392987e-21
      6006.00   1.9437000e-21
      6007.00   1.9481099e-21
      6008.00   1.9525285e-21
      6009.00   1.9569556e-21
      6010.00   1.9613914e-21
      6011.00   1.9658359e-21
      6012.00   1.9702890e-21
      6013.00   1.9747508e-21
      6014.00   1.9792212e-21
      6015.00   1.9837004e-21
      6016.00   1.9881883e-21
      6017.00   1.9926850e-21
      6018.00   1.9971903e-21
      6019.00   2.0017045e-21
      6020.00   2.0062274e-21
      6021.00   2.0107591e-21
      6022.00   2.0152996e-21
      6023.00   2.0198489e-21
      6024.00   2.0244071e-21
      6025.00   2.0289741e-21
      6026.00   2.0335499e-21
      6027.00   2.0381347e-21
      6028.00   2.0427283e-21
      6029.00   2.0473308e-21
      6030.00   2.0519422e-21
      6031.00   2.0565626e-21
      6032.00   2.0611919e-21
      6033.00   2.0658302e-21
      6034.00   2.0704774e-21
      6035.00   2.0751337e-21
      6036.00   2.0797989e-21
      6037.00   2.0844732e-21
      6038.00   2.0891564e-21
      6039.00   2.0938488e-21
      6040.00   2.0985502e-21
      6041.00   2.1032606e-21
      6042.00   2.1079802e-21
      6043.00   2.1127088e-21
      6044.00   2.1174466e-21
      6045.00   2.1221935e-21
      6046.00   2.1269496e-21
      6047.00   2.1317148e-21
      6048.00   2.1364892e-21
      6049.00   2.1412727e-21
      6050.00   2.1460655e-21
      6051.00   2.1508675e-21
      6052.00   2.1556788e-21
      6053.00   2.1604992e-21
      6054.00   2.1653290e-21
      6055.00   2.1701680e-21
      6056.00   2.1750163e-21
      6057.00   2.1798740e-21
      6058.00   2.1847409e-21
      6059.00   2.1896172e-21
      6060.00   2.1945028e-21
      6061.00   2.1993978e-21
      6062.00   2.2043022e-21
      6063.00   2.2092160e-21
      6064.00   2.2141392e-21
      6065.00   2.2190718e-21
      6066.00   2.2240139e-21
      6067.00   2.2289654e-21
      6068.00   2.2339264e-21
      6069.00   2.2388968e-21
      6070.00   2.2438768e-21
      6071.00   2.2488663e-21
      6072.00   2.2538653e-21
      6073.00   2.2588739e-21
      6074.00   2.2638920e-21
      6075.00   2.2689197e-21
      6076.00   2.2739569e-21
      6077.00   2.2790038e-21
      6078.00   2.2840603e-21
      6079.00   2.2891265e-21
      6080.00   2.2942023e-21
      6081.00   2.2992878e-21
      6082.00   2.3043829e-21
      6083.00   2.3094877e-21
      6084.00   2.3146023e-21
      6085.00   2.3197266e-21
      6086.00   2.3248606e-21
      6087.00   2.3300044e-21
      6088.00   2.3351579e-21
      6089.00   2.3403212e-21
      6090.00   2.3454944e-21
      6091.00   2.3506773e-21
      6092.00   2.3558701e-21
      6093.00   2.3610728e-21
      6094.00   2.3662853e-21
      6095.00   2.3715077e-21
      6096.00   2.3767399e-21
      6097.00   2.3819821e-21
      6098.00   2.3872342e-21
      6099.00   2.3924963e-21
      6100.00   2.3977683e-21
      6101.00   2.4030503e-21
      6102.00   2.4083423e-21
      6103.00   2.4136442e-21
      6104.00   2.4189562e-21
      6105.00   2.4242783e-21
      6106.00   2.4296104e-21
      6107.00   2.4349525e-21
      6108.00   2.4403047e-21
      6109.00   2.4456671e-21
      6110.00   2.4510395e-21
      6111.00   2.4564221e-21
      6112.00   2.4618148e-21
      6113.00   2.4672176e-21
      6114.00   2.4726307e-21
      6115.00   2.4780539e-21
      6116.00   2.4834874e-21
      6117.00   2.4889311e-21
      6118.00   2.4943850e-21
      6119.00   2.4998491e-21
      6120.00   2.5053236e-21
      6121.00   2.5108083e-21
      6122.00   2.5163033e-21
      6123.00   2.5218086e-21
      6124.00   2.5273243e-21
      6125.00   2.5328503e-21
      6126.00   2.5383867e-21
      6127.00   2.5439335e-21
      6128.00   2.5494907e-21
      6129.00   2.5550583e-21
      6130.00   2.5606363e-21
      6131.00   2.5662247e-21
      6132.00   2.5718237e-21
      6133.00   2.5774331e-21
      6134.00   2.5830530e-21
      6135.00   2.5886834e-21
      6136.00   2.5943243e-21
      6137.00   2.5999758e-21
      6138.00   2.6056378e-21
      6139.00   2.6113104e-21
      6140.00   2.6169936e-21
      6141.00   2.6226874e-21
      6142.00   2.6283919e-21
      6143.00   2.6341069e-21
      6144.00   2.6398327e-21
      6145.00   2.6455691e-21
      6146.00   2.6513162e-21
      6147.00   2.6570740e-21
      6148.00   2.6628425e-21
      6149.00   2.6686218e-21
      6150.00   2.6744118e-21
      6151.00   2.6802126e-21
      6152.00   2.6860241e-21
      6153.00   2.6918465e-21
      6154.00   2.6976797e-21
      6155.00   2.7035238e-21
      6156.00   2.7093787e-21
      6157.00   2.7152444e-21
      6158.00   2.7211211e-21
      6159.00   2.7270086e-21
      6160.00   2.7329071e-21
      6161.00   2.7388165e-21
      6162.00   2.7447369e-21
      6163.00   2.7506682e-21
      6164.00   2.7566105e-21
      6165.00   2.7625639e-21
      6166.00   2.7685282e-21
      6167.00   2.7745036e-21
      6168.00   2.7804900e-21
      6169.00   2.7864875e-21
      6170.00   2.7924961e-21
      6171.00   2.7985158e-21
      6172.00   2.8045467e-21
      6173.00   2.8105886e-21
      6174.00   2.8166417e-21
      6175.00   2.8227060e-21
      6176.00   2.8287815e-21
      6177.00   2.8348682e-21
      6178.00   2.8409661e-21
      6179.00   2.8470752e-21
      6180.00   2.8531956e-21
      6181.00   2.8593273e-21
      6182.00   2.8654703e-21
      6183.00   2.8716245e-21
      6184.00   2.8777901e-21
      6185.00   2.8839671e-21
      6186.00   2.8901554e-21
      6187.00   2.8963550e-21
      6188.00   2.9025661e-21
      6189.00   2.9087886e-21
      6190.00   2.9150225e-21
      6191.00   2.9212678e-21
      6192.00   2.9275246e-21
      6193.00   2.9337929e-21
      6194.00   2.9400727e-21
      6195.00   2.9463640e-21
      6196.00   2.9526669e-21
      6197.00   2.9589812e-21
      6198.00   2.9653072e-21
      6199.00   2.9716447e-21
      6200.00   2.9779938e-21
      6201.00   2.9843546e-21
      6202.00   2.9907270e-21
      6203.00   2.9971110e-21
      6204.00   3.0035067e-21
      6205.00   3.0099141e-21
      6206.00   3.0163332e-21
      6207.00   3.0227641e-21
      6208.00   3.0292066e-21
      6209.00   3.0356609e-21
      6210.00   3.0421270e-21
      6211.00   3.0486049e-21
      6212.00   3.0550946e-21
      6213.00   3.0615962e-21
      6214.00   3.0681096e-21
      6215.00   3.0746348e-21
      6216.00   3.0811719e-21
      6217.00   3.0877209e-21
      6218.00   3.0942819e-21
      6219.00   3.1008548e-21
      6220.00   3.1074396e-21
      6221.00   3.1140364e-21
      6222.00   3.1206452e-21
      6223.00   3.1272660e-21
      6224.00   3.1338988e-21
      6225.00   3.1405436e-21
      6226.00   3.1472006e-21
      6227.00   3.1538696e-21
      6228.00   3.1605507e-21
      6229.00   3.1672439e-21
      6230.00   3.1739492e-21
      6231.00   3.1806667e-21
      6232.00   3.1873964e-21
      6233.00   3.1941382e-21
      6234.00   3.2008922e-21
      6235.00   3.2076585e-21
      6236.00   3.2144370e-21
      6237.00   3.2212278e-21
      6238.00   3.2280308e-21
      6239.00   3.2348462e-21
      6240.00   3.2416738e-21
      6241.00   3.2485138e-21
      6242.00   3.2553661e-21
      6243.00   3.2622308e-21
      6244.00   3.2691079e-21
      6245.00   3.2759974e-21
      6246.00   3.2828993e-21
      6247.00   3.2898136e-21
      6248.00   3.2967405e-21
      6249.00   3.3036797e-21
      6250.00   3.3106315e-21
      6251.00   3.3175958e-21
      6252.00   3.3245726e-21
      6253.00   3.3315620e-21
      6254.00   3.3385640e-21
      6255.00   3.3455785e-21
      6256.00   3.3526057e-21
      6257.00   3.3596454e-21
      6258.00   3.3666978e-21
      6259.00   3.3737629e-21
      6260.00   3.3808407e-21
      6261.00   3.3879311e-21
      6262.00   3.3950343e-21
      6263.00   3.4021502e-21
      6264.00   3.4092789e-21
      6265.00   3.4164203e-21
      6266.00   3.4235745e-21
      6267.00   3.4307416e-21
      6268.00   3.4379215e-21
      6269.00   3.4451142e-21
      6270.00   3.4523198e-21
      6271.00   3.4595382e-21
      6272.00   3.4667696e-21
      6273.00   3.4740139e-21
      6274.00   3.4812712e-21
      6275.00   3.4885414e-21
      6276.00   3.4958246e-21
      6277.00   3.5031208e-21
      6278.00   3.5104300e-21
      6279.00   3.5177523e-21
      6280.00   3.5250876e-21
      6281.00   3.5324359e-21
      6282.00   3.5397974e-21
      6283.00   3.5471720e-21
      6284.00   3.5545598e-21
      6285.00   3.5619606e-21
      6286.00   3.5693747e-21
      6287.00   3.5768019e-21
      6288.00   3.5842424e-21
      6289.00   3.5916961e-21
      6290.00   3.5991630e-21
      6291.00   3.6066432e-21
      6292.00   3.6141367e-21
      6293.00   3.6216435e-21
      6294.00   3.6291636e-21
      6295.00   3.6366970e-21
      6296.00   3.6442439e-21
      6297.00   3.6518041e-21
      6298.00   3.6593777e-21
      6299.00   3.6669647e-21
      6300.00   3.6745652e-21
      6301.00   3.6821791e-21
      6302.00   3.6898066e-21
      6303.00   3.6974475e-21
      6304.00   3.7051019e-21
      6305.00   3.7127699e-21
      6306.00   3.7204514e-21
      6307.00   3.7281465e-21
      6308.00   3.7358553e-21
      6309.00   3.7435776e-21
      6310.00   3.7513136e-21
      6311.00   3.7590632e-21
      6312.00   3.7668265e-21
      6313.00   3.7746035e-21
      6314.00   3.7823942e-21
      6315.00   3.7901986e-21
      6316.00   3.7980168e-21
      6317.00   3.8058488e-21
      6318.00   3.8136946e-21
      6319.00   3.8215542e-21
      6320.00   3.8294276e-21
      6321.00   3.8373149e-21
      6322.00   3.8452161e-21
      6323.00   3.8531311e-21
      6324.00   3.8610601e-21
      6325.00   3.8690030e-21
      6326.00   3.8769598e-21
      6327.00   3.8849306e-21
      6328.00   3.8929155e-21
      6329.00   3.9009143e-21
      6330.00   3.9089272e-21
      6331.00   3.9169541e-21
      6332.00   3.9249951e-21
      6333.00   3.9330502e-21
      6334.00   3.9411194e-21
      6335.00   3.9492027e-21
      6336.00   3.9573002e-21
      6337.00   3.9654119e-21
      6338.00   3.9735378e-21
      6339.00   3.9816779e-21
      6340.00   3.9898322e-21
      6341.00   3.9980008e-21
      6342.00   4.0061836e-21
      6343.00   4.0143808e-21
      6344.00   4.0225923e-21
      6345.00   4.0308181e-21
      6346.00   4.0390583e-21
      6347.00   4.0473128e-21
      6348.00   4.0555818e-21
      6349.00   4.0638651e-21
      6350.00   4.0721629e-21
      6351.00   4.0804752e-21
      6352.00   4.0888020e-21
      6353.00   4.0971432e-21
      6354.00   4.1054990e-21
      6355.00   4.1138693e-21
      6356.00   4.1222542e-21
      6357.00   4.1306537e-21
      6358.00   4.1390678e-21
      6359.00   4.1474965e-21
      6360.00   4.1559398e-21
      6361.00   4.1643978e-21
      6362.00   4.1728705e-21
      6363.00   4.1813579e-21
      6364.00   4.1898601e-21
      6365.00   4.1983770e-21
      6366.00   4.2069086e-21
      6367.00   4.2154551e-21
      6368.00   4.2240164e-21
      6369.00   4.2325925e-21
      6370.00   4.2411834e-21
      6371.00   4.2497893e-21
      6372.00   4.2584100e-21
      6373.00   4.2670457e-21
      6374.00   4.2756962e-21
      6375.00   4.2843618e-21
      6376.00   4.2930423e-21
      6377.00   4.3017379e-21
      6378.00   4.3104484e-21
      6379.00   4.3191740e-21
      6380.00   4.3279147e-21
      6381.00   4.3366704e-21
      6382.00   4.3454413e-21
      6383.00   4.3542273e-21
      6384.00   4.3630284e-21
      6385.00   4.3718448e-21
      6386.00   4.3806763e-21
      6387.00   4.3895230e-21
      6388.00   4.3983850e-21
      6389.00   4.4072622e-21
      6390.00   4.4161547e-21
      6391.00   4.4250625e-21
      6392.00   4.4339856e-21
      6393.00   4.4429240e-21
      6394.00   4.4518779e-21
      6395.00   4.4608471e-21
      6396.00   4.4698317e-21
      6397.00   4.4788317e-21
      6398.00   4.4878472e-21
      6399.00   4.4968782e-21
      6400.00   4.5059247e-21
      6401.00   4.5149867e-21
      6402.00   4.5240642e-21
      6403.00   4.5331572e-21
      6404.00   4.5422659e-21
      6405.00   4.5513902e-21
      6406.00   4.5605300e-21
      6407.00   4.5696856e-21
      6408.00   4.5788568e-21
      6409.00   4.5880436e-21
      6410.00   4.5972462e-21
      6411.00   4.6064646e-21
      6412.00   4.6156986e-21
      6413.00   4.6249485e-21
      6414.00   4.6342142e-21
      6415.00   4.6434956e-21
      6416.00   4.6527930e-21
      6417.00   4.6621061e-21
      6418.00   4.6714352e-21
      6419.00   4.6807802e-21
      6420.00   4.6901411e-21
      6421.00   4.6995180e-21
      6422.00   4.7089108e-21
      6423.00   4.7183196e-21
      6424.00   4.7277445e-21
      6425.00   4.7371854e-21
      6426.00   4.7466423e-21
      6427.00   4.7561154e-21
      6428.00   4.7656045e-21
      6429.00   4.7751098e-21
      6430.00   4.7846313e-21
      6431.00   4.7941689e-21
      6432.00   4.8037227e-21
      6433.00   4.8132927e-21
      6434.00   4.8228790e-21
      6435.00   4.8324815e-21
      6436.00   4.8421003e-21
      6437.00   4.8517355e-21
      6438.00   4.8613869e-21
      6439.00   4.8710547e-21
      6440.00   4.8807389e-21
      6441.00   4.8904395e-21
      6442.00   4.9001565e-21
      6443.00   4.9098900e-21
      6444.00   4.9196399e-21
      6445.00   4.9294063e-21
      6446.00   4.9391892e-21
      6447.00   4.9489887e-21
      6448.00   4.9588047e-21
      6449.00   4.9686373e-21
      6450.00   4.9784865e-21
      6451.00   4.9883523e-21
      6452.00   4.9982348e-21
      6453.00   5.0081339e-21
      6454.00   5.0180498e-21
      6455.00   5.0279823e-21
      6456.00   5.0379316e-21
      6457.00   5.0478977e-21
      6458.00   5.0578806e-21
      6459.00   5.0678802e-21
      6460.00   5.0778967e-21
      6461.00   5.0879300e-21
      6462.00   5.0979803e-21
      6463.00   5.1080474e-21
      6464.00   5.1181314e-21
      6465.00   5.1282324e-21
      6466.00   5.1383504e-21
      6467.00   5.1484853e-21
      6468.00   5.1586373e-21
      6469.00   5.1688063e-21
      6470.00   5.1789924e-21
      6471.00   5.1891955e-21
      6472.00   5.1994158e-21
      6473.00   5.2096532e-21
      6474.00   5.2199078e-21
      6475.00   5.2301795e-21
      6476.00   5.2404684e-21
      6477.00   5.2507746e-21
      6478.00   5.2610980e-21
      6479.00   5.2714387e-21
      6480.00   5.2817967e-21
      6481.00   5.2921720e-21
      6482.00   5.3025646e-21
      6483.00   5.3129747e-21
      6484.00   5.3234021e-21
      6485.00   5.3338469e-21
      6486.00   5.3443091e-21
      6487.00   5.3547889e-21
      6488.00   5.3652861e-21
      6489.00   5.3758008e-21
      6490.00   5.3863330e-21
      6491.00   5.3968828e-21
      6492.00   5.4074502e-21
      6493.00   5.4180352e-21
      6494.00   5.4286378e-21
      6495.00   5.4392580e-21
      6496.00   5.4498960e-21
      6497.00   5.4605516e-21
      6498.00   5.4712249e-21
      6499.00   5.4819160e-21
      6500.00   5.4926249e-21
      6501.00   5.5033516e-21
      6502.00   5.5140961e-21
      6503.00   5.5248584e-21
      6504.00   5.5356386e-21
      6505.00   5.5464366e-21
      6506.00   5.5572526e-21
      6507.00   5.5680866e-21
      6508.00   5.5789385e-21
      6509.00   5.5898083e-21
      6510.00   5.6006962e-21
      6511.00   5.6116022e-21
      6512.00   5.6225261e-21
      6513.00   5.6334682e-21
      6514.00   5.6444284e-21
      6515.00   5.6554067e-21
      6516.00   5.6664032e-21
      6517.00   5.6774178e-21
      6518.00   5.6884507e-21
      6519.00   5.6995017e-21
      6520.00   5.7105711e-21
      6521.00   5.7216587e-21
      6522.00   5.7327646e-21
      6523.00   5.7438888e-21
      6524.00   5.7550314e-21
      6525.00   5.7661924e-21
      6526.00   5.7773718e-21
      6527.00   5.7885696e-21
      6528.00   5.7997858e-21
      6529.00   5.8110205e-21
      6530.00   5.8222737e-21
      6531.00   5.8335455e-21
      6532.00   5.8448358e-21
      6533.00   5.8561446e-21
      6534.00   5.8674721e-21
      6535.00   5.8788182e-21
      6536.00   5.8901829e-21
      6537.00   5.9015663e-21
      6538.00   5.9129684e-21
      6539.00   5.9243892e-21
      6540.00   5.9358288e-21
      6541.00   5.9472871e-21
      6542.00   5.9587642e-21
      6543.00   5.9702602e-21
      6544.00   5.9817750e-21
      6545.00   5.9933087e-21
      6546.00   6.0048612e-21
      6547.00   6.0164327e-21
      6548.00   6.0280231e-21
      6549.00   6.0396326e-21
      6550.00   6.0512610e-21
      6551.00   6.0629084e-21
      6552.00   6.0745749e-21
      6553.00   6.0862604e-21
      6554.00   6.0979650e-21
      6555.00   6.1096888e-21
      6556.00   6.1214317e-21
      6557.00   6.1331938e-21
      6558.00   6.1449751e-21
      6559.00   6.1567756e-21
      6560.00   6.1685954e-21
      6561.00   6.1804344e-21
      6562.00   6.1922927e-21
      6563.00   6.2041704e-21
      6564.00   6.2160674e-21
      6565.00   6.2279838e-21
      6566.00   6.2399196e-21
      6567.00   6.2518748e-21
      6568.00   6.2638495e-21
      6569.00   6.2758436e-21
      6570.00   6.2878573e-21
      6571.00   6.2998905e-21
      6572.00   6.3119432e-21
      6573.00   6.3240155e-21
      6574.00   6.3361074e-21
      6575.00   6.3482190e-21
      6576.00   6.3603502e-21
      6577.00   6.3725011e-21
      6578.00   6.3846717e-21
      6579.00   6.3968621e-21
      6580.00   6.4090722e-21
      6581.00   6.4213021e-21
      6582.00   6.4335518e-21
      6583.00   6.4458214e-21
      6584.00   6.4581108e-21
      6585.00   6.4704201e-21
      6586.00   6.4827493e-21
      6587.00   6.4950985e-21
      6588.00   6.5074676e-21
      6589.00   6.5198568e-21
      6590.00   6.5322659e-21
      6591.00   6.5446951e-21
      6592.00   6.5571444e-21
      6593.00   6.5696138e-21
      6594.00   6.5821033e-21
      6595.00   6.5946130e-21
      6596.00   6.6071428e-21
      6597.00   6.6196929e-21
      6598.00   6.6322631e-21
      6599.00   6.6448537e-21
      6600.00   6.6574645e-21
      6601.00   6.6700956e-21
      6602.00   6.6827471e-21
      6603.00   6.6954189e-21
      6604.00   6.7081112e-21
      6605.00   6.7208238e-21
      6606.00   6.7335569e-21
      6607.00   6.7463104e-21
      6608.00   6.7590845e-21
      6609.00   6.7718791e-21
      6610.00   6.7846942e-21
      6611.00   6.7975299e-21
      6612.00   6.8103862e-21
      6613.00   6.8232631e-21
      6614.00   6.8361607e-21
      6615.00   6.8490790e-21
      6616.00   6.8620179e-21
      6617.00   6.8749777e-21
      6618.00   6.8879581e-21
      6619.00   6.9009594e-21
      6620.00   6.9139815e-21
      6621.00   6.9270244e-21
      6622.00   6.9400882e-21
      6623.00   6.9531729e-21
      6624.00   6.9662785e-21
      6625.00   6.9794051e-21
      6626.00   6.9925527e-21
      6627.00   7.0057212e-21
      6628.00   7.0189108e-21
      6629.00   7.0321215e-21
      6630.00   7.0453532e-21
      6631.00   7.0586061e-21
      6632.00   7.0718801e-21
      6633.00   7.0851752e-21
      6634.00   7.0984916e-21
      6635.00   7.1118292e-21
      6636.00   7.1251880e-21
      6637.00   7.1385681e-21
      6638.00   7.1519695e-21
      6639.00   7.1653923e-21
      6640.00   7.1788364e-21
      6641.00   7.1923019e-21
      6642.00   7.2057888e-21
      6643.00   7.2192972e-21
      6644.00   7.2328270e-21
      6645.00   7.2463783e-21
      6646.00   7.2599511e-21
      6647.00   7.2735455e-21
      6648.00   7.2871615e-21
      6649.00   7.3007991e-21
      6650.00   7.3144583e-21
      6651.00   7.3281392e-21
      6652.00   7.3418418e-21
      6653.00   7.3555661e-21
      6654.00   7.3693121e-21
      6655.00   7.3830799e-21
      6656.00   7.3968695e-21
      6657.00   7.4106810e-21
      6658.00   7.4245143e-21
      6659.00   7.4383694e-21
      6660.00   7.4522465e-21
      6661.00   7.4661456e-21
      6662.00   7.4800666e-21
      6663.00   7.4940096e-21
      6664.00   7.5079746e-21
      6665.00   7.5219617e-21
      6666.00   7.5359708e-21
      6667.00   7.5500021e-21
      6668.00   7.5640555e-21
      6669.00   7.5781311e-21
      6670.00   7.5922288e-21
      6671.00   7.6063488e-21
      6672.00   7.6204910e-21
      6673.00   7.6346556e-21
      6674.00   7.6488424e-21
      6675.00   7.6630515e-21
      6676.00   7.6772830e-21
      6677.00   7.6915369e-21
      6678.00   7.7058133e-21
      6679.00   7.7201120e-21
      6680.00   7.7344333e-21
      6681.00   7.7487770e-21
      6682.00   7.7631433e-21
      6683.00   7.7775322e-21
      6684.00   7.7919436e-21
      6685.00   7.8063777e-21
      6686.00   7.8208344e-21
      6687.00   7.8353137e-21
      6688.00   7.8498158e-21
      6689.00   7.8643406e-21
      6690.00   7.8788882e-21
      6691.00   7.8934586e-21
      6692.00   7.9080518e-21
      6693.00   7.9226678e-21
      6694.00   7.9373067e-21
      6695.00   7.9519685e-21
      6696.00   7.9666533e-21
      6697.00   7.9813610e-21
      6698.00   7.9960917e-21
      6699.00   8.0108454e-21
      6700.00   8.0256222e-21
      6701.00   8.0404221e-21
      6702.00   8.0552450e-21
      6703.00   8.0700911e-21
      6704.00   8.0849604e-21
      6705.00   8.0998528e-21
      6706.00   8.1147685e-21
      6707.00   8.1297075e-21
      6708.00   8.1446697e-21
      6709.00   8.1596552e-21
      6710.00   8.1746641e-21
      6711.00   8.1896963e-21
      6712.00   8.2047520e-21
      6713.00   8.2198311e-21
      6714.00   8.2349336e-21
      6715.00   8.2500596e-21
      6716.00   8.2652091e-21
      6717.00   8.2803822e-21
      6718.00   8.2955789e-21
      6719.00   8.3107991e-21
      6720.00   8.3260430e-21
      6721.00   8.3413106e-21
      6722.00   8.3566018e-21
      6723.00   8.3719168e-21
      6724.00   8.3872555e-21
      6725.00   8.4026180e-21
      6726.00   8.4180043e-21
      6727.00   8.4334145e-21
      6728.00   8.4488485e-21
      6729.00   8.4643065e-21
      6730.00   8.4797883e-21
      6731.00   8.4952942e-21
      6732.00   8.5108240e-21
      6733.00   8.5263778e-21
      6734.00   8.5419557e-21
      6735.00   8.5575576e-21
      6736.00   8.5731837e-21
      6737.00   8.5888339e-21
      6738.00   8.6045083e-21
      6739.00   8.6202069e-21
      6740.00   8.6359297e-21
      6741.00   8.6516768e-21
      6742.00   8.6674481e-21
      6743.00   8.6832438e-21
      6744.00   8.6990638e-21
      6745.00   8.7149082e-21
      6746.00   8.7307770e-21
      6747.00   8.7466703e-21
      6748.00   8.7625880e-21
      6749.00   8.7785302e-21
      6750.00   8.7944970e-21
      6751.00   8.8104883e-21
      6752.00   8.8265042e-21
      6753.00   8.8425448e-21
      6754.00   8.8586099e-21
      6755.00   8.8746998e-21
      6756.00   8.8908144e-21
      6757.00   8.9069537e-21
      6758.00   8.9231178e-21
      6759.00   8.9393067e-21
      6760.00   8.9555204e-21
      6761.00   8.9717591e-21
      6762.00   8.9880225e-21
      6763.00   9.0043110e-21
      6764.00   9.0206244e-21
      6765.00   9.0369627e-21
      6766.00   9.0533261e-21
      6767.00   9.0697146e-21
      6768.00   9.0861281e-21
      6769.00   9.1025667e-21
      6770.00   9.1190305e-21
      6771.00   9.1355194e-21
      6772.00   9.1520336e-21
      6773.00   9.1685730e-21
      6774.00   9.1851376e-21
      6775.00   9.2017276e-21
      6776.00   9.2183428e-21
      6777.00   9.2349835e-21
      6778.00   9.2516495e-21
      6779.00   9.2683409e-21
      6780.00   9.2850578e-21
      6781.00   9.3018002e-21
      6782.00   9.3185681e-21
      6783.00   9.3353615e-21
      6784.00   9.3521805e-21
      6785.00   9.3690252e-21
      6786.00   9.3858954e-21
      6787.00   9.4027914e-21
      6788.00   9.4197130e-21
      6789.00   9.4366603e-21
      6790.00   9.4536335e-21
      6791.00   9.4706324e-21
      6792.00   9.4876571e-21
      6793.00   9.5047078e-21
      6794.00   9.5217843e-21
      6795.00   9.5388867e-21
      6796.00   9.5560150e-21
      6797.00   9.5731694e-21
      6798.00   9.5903498e-21
      6799.00   9.6075562e-21
      6800.00   9.6247887e-21
      6801.00   9.6420473e-21
      6802.00   9.6593321e-21
      6803.00   9.6766430e-21
      6804.00   9.6939801e-21
      6805.00   9.7113435e-21
      6806.00   9.7287331e-21
      6807.00   9.7461491e-21
      6808.00   9.7635914e-21
      6809.00   9.7810600e-21
      6810.00   9.7985550e-21
      6811.00   9.8160765e-21
      6812.00   9.8336244e-21
      6813.00   9.8511989e-21
      6814.00   9.8687998e-21
      6815.00   9.8864273e-21
      6816.00   9.9040814e-21
      6817.00   9.9217621e-21
      6818.00   9.9394695e-21
      6819.00   9.9572036e-21
      6820.00   9.9749643e-21
      6821.00   9.9927519e-21
      6822.00   1.0010566e-20
      6823.00   1.0028407e-20
      6824.00   1.0046275e-20
      6825.00   1.0064170e-20
      6826.00   1.0082092e-20
      6827.00   1.0100041e-20
      6828.00   1.0118016e-20
      6829.00   1.0136019e-20
      6830.00   1.0154049e-20
      6831.00   1.0172105e-20
      6832.00   1.0190189e-20
      6833.00   1.0208300e-20
      6834.00   1.0226439e-20
      6835.00   1.0244604e-20
      6836.00   1.0262797e-20
      6837.00   1.0281017e-20
      6838.00   1.0299264e-20
      6839.00   1.0317538e-20
      6840.00   1.0335840e-20
      6841.00   1.0354170e-20
      6842.00   1.0372527e-20
      6843.00   1.0390911e-20
      6844.00   1.0409323e-20
      6845.00   1.0427762e-20
      6846.00   1.0446229e-20
      6847.00   1.0464723e-20
      6848.00   1.0483245e-20
      6849.00   1.0501795e-20
      6850.00   1.0520372e-20
      6851.00   1.0538977e-20
      6852.00   1.0557610e-20
      6853.00   1.0576271e-20
      6854.00   1.0594960e-20
      6855.00   1.0613676e-20
      6856.00   1.0632420e-20
      6857.00   1.0651193e-20
      6858.00   1.0669993e-20
      6859.00   1.0688821e-20
      6860.00   1.0707677e-20
      6861.00   1.0726561e-20
      6862.00   1.0745474e-20
      6863.00   1.0764414e-20
      6864.00   1.0783383e-20
      6865.00   1.0802380e-20
      6866.00   1.0821405e-20
      6867.00   1.0840458e-20
      6868.00   1.0859540e-20
      6869.00   1.0878650e-20
      6870.00   1.0897788e-20
      6871.00   1.0916955e-20
      6872.00   1.0936150e-20
      6873.00   1.0955374e-20
      6874.00   1.0974626e-20
      6875.00   1.0993907e-20
      6876.00   1.1013216e-20
      6877.00   1.1032554e-20
      6878.00   1.1051920e-20
      6879.00   1.1071315e-20
      6880.00   1.1090739e-20
      6881.00   1.1110192e-20
      6882.00   1.1129673e-20
      6883.00   1.1149183e-20
      6884.00   1.1168722e-20
      6885.00   1.1188290e-20
      6886.00   1.1207887e-20
      6887.00   1.1227512e-20
      6888.00   1.1247167e-20
      6889.00   1.1266851e-20
      6890.00   1.1286564e-20
      6891.00   1.1306305e-20
      6892.00   1.1326076e-20
      6893.00   1.1345876e-20
      6894.00   1.1365706e-20
      6895.00   1.1385564e-20
      6896.00   1.1405452e-20
      6897.00   1.1425369e-20
      6898.00   1.1445315e-20
      6899.00   1.1465291e-20
      6900.00   1.1485296e-20
      6901.00   1.1505330e-20
      6902.00   1.1525394e-20
      6903.00   1.1545487e-20
      6904.00   1.1565610e-20
      6905.00   1.1585763e-20
      6906.00   1.1605945e-20
      6907.00   1.1626157e-20
      6908.00   1.1646398e-20
      6909.00   1.1666669e-20
      6910.00   1.1686970e-20
      6911.00   1.1707300e-20
      6912.00   1.1727661e-20
      6913.00   1.1748051e-20
      6914.00   1.1768471e-20
      6915.00   1.1788921e-20
      6916.00   1.1809401e-20
      6917.00   1.1829911e-20
      6918.00   1.1850450e-20
      6919.00   1.1871020e-20
      6920.00   1.1891620e-20
      6921.00   1.1912251e-20
      6922.00   1.1932911e-20
      6923.00   1.1953601e-20
      6924.00   1.1974322e-20
      6925.00   1.1995073e-20
      6926.00   1.2015854e-20
      6927.00   1.2036666e-20
      6928.00   1.2057508e-20
      6929.00   1.2078380e-20
      6930.00   1.2099283e-20
      6931.00   1.2120216e-20
      6932.00   1.2141180e-20
      6933.00   1.2162174e-20
      6934.00   1.2183199e-20
      6935.00   1.2204254e-20
      6936.00   1.2225340e-20
      6937.00   1.2246457e-20
      6938.00   1.2267605e-20
      6939.00   1.2288783e-20
      6940.00   1.2309992e-20
      6941.00   1.2331232e-20
      6942.00   1.2352502e-20
      6943.00   1.2373804e-20
      6944.00   1.2395137e-20
      6945.00   1.2416500e-20
      6946.00   1.2437895e-20
      6947.00   1.2459320e-20
      6948.00   1.2480777e-20
      6949.00   1.2502265e-20
      6950.00   1.2523783e-20
      6951.00   1.2545333e-20
      6952.00   1.2566915e-20
      6953.00   1.2588527e-20
      6954.00   1.2610171e-20
      6955.00   1.2631846e-20
      6956.00   1.2653553e-20
      6957.00   1.2675291e-20
      6958.00   1.2697060e-20
      6959.00   1.2718861e-20
      6960.00   1.2740693e-20
      6961.00   1.2762557e-20
      6962.00   1.2784452e-20
      6963.00   1.2806379e-20
      6964.00   1.2828338e-20
      6965.00   1.2850329e-20
      6966.00   1.2872351e-20
      6967.00   1.2894405e-20
      6968.00   1.2916490e-20
      6969.00   1.2938608e-20
      6970.00   1.2960757e-20
      6971.00   1.2982938e-20
      6972.00   1.3005152e-20
      6973.00   1.3027397e-20
      6974.00   1.3049674e-20
      6975.00   1.3071983e-20
      6976.00   1.3094325e-20
      6977.00   1.3116698e-20
      6978.00   1.3139104e-20
      6979.00   1.3161542e-20
      6980.00   1.3184012e-20
      6981.00   1.3206514e-20
      6982.00   1.3229049e-20
      6983.00   1.3251616e-20
      6984.00   1.3274215e-20
      6985.00   1.3296847e-20
      6986.00   1.3319512e-20
      6987.00   1.3342208e-20
      6988.00   1.3364938e-20
      6989.00   1.3387700e-20
      6990.00   1.3410494e-20
      6991.00   1.3433321e-20
      6992.00   1.3456181e-20
      6993.00   1.3479074e-20
      6994.00   1.3501999e-20
      6995.00   1.3524957e-20
      6996.00   1.3547948e-20
      6997.00   1.3570972e-20
      6998.00   1.3594028e-20
      6999.00   1.3617118e-20
      7000.00   1.3640241e-20
      7001.00   1.3663396e-20
      7002.00   1.3686585e-20
      7003.00   1.3709807e-20
      7004.00   1.3733062e-20
      7005.00   1.3756350e-20
      7006.00   1.3779671e-20
      7007.00   1.3803026e-20
      7008.00   1.3826413e-20
      7009.00   1.3849835e-20
      7010.00   1.3873289e-20
      7011.00   1.3896777e-20
      7012.00   1.3920298e-20
      7013.00   1.3943853e-20
      7014.00   1.3967441e-20
      7015.00   1.3991063e-20
      7016.00   1.4014718e-20
      7017.00   1.4038408e-20
      7018.00   1.4062130e-20
      7019.00   1.4085887e-20
      7020.00   1.4109677e-20
      7021.00   1.4133501e-20
      7022.00   1.4157358e-20
      7023.00   1.4181250e-20
      7024.00   1.4205175e-20
      7025.00   1.4229135e-20
      7026.00   1.4253128e-20
      7027.00   1.4277155e-20
      7028.00   1.4301217e-20
      7029.00   1.4325312e-20
      7030.00   1.4349442e-20
      7031.00   1.4373605e-20
      7032.00   1.4397803e-20
      7033.00   1.4422035e-20
      7034.00   1.4446302e-20
      7035.00   1.4470603e-20
      7036.00   1.4494938e-20
      7037.00   1.4519307e-20
      7038.00   1.4543711e-20
      7039.00   1.4568149e-20
      7040.00   1.4592622e-20
      7041.00   1.4617130e-20
      7042.00   1.4641671e-20
      7043.00   1.4666248e-20
      7044.00   1.4690859e-20
      7045.00   1.4715505e-20
      7046.00   1.4740186e-20
      7047.00   1.4764901e-20
      7048.00   1.4789652e-20
      7049.00   1.4814437e-20
      7050.00   1.4839257e-20
      7051.00   1.4864112e-20
      7052.00   1.4889001e-20
      7053.00   1.4913926e-20
      7054.00   1.4938886e-20
      7055.00   1.4963881e-20
      7056.00   1.4988911e-20
      7057.00   1.5013977e-20
      7058.00   1.5039077e-20
      7059.00   1.5064213e-20
      7060.00   1.5089384e-20
      7061.00   1.5114590e-20
      7062.00   1.5139832e-20
      7063.00   1.5165109e-20
      7064.00   1.5190422e-20
      7065.00   1.5215770e-20
      7066.00   1.5241153e-20
      7067.00   1.5266572e-20
      7068.00   1.5292027e-20
      7069.00   1.5317517e-20
      7070.00   1.5343043e-20
      7071.00   1.5368605e-20
      7072.00   1.5394202e-20
      7073.00   1.5419835e-20
      7074.00   1.5445505e-20
      7075.00   1.5471209e-20
      7076.00   1.5496950e-20
      7077.00   1.5522727e-20
      7078.00   1.5548540e-20
      7079.00   1.5574389e-20
      7080.00   1.5600274e-20
      7081.00   1.5626195e-20
      7082.00   1.5652152e-20
      7083.00   1.5678145e-20
      7084.00   1.5704175e-20
      7085.00   1.5730241e-20
      7086.00   1.5756343e-20
      7087.00   1.5782481e-20
      7088.00   1.5808656e-20
      7089.00   1.5834868e-20
      7090.00   1.5861115e-20
      7091.00   1.5887400e-20
      7092.00   1.5913721e-20
      7093.00   1.5940078e-20
      7094.00   1.5966472e-20
      7095.00   1.5992903e-20
      7096.00   1.6019370e-20
      7097.00   1.6045875e-20
      7098.00   1.6072416e-20
      7099.00   1.6098993e-20
      7100.00   1.6125608e-20
      7101.00   1.6152260e-20
      7102.00   1.6178948e-20
      7103.00   1.6205674e-20
      7104.00   1.6232437e-20
      7105.00   1.6259236e-20
      7106.00   1.6286073e-20
      7107.00   1.6312947e-20
      7108.00   1.6339858e-20
      7109.00   1.6366807e-20
      7110.00   1.6393793e-20
      7111.00   1.6420816e-20
      7112.00   1.6447876e-20
      7113.00   1.6474974e-20
      7114.00   1.6502109e-20
      7115.00   1.6529282e-20
      7116.00   1.6556492e-20
      7117.00   1.6583740e-20
      7118.00   1.6611025e-20
      7119.00   1.6638348e-20
      7120.00   1.6665709e-20
      7121.00   1.6693108e-20
      7122.00   1.6720544e-20
      7123.00   1.6748018e-20
      7124.00   1.6775530e-20
      7125.00   1.6803080e-20
      7126.00   1.6830668e-20
      7127.00   1.6858293e-20
      7128.00   1.6885957e-20
      7129.00   1.6913659e-20
      7130.00   1.6941399e-20
      7131.00   1.6969177e-20
      7132.00   1.6996993e-20
      7133.00   1.7024848e-20
      7134.00   1.7052741e-20
      7135.00   1.7080672e-20
      7136.00   1.7108641e-20
      7137.00   1.7136649e-20
      7138.00   1.7164695e-20
      7139.00   1.7192780e-20
      7140.00   1.7220903e-20
      7141.00   1.7249065e-20
      7142.00   1.7277265e-20
      7143.00   1.7305504e-20
      7144.00   1.7333782e-20
      7145.00   1.7362099e-20
      7146.00   1.7390454e-20
      7147.00   1.7418848e-20
      7148.00   1.7447281e-20
      7149.00   1.7475753e-20
      7150.00   1.7504263e-20
      7151.00   1.7532813e-20
      7152.00   1.7561402e-20
      7153.00   1.7590030e-20
      7154.00   1.7618697e-20
      7155.00   1.7647403e-20
      7156.00   1.7676148e-20
      7157.00   1.7704932e-20
      7158.00   1.7733756e-20
      7159.00   1.7762619e-20
      7160.00   1.7791522e-20
      7161.00   1.7820464e-20
      7162.00   1.7849445e-20
      7163.00   1.7878466e-20
      7164.00   1.7907526e-20
      7165.00   1.7936626e-20
      7166.00   1.7965765e-20
      7167.00   1.7994945e-20
      7168.00   1.8024163e-20
      7169.00   1.8053422e-20
      7170.00   1.8082720e-20
      7171.00   1.8112059e-20
      7172.00   1.8141437e-20
      7173.00   1.8170855e-20
      7174.00   1.8200313e-20
      7175.00   1.8229811e-20
      7176.00   1.8259349e-20
      7177.00   1.8288927e-20
      7178.00   1.8318545e-20
      7179.00   1.8348203e-20
      7180.00   1.8377902e-20
      7181.00   1.8407641e-20
      7182.00   1.8437420e-20
      7183.00   1.8467239e-20
      7184.00   1.8497099e-20
      7185.00   1.8527000e-20
      7186.00   1.8556940e-20
      7187.00   1.8586922e-20
      7188.00   1.8616943e-20
      7189.00   1.8647006e-20
      7190.00   1.8677109e-20
      7191.00   1.8707253e-20
      7192.00   1.8737437e-20
      7193.00   1.8767663e-20
      7194.00   1.8797929e-20
      7195.00   1.8828236e-20
      7196.00   1.8858584e-20
      7197.00   1.8888972e-20
      7198.00   1.8919402e-20
      7199.00   1.8949873e-20
      7200.00   1.8980385e-20
      7201.00   1.9010938e-20
      7202.00   1.9041532e-20
      7203.00   1.9072168e-20
      7204.00   1.9102845e-20
      7205.00   1.9133563e-20
      7206.00   1.9164322e-20
      7207.00   1.9195123e-20
      7208.00   1.9225965e-20
      7209.00   1.9256848e-20
      7210.00   1.9287774e-20
      7211.00   1.9318740e-20
      7212.00   1.9349749e-20
      7213.00   1.9380799e-20
      7214.00   1.9411890e-20
      7215.00   1.9443024e-20
      7216.00   1.9474199e-20
      7217.00   1.9505416e-20
      7218.00   1.9536675e-20
      7219.00   1.9567976e-20
      7220.00   1.9599318e-20
      7221.00   1.9630703e-20
      7222.00   1.9662130e-20
      7223.00   1.9693599e-20
      7224.00   1.9725110e-20
      7225.00   1.9756663e-20
      7226.00   1.9788259e-20
      7227.00   1.9819896e-20
      7228.00   1.9851576e-20
      7229.00   1.9883299e-20
      7230.00   1.9915064e-20
      7231.00   1.9946871e-20
      7232.00   1.9978721e-20
      7233.00   2.0010613e-20
      7234.00   2.0042548e-20
      7235.00   2.0074525e-20
      7236.00   2.0106545e-20
      7237.00   2.0138608e-20
      7238.00   2.0170714e-20
      7239.00   2.0202862e-20
      7240.00   2.0235054e-20
      7241.00   2.0267288e-20
      7242.00   2.0299565e-20
      7243.00   2.0331885e-20
      7244.00   2.0364248e-20
      7245.00   2.0396655e-20
      7246.00   2.0429104e-20
      7247.00   2.0461597e-20
      7248.00   2.0494132e-20
      7249.00   2.0526711e-20
      7250.00   2.0559334e-20
      7251.00   2.0591999e-20
      7252.00   2.0624708e-20
      7253.00   2.0657461e-20
      7254.00   2.0690257e-20
      7255.00   2.0723096e-20
      7256.00   2.0755979e-20
      7257.00   2.0788906e-20
      7258.00   2.0821877e-20
      7259.00   2.0854891e-20
      7260.00   2.0887948e-20
      7261.00   2.0921050e-20
      7262.00   2.0954196e-20
      7263.00   2.0987385e-20
      7264.00   2.1020618e-20
      7265.00   2.1053896e-20
      7266.00   2.1087217e-20
      7267.00   2.1120582e-20
      7268.00   2.1153992e-20
      7269.00   2.1187446e-20
      7270.00   2.1220944e-20
      7271.00   2.1254486e-20
      7272.00   2.1288072e-20
      7273.00   2.1321703e-20
      7274.00   2.1355378e-20
      7275.00   2.1389098e-20
      7276.00   2.1422862e-20
      7277.00   2.1456671e-20
      7278.00   2.1490524e-20
      7279.00   2.1524422e-20
      7280.00   2.1558365e-20
      7281.00   2.1592352e-20
      7282.00   2.1626384e-20
      7283.00   2.1660461e-20
      7284.00   2.1694583e-20
      7285.00   2.1728750e-20
      7286.00   2.1762961e-20
      7287.00   2.1797218e-20
      7288.00   2.1831520e-20
      7289.00   2.1865867e-20
      7290.00   2.1900258e-20
      7291.00   2.1934696e-20
      7292.00   2.1969178e-20
      7293.00   2.2003706e-20
      7294.00   2.2038279e-20
      7295.00   2.2072897e-20
      7296.00   2.2107561e-20
      7297.00   2.2142270e-20
      7298.00   2.2177025e-20
      7299.00   2.2211825e-20
      7300.00   2.2246671e-20
      7301.00   2.2281562e-20
      7302.00   2.2316500e-20
      7303.00   2.2351483e-20
      7304.00   2.2386511e-20
      7305.00   2.2421586e-20
      7306.00   2.2456707e-20
      7307.00   2.2491873e-20
      7308.00   2.2527085e-20
      7309.00   2.2562344e-20
      7310.00   2.2597649e-20
      7311.00   2.2632999e-20
      7312.00   2.2668396e-20
      7313.00   2.2703839e-20
      7314.00   2.2739329e-20
      7315.00   2.2774864e-20
      7316.00   2.2810446e-20
      7317.00   2.2846075e-20
      7318.00   2.2881750e-20
      7319.00   2.2917471e-20
      7320.00   2.2953239e-20
      7321.00   2.2989054e-20
      7322.00   2.3024915e-20
      7323.00   2.3060823e-20
      7324.00   2.3096777e-20
      7325.00   2.3132779e-20
      7326.00   2.3168827e-20
      7327.00   2.3204922e-20
      7328.00   2.3241064e-20
      7329.00   2.3277253e-20
      7330.00   2.3313489e-20
      7331.00   2.3349773e-20
      7332.00   2.3386103e-20
      7333.00   2.3422480e-20
      7334.00   2.3458905e-20
      7335.00   2.3495377e-20
      7336.00   2.3531896e-20
      7337.00   2.3568463e-20
      7338.00   2.3605077e-20
      7339.00   2.3641739e-20
      7340.00   2.3678448e-20
      7341.00   2.3715204e-20
      7342.00   2.3752009e-20
      7343.00   2.3788861e-20
      7344.00   2.3825760e-20
      7345.00   2.3862707e-20
      7346.00   2.3899703e-20
      7347.00   2.3936746e-20
      7348.00   2.3973836e-20
      7349.00   2.4010975e-20
      7350.00   2.4048162e-20
      7351.00   2.4085397e-20
      7352.00   2.4122680e-20
      7353.00   2.4160011e-20
      7354.00   2.4197390e-20
      7355.00   2.4234818e-20
      7356.00   2.4272294e-20
      7357.00   2.4309818e-20
      7358.00   2.4347390e-20
      7359.00   2.4385011e-20
      7360.00   2.4422681e-20
      7361.00   2.4460399e-20
      7362.00   2.4498165e-20
      7363.00   2.4535981e-20
      7364.00   2.4573845e-20
      7365.00   2.4611757e-20
      7366.00   2.4649719e-20
      7367.00   2.4687729e-20
      7368.00   2.4725788e-20
      7369.00   2.4763896e-20
      7370.00   2.4802053e-20
      7371.00   2.4840259e-20
      7372.00   2.4878514e-20
      7373.00   2.4916818e-20
      7374.00   2.4955171e-20
      7375.00   2.4993574e-20
      7376.00   2.5032026e-20
      7377.00   2.5070527e-20
      7378.00   2.5109078e-20
      7379.00   2.5147678e-20
      7380.00   2.5186327e-20
      7381.00   2.5225026e-20
      7382.00   2.5263775e-20
      7383.00   2.5302573e-20
      7384.00   2.5341421e-20
      7385.00   2.5380318e-20
      7386.00   2.5419265e-20
      7387.00   2.5458262e-20
      7388.00   2.5497309e-20
      7389.00   2.5536406e-20
      7390.00   2.5575553e-20
      7391.00   2.5614750e-20
      7392.00   2.5653997e-20
      7393.00   2.5693294e-20
      7394.00   2.5732641e-20
      7395.00   2.5772039e-20
      7396.00   2.5811486e-20
      7397.00   2.5850984e-20
      7398.00   2.5890533e-20
      7399.00   2.5930132e-20
      7400.00   2.5969781e-20
      7401.00   2.6009481e-20
      7402.00   2.6049231e-20
      7403.00   2.6089032e-20
      7404.00   2.6128883e-20
      7405.00   2.6168786e-20
      7406.00   2.6208739e-20
      7407.00   2.6248743e-20
      7408.00   2.6288798e-20
      7409.00   2.6328903e-20
      7410.00   2.6369060e-20
      7411.00   2.6409268e-20
      7412.00   2.6449527e-20
      7413.00   2.6489837e-20
      7414.00   2.6530198e-20
      7415.00   2.6570610e-20
      7416.00   2.6611074e-20
      7417.00   2.6651588e-20
      7418.00   2.6692155e-20
      7419.00   2.6732772e-20
      7420.00   2.6773442e-20
      7421.00   2.6814162e-20
      7422.00   2.6854935e-20
      7423.00   2.6895759e-20
      7424.00   2.6936634e-20
      7425.00   2.6977562e-20
      7426.00   2.7018541e-20
      7427.00   2.7059572e-20
      7428.00   2.7100655e-20
      7429.00   2.7141789e-20
      7430.00   2.7182976e-20
      7431.00   2.7224215e-20
      7432.00   2.7265506e-20
      7433.00   2.7306849e-20
      7434.00   2.7348244e-20
      7435.00   2.7389692e-20
      7436.00   2.7431192e-20
      7437.00   2.7472744e-20
      7438.00   2.7514348e-20
      7439.00   2.7556006e-20
      7440.00   2.7597715e-20
      7441.00   2.7639477e-20
      7442.00   2.7681292e-20
      7443.00   2.7723159e-20
      7444.00   2.7765079e-20
      7445.00   2.7807052e-20
      7446.00   2.7849078e-20
      7447.00   2.7891156e-20
      7448.00   2.7933288e-20
      7449.00   2.7975472e-20
      7450.00   2.8017710e-20
      7451.00   2.8060000e-20
      7452.00   2.8102344e-20
      7453.00   2.8144740e-20
      7454.00   2.8187191e-20
      7455.00   2.8229694e-20
      7456.00   2.8272251e-20
      7457.00   2.8314861e-20
      7458.00   2.8357524e-20
      7459.00   2.8400241e-20
      7460.00   2.8443012e-20
      7461.00   2.8485836e-20
      7462.00   2.8528713e-20
      7463.00   2.8571645e-20
      7464.00   2.8614630e-20
      7465.00   2.8657669e-20
      7466.00   2.8700762e-20
      7467.00   2.8743909e-20
      7468.00   2.8787110e-20
      7469.00   2.8830364e-20
      7470.00   2.8873673e-20
      7471.00   2.8917036e-20
      7472.00   2.8960453e-20
      7473.00   2.9003925e-20
      7474.00   2.9047450e-20
      7475.00   2.9091030e-20
      7476.00   2.9134665e-20
      7477.00   2.9178354e-20
      7478.00   2.9222097e-20
      7479.00   2.9265895e-20
      7480.00   2.9309747e-20
      7481.00   2.9353654e-20
      7482.00   2.9397616e-20
      7483.00   2.9441633e-20
      7484.00   2.9485704e-20
      7485.00   2.9529830e-20
      7486.00   2.9574012e-20
      7487.00   2.9618248e-20
      7488.00   2.9662539e-20
      7489.00   2.9706885e-20
      7490.00   2.9751287e-20
      7491.00   2.9795743e-20
      7492.00   2.9840255e-20
      7493.00   2.9884822e-20
      7494.00   2.9929444e-20
      7495.00   2.9974122e-20
      7496.00   3.0018855e-20
      7497.00   3.0063644e-20
      7498.00   3.0108489e-20
      7499.00   3.0153389e-20
      7500.00   3.0198344e-20
      7501.00   3.0243355e-20
      7502.00   3.0288423e-20
      7503.00   3.0333546e-20
      7504.00   3.0378724e-20
      7505.00   3.0423959e-20
      7506.00   3.0469250e-20
      7507.00   3.0514597e-20
      7508.00   3.0559999e-20
      7509.00   3.0605459e-20
      7510.00   3.0650974e-20
      7511.00   3.0696545e-20
      7512.00   3.0742173e-20
      7513.00   3.0787857e-20
      7514.00   3.0833598e-20
      7515.00   3.0879395e-20
      7516.00   3.0925248e-20
      7517.00   3.0971159e-20
      7518.00   3.1017125e-20
      7519.00   3.1063149e-20
      7520.00   3.1109229e-20
      7521.00   3.1155366e-20
      7522.00   3.1201560e-20
      7523.00   3.1247811e-20
      7524.00   3.1294119e-20
      7525.00   3.1340484e-20
      7526.00   3.1386906e-20
      7527.00   3.1433385e-20
      7528.00   3.1479921e-20
      7529.00   3.1526514e-20
      7530.00   3.1573165e-20
      7531.00   3.1619873e-20
      7532.00   3.1666638e-20
      7533.00   3.1713461e-20
      7534.00   3.1760342e-20
      7535.00   3.1807280e-20
      7536.00   3.1854276e-20
      7537.00   3.1901329e-20
      7538.00   3.1948440e-20
      7539.00   3.1995609e-20
      7540.00   3.2042835e-20
      7541.00   3.2090120e-20
      7542.00   3.2137463e-20
      7543.00   3.2184863e-20
      7544.00   3.2232322e-20
      7545.00   3.2279838e-20
      7546.00   3.2327413e-20
      7547.00   3.2375046e-20
      7548.00   3.2422738e-20
      7549.00   3.2470488e-20
      7550.00   3.2518296e-20
      7551.00   3.2566162e-20
      7552.00   3.2614087e-20
      7553.00   3.2662071e-20
      7554.00   3.2710113e-20
      7555.00   3.2758214e-20
      7556.00   3.2806374e-20
      7557.00   3.2854592e-20
      7558.00   3.2902870e-20
      7559.00   3.2951206e-20
      7560.00   3.2999601e-20
      7561.00   3.3048055e-20
      7562.00   3.3096569e-20
      7563.00   3.3145141e-20
      7564.00   3.3193772e-20
      7565.00   3.3242463e-20
      7566.00   3.3291213e-20
      7567.00   3.3340023e-20
      7568.00   3.3388891e-20
      7569.00   3.3437820e-20
      7570.00   3.3486807e-20
      7571.00   3.3535855e-20
      7572.00   3.3584962e-20
      7573.00   3.3634128e-20
      7574.00   3.3683355e-20
      7575.00   3.3732641e-20
      7576.00   3.3781987e-20
      7577.00   3.3831393e-20
      7578.00   3.3880859e-20
      7579.00   3.3930385e-20
      7580.00   3.3979971e-20
      7581.00   3.4029617e-20
      7582.00   3.4079323e-20
      7583.00   3.4129089e-20
      7584.00   3.4178916e-20
      7585.00   3.4228804e-20
      7586.00   3.4278751e-20
      7587.00   3.4328759e-20
      7588.00   3.4378828e-20
      7589.00   3.4428957e-20
      7590.00   3.4479147e-20
      7591.00   3.4529397e-20
      7592.00   3.4579709e-20
      7593.00   3.4630081e-20
      7594.00   3.4680514e-20
      7595.00   3.4731008e-20
      7596.00   3.4781563e-20
      7597.00   3.4832179e-20
      7598.00   3.4882856e-20
      7599.00   3.4933594e-20
      7600.00   3.4984393e-20
      7601.00   3.5035254e-20
      7602.00   3.5086176e-20
      7603.00   3.5137159e-20
      7604.00   3.5188204e-20
      7605.00   3.5239311e-20
      7606.00   3.5290478e-20
      7607.00   3.5341708e-20
      7608.00   3.5392999e-20
      7609.00   3.5444352e-20
      7610.00   3.5495767e-20
      7611.00   3.5547243e-20
      7612.00   3.5598782e-20
      7613.00   3.5650382e-20
      7614.00   3.5702045e-20
      7615.00   3.5753769e-20
      7616.00   3.5805556e-20
      7617.00   3.5857405e-20
      7618.00   3.5909316e-20
      7619.00   3.5961289e-20
      7620.00   3.6013325e-20
      7621.00   3.6065423e-20
      7622.00   3.6117584e-20
      7623.00   3.6169807e-20
      7624.00   3.6222093e-20
      7625.00   3.6274441e-20
      7626.00   3.6326852e-20
      7627.00   3.6379326e-20
      7628.00   3.6431863e-20
      7629.00   3.6484463e-20
      7630.00   3.6537125e-20
      7631.00   3.6589851e-20
      7632.00   3.6642640e-20
      7633.00   3.6695491e-20
      7634.00   3.6748406e-20
      7635.00   3.6801384e-20
      7636.00   3.6854426e-20
      7637.00   3.6907531e-20
      7638.00   3.6960699e-20
      7639.00   3.7013931e-20
      7640.00   3.7067226e-20
      7641.00   3.7120585e-20
      7642.00   3.7174008e-20
      7643.00   3.7227494e-20
      7644.00   3.7281044e-20
      7645.00   3.7334658e-20
      7646.00   3.7388335e-20
      7647.00   3.7442077e-20
      7648.00   3.7495883e-20
      7649.00   3.7549752e-20
      7650.00   3.7603686e-20
      7651.00   3.7657684e-20
      7652.00   3.7711747e-20
      7653.00   3.7765873e-20
      7654.00   3.7820064e-20
      7655.00   3.7874319e-20
      7656.00   3.7928639e-20
      7657.00   3.7983023e-20
      7658.00   3.8037472e-20
      7659.00   3.8091986e-20
      7660.00   3.8146564e-20
      7661.00   3.8201207e-20
      7662.00   3.8255915e-20
      7663.00   3.8310688e-20
      7664.00   3.8365526e-20
      7665.00   3.8420428e-20
      7666.00   3.8475396e-20
      7667.00   3.8530429e-20
      7668.00   3.8585527e-20
      7669.00   3.8640691e-20
      7670.00   3.8695919e-20
      7671.00   3.8751214e-20
      7672.00   3.8806573e-20
      7673.00   3.8861998e-20
      7674.00   3.8917489e-20
      7675.00   3.8973045e-20
      7676.00   3.9028666e-20
      7677.00   3.9084354e-20
      7678.00   3.9140107e-20
      7679.00   3.9195926e-20
      7680.00   3.9251812e-20
      7681.00   3.9307763e-20
      7682.00   3.9363780e-20
      7683.00   3.9419863e-20
      7684.00   3.9476012e-20
      7685.00   3.9532228e-20
      7686.00   3.9588509e-20
      7687.00   3.9644858e-20
      7688.00   3.9701272e-20
      7689.00   3.9757753e-20
      7690.00   3.9814300e-20
      7691.00   3.9870914e-20
      7692.00   3.9927595e-20
      7693.00   3.9984343e-20
      7694.00   4.0041157e-20
      7695.00   4.0098038e-20
      7696.00   4.0154985e-20
      7697.00   4.0212000e-20
      7698.00   4.0269082e-20
      7699.00   4.0326231e-20
      7700.00   4.0383446e-20
      7701.00   4.0440730e-20
      7702.00   4.0498080e-20
      7703.00   4.0555497e-20
      7704.00   4.0612982e-20
      7705.00   4.0670535e-20
      7706.00   4.0728155e-20
      7707.00   4.0785842e-20
      7708.00   4.0843597e-20
      7709.00   4.0901420e-20
      7710.00   4.0959310e-20
      7711.00   4.1017269e-20
      7712.00   4.1075295e-20
      7713.00   4.1133389e-20
      7714.00   4.1191551e-20
      7715.00   4.1249781e-20
      7716.00   4.1308079e-20
      7717.00   4.1366445e-20
      7718.00   4.1424879e-20
      7719.00   4.1483382e-20
      7720.00   4.1541953e-20
      7721.00   4.1600593e-20
      7722.00   4.1659300e-20
      7723.00   4.1718077e-20
      7724.00   4.1776922e-20
      7725.00   4.1835836e-20
      7726.00   4.1894818e-20
      7727.00   4.1953869e-20
      7728.00   4.2012989e-20
      7729.00   4.2072178e-20
      7730.00   4.2131436e-20
      7731.00   4.2190763e-20
      7732.00   4.2250159e-20
      7733.00   4.2309624e-20
      7734.00   4.2369158e-20
      7735.00   4.2428762e-20
      7736.00   4.2488435e-20
      7737.00   4.2548177e-20
      7738.00   4.2607989e-20
      7739.00   4.2667870e-20
      7740.00   4.2727821e-20
      7741.00   4.2787842e-20
      7742.00   4.2847932e-20
      7743.00   4.2908092e-20
      7744.00   4.2968322e-20
      7745.00   4.3028622e-20
      7746.00   4.3088991e-20
      7747.00   4.3149431e-20
      7748.00   4.3209941e-20
      7749.00   4.3270521e-20
      7750.00   4.3331171e-20
      7751.00   4.3391891e-20
      7752.00   4.3452682e-20
      7753.00   4.3513543e-20
      7754.00   4.3574474e-20
      7755.00   4.3635477e-20
      7756.00   4.3696549e-20
      7757.00   4.3757692e-20
      7758.00   4.3818907e-20
      7759.00   4.3880191e-20
      7760.00   4.3941547e-20
      7761.00   4.4002973e-20
      7762.00   4.4064471e-20
      7763.00   4.4126039e-20
      7764.00   4.4187679e-20
      7765.00   4.4249390e-20
      7766.00   4.4311172e-20
      7767.00   4.4373025e-20
      7768.00   4.4434949e-20
      7769.00   4.4496945e-20
      7770.00   4.4559013e-20
      7771.00   4.4621152e-20
      7772.00   4.4683362e-20
      7773.00   4.4745644e-20
      7774.00   4.4807998e-20
      7775.00   4.4870424e-20
      7776.00   4.4932922e-20
      7777.00   4.4995491e-20
      7778.00   4.5058132e-20
      7779.00   4.5120846e-20
      7780.00   4.5183631e-20
      7781.00   4.5246489e-20
      7782.00   4.5309419e-20
      7783.00   4.5372421e-20
      7784.00   4.5435496e-20
      7785.00   4.5498643e-20
      7786.00   4.5561863e-20
      7787.00   4.5625155e-20
      7788.00   4.5688519e-20
      7789.00   4.5751957e-20
      7790.00   4.5815467e-20
      7791.00   4.5879050e-20
      7792.00   4.5942705e-20
      7793.00   4.6006434e-20
      7794.00   4.6070236e-20
      7795.00   4.6134110e-20
      7796.00   4.6198058e-20
      7797.00   4.6262079e-20
      7798.00   4.6326174e-20
      7799.00   4.6390341e-20
      7800.00   4.6454582e-20
      7801.00   4.6518897e-20
      7802.00   4.6583285e-20
      7803.00   4.6647746e-20
      7804.00   4.6712282e-20
      7805.00   4.6776891e-20
      7806.00   4.6841573e-20
      7807.00   4.6906330e-20
      7808.00   4.6971160e-20
      7809.00   4.7036065e-20
      7810.00   4.7101043e-20
      7811.00   4.7166095e-20
      7812.00   4.7231222e-20
      7813.00   4.7296423e-20
      7814.00   4.7361698e-20
      7815.00   4.7427048e-20
      7816.00   4.7492472e-20
      7817.00   4.7557970e-20
      7818.00   4.7623543e-20
      7819.00   4.7689191e-20
      7820.00   4.7754913e-20
      7821.00   4.7820710e-20
      7822.00   4.7886582e-20
      7823.00   4.7952529e-20
      7824.00   4.8018550e-20
      7825.00   4.8084647e-20
      7826.00   4.8150819e-20
      7827.00   4.8217066e-20
      7828.00   4.8283388e-20
      7829.00   4.8349785e-20
      7830.00   4.8416258e-20
      7831.00   4.8482806e-20
      7832.00   4.8549430e-20
      7833.00   4.8616129e-20
      7834.00   4.8682903e-20
      7835.00   4.8749754e-20
      7836.00   4.8816680e-20
      7837.00   4.8883682e-20
      7838.00   4.8950759e-20
      7839.00   4.9017913e-20
      7840.00   4.9085143e-20
      7841.00   4.9152449e-20
      7842.00   4.9219830e-20
      7843.00   4.9287288e-20
      7844.00   4.9354823e-20
      7845.00   4.9422433e-20
      7846.00   4.9490120e-20
      7847.00   4.9557884e-20
      7848.00   4.9625724e-20
      7849.00   4.9693640e-20
      7850.00   4.9761634e-20
      7851.00   4.9829704e-20
      7852.00   4.9897850e-20
      7853.00   4.9966074e-20
      7854.00   5.0034374e-20
      7855.00   5.0102752e-20
      7856.00   5.0171207e-20
      7857.00   5.0239738e-20
      7858.00   5.0308347e-20
      7859.00   5.0377033e-20
      7860.00   5.0445797e-20
      7861.00   5.0514637e-20
      7862.00   5.0583556e-20
      7863.00   5.0652552e-20
      7864.00   5.0721625e-20
      7865.00   5.0790776e-20
      7866.00   5.0860005e-20
      7867.00   5.0929311e-20
      7868.00   5.0998696e-20
      7869.00   5.1068158e-20
      7870.00   5.1137698e-20
      7871.00   5.1207317e-20
      7872.00   5.1277013e-20
      7873.00   5.1346788e-20
      7874.00   5.1416641e-20
      7875.00   5.1486572e-20
      7876.00   5.1556582e-20
      7877.00   5.1626670e-20
      7878.00   5.1696836e-20
      7879.00   5.1767082e-20
      7880.00   5.1837406e-20
      7881.00   5.1907808e-20
      7882.00   5.1978290e-20
      7883.00   5.2048850e-20
      7884.00   5.2119489e-20
      7885.00   5.2190207e-20
      7886.00   5.2261005e-20
      7887.00   5.2331881e-20
      7888.00   5.2402837e-20
      7889.00   5.2473872e-20
      7890.00   5.2544986e-20
      7891.00   5.2616180e-20
      7892.00   5.2687453e-20
      7893.00   5.2758805e-20
      7894.00   5.2830238e-20
      7895.00   5.2901750e-20
      7896.00   5.2973341e-20
      7897.00   5.3045013e-20
      7898.00   5.3116764e-20
      7899.00   5.3188596e-20
      7900.00   5.3260507e-20
      7901.00   5.3332498e-20
      7902.00   5.3404570e-20
      7903.00   5.3476722e-20
      7904.00   5.3548954e-20
      7905.00   5.3621266e-20
      7906.00   5.3693659e-20
      7907.00   5.3766133e-20
      7908.00   5.3838687e-20
      7909.00   5.3911321e-20
      7910.00   5.3984037e-20
      7911.00   5.4056833e-20
      7912.00   5.4129710e-20
      7913.00   5.4202667e-20
      7914.00   5.4275706e-20
      7915.00   5.4348826e-20
      7916.00   5.4422027e-20
      7917.00   5.4495309e-20
      7918.00   5.4568673e-20
      7919.00   5.4642117e-20
      7920.00   5.4715643e-20
      7921.00   5.4789251e-20
      7922.00   5.4862940e-20
      7923.00   5.4936711e-20
      7924.00   5.5010563e-20
      7925.00   5.5084497e-20
      7926.00   5.5158513e-20
      7927.00   5.5232611e-20
      7928.00   5.5306791e-20
      7929.00   5.5381052e-20
      7930.00   5.5455396e-20
      7931.00   5.5529822e-20
      7932.00   5.5604330e-20
      7933.00   5.5678921e-20
      7934.00   5.5753594e-20
      7935.00   5.5828349e-20
      7936.00   5.5903187e-20
      7937.00   5.5978107e-20
      7938.00   5.6053110e-20
      7939.00   5.6128196e-20
      7940.00   5.6203364e-20
      7941.00   5.6278615e-20
      7942.00   5.6353950e-20
      7943.00   5.6429367e-20
      7944.00   5.6504867e-20
      7945.00   5.6580450e-20
      7946.00   5.6656117e-20
      7947.00   5.6731867e-20
      7948.00   5.6807700e-20
      7949.00   5.6883617e-20
      7950.00   5.6959617e-20
      7951.00   5.7035700e-20
      7952.00   5.7111867e-20
      7953.00   5.7188118e-20
      7954.00   5.7264453e-20
      7955.00   5.7340872e-20
      7956.00   5.7417374e-20
      7957.00   5.7493960e-20
      7958.00   5.7570631e-20
      7959.00   5.7647385e-20
      7960.00   5.7724224e-20
      7961.00   5.7801147e-20
      7962.00   5.7878154e-20
      7963.00   5.7955246e-20
      7964.00   5.8032422e-20
      7965.00   5.8109682e-20
      7966.00   5.8187028e-20
      7967.00   5.8264458e-20
      7968.00   5.8341972e-20
      7969.00   5.8419572e-20
      7970.00   5.8497256e-20
      7971.00   5.8575025e-20
      7972.00   5.8652880e-20
      7973.00   5.8730819e-20
      7974.00   5.8808844e-20
      7975.00   5.8886954e-20
      7976.00   5.8965149e-20
      7977.00   5.9043429e-20
      7978.00   5.9121795e-20
      7979.00   5.9200247e-20
      7980.00   5.9278784e-20
      7981.00   5.9357407e-20
      7982.00   5.9436115e-20
      7983.00   5.9514909e-20
      7984.00   5.9593790e-20
      7985.00   5.9672756e-20
      7986.00   5.9751808e-20
      7987.00   5.9830946e-20
      7988.00   5.9910171e-20
      7989.00   5.9989481e-20
      7990.00   6.0068878e-20
      7991.00   6.0148362e-20
      7992.00   6.0227931e-20
      7993.00   6.0307588e-20
      7994.00   6.0387331e-20
      7995.00   6.0467160e-20
      7996.00   6.0547077e-20
      7997.00   6.0627080e-20
      7998.00   6.0707170e-20
      7999.00   6.0787347e-20
      8000.00   6.0867611e-20
      8001.00   6.0947962e-20
      8002.00   6.1028400e-20
      8003.00   6.1108926e-20
      8004.00   6.1189539e-20
      8005.00   6.1270239e-20
      8006.00   6.1351027e-20
      8007.00   6.1431902e-20
      8008.00   6.1512865e-20
      8009.00   6.1593915e-20
      8010.00   6.1675053e-20
      8011.00   6.1756279e-20
      8012.00   6.1837593e-20
      8013.00   6.1918995e-20
      8014.00   6.2000485e-20
      8015.00   6.2082063e-20
      8016.00   6.2163730e-20
      8017.00   6.2245484e-20
      8018.00   6.2327327e-20
      8019.00   6.2409258e-20
      8020.00   6.2491278e-20
      8021.00   6.2573386e-20
      8022.00   6.2655583e-20
      8023.00   6.2737869e-20
      8024.00   6.2820243e-20
      8025.00   6.2902706e-20
      8026.00   6.2985258e-20
      8027.00   6.3067900e-20
      8028.00   6.3150630e-20
      8029.00   6.3233449e-20
      8030.00   6.3316357e-20
      8031.00   6.3399355e-20
      8032.00   6.3482442e-20
      8033.00   6.3565619e-20
      8034.00   6.3648885e-20
      8035.00   6.3732240e-20
      8036.00   6.3815686e-20
      8037.00   6.3899221e-20
      8038.00   6.3982845e-20
      8039.00   6.4066560e-20
      8040.00   6.4150364e-20
      8041.00   6.4234259e-20
      8042.00   6.4318244e-20
      8043.00   6.4402318e-20
      8044.00   6.4486483e-20
      8045.00   6.4570739e-20
      8046.00   6.4655084e-20
      8047.00   6.4739521e-20
      8048.00   6.4824047e-20
      8049.00   6.4908664e-20
      8050.00   6.4993372e-20
      8051.00   6.5078171e-20
      8052.00   6.5163061e-20
      8053.00   6.5248041e-20
      8054.00   6.5333112e-20
      8055.00   6.5418275e-20
      8056.00   6.5503528e-20
      8057.00   6.5588873e-20
      8058.00   6.5674309e-20
      8059.00   6.5759836e-20
      8060.00   6.5845455e-20
      8061.00   6.5931165e-20
      8062.00   6.6016967e-20
      8063.00   6.6102861e-20
      8064.00   6.6188846e-20
      8065.00   6.6274923e-20
      8066.00   6.6361091e-20
      8067.00   6.6447352e-20
      8068.00   6.6533705e-20
      8069.00   6.6620150e-20
      8070.00   6.6706687e-20
      8071.00   6.6793316e-20
      8072.00   6.6880037e-20
      8073.00   6.6966851e-20
      8074.00   6.7053757e-20
      8075.00   6.7140756e-20
      8076.00   6.7227848e-20
      8077.00   6.7315032e-20
      8078.00   6.7402309e-20
      8079.00   6.7489679e-20
      8080.00   6.7577141e-20
      8081.00   6.7664697e-20
      8082.00   6.7752346e-20
      8083.00   6.7840087e-20
      8084.00   6.7927922e-20
      8085.00   6.8015851e-20
      8086.00   6.8103872e-20
      8087.00   6.8191987e-20
      8088.00   6.8280196e-20
      8089.00   6.8368498e-20
      8090.00   6.8456894e-20
      8091.00   6.8545384e-20
      8092.00   6.8633967e-20
      8093.00   6.8722644e-20
      8094.00   6.8811415e-20
      8095.00   6.8900281e-20
      8096.00   6.8989240e-20
      8097.00   6.9078294e-20
      8098.00   6.9167441e-20
      8099.00   6.9256684e-20
      8100.00   6.9346020e-20
      8101.00   6.9435451e-20
      8102.00   6.9524977e-20
      8103.00   6.9614597e-20
      8104.00   6.9704312e-20
      8105.00   6.9794122e-20
      8106.00   6.9884026e-20
      8107.00   6.9974026e-20
      8108.00   7.0064121e-20
      8109.00   7.0154310e-20
      8110.00   7.0244595e-20
      8111.00   7.0334975e-20
      8112.00   7.0425451e-20
      8113.00   7.0516022e-20
      8114.00   7.0606688e-20
      8115.00   7.0697450e-20
      8116.00   7.0788307e-20
      8117.00   7.0879261e-20
      8118.00   7.0970310e-20
      8119.00   7.1061454e-20
      8120.00   7.1152695e-20
      8121.00   7.1244032e-20
      8122.00   7.1335465e-20
      8123.00   7.1426994e-20
      8124.00   7.1518619e-20
      8125.00   7.1610341e-20
      8126.00   7.1702159e-20
      8127.00   7.1794073e-20
      8128.00   7.1886084e-20
      8129.00   7.1978192e-20
      8130.00   7.2070396e-20
      8131.00   7.2162698e-20
      8132.00   7.2255096e-20
      8133.00   7.2347590e-20
      8134.00   7.2440182e-20
      8135.00   7.2532871e-20
      8136.00   7.2625658e-20
      8137.00   7.2718541e-20
      8138.00   7.2811522e-20
      8139.00   7.2904600e-20
      8140.00   7.2997776e-20
      8141.00   7.3091049e-20
      8142.00   7.3184420e-20
      8143.00   7.3277888e-20
      8144.00   7.3371455e-20
      8145.00   7.3465119e-20
      8146.00   7.3558881e-20
      8147.00   7.3652741e-20
      8148.00   7.3746699e-20
      8149.00   7.3840756e-20
      8150.00   7.3934910e-20
      8151.00   7.4029163e-20
      8152.00   7.4123514e-20
      8153.00   7.4217964e-20
      8154.00   7.4312513e-20
      8155.00   7.4407160e-20
      8156.00   7.4501906e-20
      8157.00   7.4596750e-20
      8158.00   7.4691694e-20
      8159.00   7.4786736e-20
      8160.00   7.4881877e-20
      8161.00   7.4977118e-20
      8162.00   7.5072458e-20
      8163.00   7.5167896e-20
      8164.00   7.5263435e-20
      8165.00   7.5359072e-20
      8166.00   7.5454810e-20
      8167.00   7.5550646e-20
      8168.00   7.5646583e-20
      8169.00   7.5742619e-20
      8170.00   7.5838755e-20
      8171.00   7.5934991e-20
      8172.00   7.6031327e-20
      8173.00   7.6127763e-20
      8174.00   7.6224299e-20
      8175.00   7.6320935e-20
      8176.00   7.6417671e-20
      8177.00   7.6514508e-20
      8178.00   7.6611445e-20
      8179.00   7.6708483e-20
      8180.00   7.6805622e-20
      8181.00   7.6902861e-20
      8182.00   7.7000201e-20
      8183.00   7.7097641e-20
      8184.00   7.7195183e-20
      8185.00   7.7292825e-20
      8186.00   7.7390569e-20
      8187.00   7.7488414e-20
      8188.00   7.7586360e-20
      8189.00   7.7684407e-20
      8190.00   7.7782556e-20
      8191.00   7.7880806e-20
      8192.00   7.7979158e-20
      8193.00   7.8077611e-20
      8194.00   7.8176166e-20
      8195.00   7.8274823e-20
      8196.00   7.8373582e-20
      8197.00   7.8472442e-20
      8198.00   7.8571405e-20
      8199.00   7.8670470e-20
      8200.00   7.8769637e-20
      8201.00   7.8868906e-20
      8202.00   7.8968277e-20
      8203.00   7.9067751e-20
      8204.00   7.9167328e-20
      8205.00   7.9267007e-20
      8206.00   7.9366788e-20
      8207.00   7.9466673e-20
      8208.00   7.9566660e-20
      8209.00   7.9666750e-20
      8210.00   7.9766943e-20
      8211.00   7.9867239e-20
      8212.00   7.9967639e-20
      8213.00   8.0068141e-20
      8214.00   8.0168747e-20
      8215.00   8.0269456e-20
      8216.00   8.0370269e-20
      8217.00   8.0471185e-20
      8218.00   8.0572205e-20
      8219.00   8.0673329e-20
      8220.00   8.0774556e-20
      8221.00   8.0875887e-20
      8222.00   8.0977322e-20
      8223.00   8.1078861e-20
      8224.00   8.1180504e-20
      8225.00   8.1282252e-20
      8226.00   8.1384104e-20
      8227.00   8.1486060e-20
      8228.00   8.1588120e-20
      8229.00   8.1690285e-20
      8230.00   8.1792554e-20
      8231.00   8.1894929e-20
      8232.00   8.1997408e-20
      8233.00   8.2099991e-20
      8234.00   8.2202680e-20
      8235.00   8.2305474e-20
      8236.00   8.2408372e-20
      8237.00   8.2511376e-20
      8238.00   8.2614485e-20
      8239.00   8.2717700e-20
      8240.00   8.2821020e-20
      8241.00   8.2924445e-20
      8242.00   8.3027976e-20
      8243.00   8.3131612e-20
      8244.00   8.3235354e-20
      8245.00   8.3339202e-20
      8246.00   8.3443156e-20
      8247.00   8.3547216e-20
      8248.00   8.3651382e-20
      8249.00   8.3755654e-20
      8250.00   8.3860032e-20
      8251.00   8.3964517e-20
      8252.00   8.4069108e-20
      8253.00   8.4173805e-20
      8254.00   8.4278609e-20
      8255.00   8.4383519e-20
      8256.00   8.4488537e-20
      8257.00   8.4593661e-20
      8258.00   8.4698891e-20
      8259.00   8.4804229e-20
      8260.00   8.4909674e-20
      8261.00   8.5015226e-20
      8262.00   8.5120885e-20
      8263.00   8.5226651e-20
      8264.00   8.5332525e-20
      8265.00   8.5438506e-20
      8266.00   8.5544595e-20
      8267.00   8.5650791e-20
      8268.00   8.5757095e-20
      8269.00   8.5863507e-20
      8270.00   8.5970026e-20
      8271.00   8.6076654e-20
      8272.00   8.6183389e-20
      8273.00   8.6290233e-20
      8274.00   8.6397185e-20
      8275.00   8.6504245e-20
      8276.00   8.6611413e-20
      8277.00   8.6718690e-20
      8278.00   8.6826075e-20
      8279.00   8.6933569e-20
      8280.00   8.7041171e-20
      8281.00   8.7148883e-20
      8282.00   8.7256703e-20
      8283.00   8.7364632e-20
      8284.00   8.7472670e-20
      8285.00   8.7580817e-20
      8286.00   8.7689073e-20
      8287.00   8.7797439e-20
      8288.00   8.7905914e-20
      8289.00   8.8014498e-20
      8290.00   8.8123192e-20
      8291.00   8.8231995e-20
      8292.00   8.8340908e-20
      8293.00   8.8449931e-20
      8294.00   8.8559063e-20
      8295.00   8.8668306e-20
      8296.00   8.8777658e-20
      8297.00   8.8887121e-20
      8298.00   8.8996694e-20
      8299.00   8.9106377e-20
      8300.00   8.9216170e-20
      8301.00   8.9326074e-20
      8302.00   8.9436088e-20
      8303.00   8.9546213e-20
      8304.00   8.9656448e-20
      8305.00   8.9766795e-20
      8306.00   8.9877252e-20
      8307.00   8.9987820e-20
      8308.00   9.0098499e-20
      8309.00   9.0209289e-20
      8310.00   9.0320190e-20
      8311.00   9.0431203e-20
      8312.00   9.0542326e-20
      8313.00   9.0653562e-20
      8314.00   9.0764908e-20
      8315.00   9.0876367e-20
      8316.00   9.0987937e-20
      8317.00   9.1099618e-20
      8318.00   9.1211412e-20
      8319.00   9.1323318e-20
      8320.00   9.1435335e-20
      8321.00   9.1547465e-20
      8322.00   9.1659706e-20
      8323.00   9.1772060e-20
      8324.00   9.1884527e-20
      8325.00   9.1997106e-20
      8326.00   9.2109797e-20
      8327.00   9.2222601e-20
      8328.00   9.2335518e-20
      8329.00   9.2448547e-20
      8330.00   9.2561689e-20
      8331.00   9.2674944e-20
      8332.00   9.2788312e-20
      8333.00   9.2901794e-20
      8334.00   9.3015388e-20
      8335.00   9.3129096e-20
      8336.00   9.3242917e-20
      8337.00   9.3356852e-20
      8338.00   9.3470900e-20
      8339.00   9.3585061e-20
      8340.00   9.3699337e-20
      8341.00   9.3813726e-20
      8342.00   9.3928229e-20
      8343.00   9.4042846e-20
      8344.00   9.4157577e-20
      8345.00   9.4272422e-20
      8346.00   9.4387381e-20
      8347.00   9.4502455e-20
      8348.00   9.4617643e-20
      8349.00   9.4732946e-20
      8350.00   9.4848363e-20
      8351.00   9.4963894e-20
      8352.00   9.5079541e-20
      8353.00   9.5195302e-20
      8354.00   9.5311178e-20
      8355.00   9.5427169e-20
      8356.00   9.5543275e-20
      8357.00   9.5659497e-20
      8358.00   9.5775833e-20
      8359.00   9.5892285e-20
      8360.00   9.6008852e-20
      8361.00   9.6125535e-20
      8362.00   9.6242333e-20
      8363.00   9.6359247e-20
      8364.00   9.6476277e-20
      8365.00   9.6593422e-20
      8366.00   9.6710684e-20
      8367.00   9.6828061e-20
      8368.00   9.6945555e-20
      8369.00   9.7063165e-20
      8370.00   9.7180891e-20
      8371.00   9.7298733e-20
      8372.00   9.7416692e-20
      8373.00   9.7534767e-20
      8374.00   9.7652959e-20
      8375.00   9.7771268e-20
      8376.00   9.7889693e-20
      8377.00   9.8008236e-20
      8378.00   9.8126895e-20
      8379.00   9.8245671e-20
      8380.00   9.8364565e-20
      8381.00   9.8483575e-20
      8382.00   9.8602703e-20
      8383.00   9.8721948e-20
      8384.00   9.8841311e-20
      8385.00   9.8960792e-20
      8386.00   9.9080390e-20
      8387.00   9.9200105e-20
      8388.00   9.9319939e-20
      8389.00   9.9439890e-20
      8390.00   9.9559960e-20
      8391.00   9.9680147e-20
      8392.00   9.9800453e-20
      8393.00   9.9920877e-20
      8394.00   1.0004142e-19
      8395.00   1.0016208e-19
      8396.00   1.0028286e-19
      8397.00   1.0040376e-19
      8398.00   1.0052477e-19
      8399.00   1.0064591e-19
      8400.00   1.0076716e-19
      8401.00   1.0088854e-19
      8402.00   1.0101003e-19
      8403.00   1.0113164e-19
      8404.00   1.0125337e-19
      8405.00   1.0137522e-19
      8406.00   1.0149719e-19
      8407.00   1.0161928e-19
      8408.00   1.0174149e-19
      8409.00   1.0186381e-19
      8410.00   1.0198626e-19
      8411.00   1.0210883e-19
      8412.00   1.0223152e-19
      8413.00   1.0235432e-19
      8414.00   1.0247725e-19
      8415.00   1.0260030e-19
      8416.00   1.0272347e-19
      8417.00   1.0284676e-19
      8418.00   1.0297016e-19
      8419.00   1.0309369e-19
      8420.00   1.0321734e-19
      8421.00   1.0334111e-19
      8422.00   1.0346501e-19
      8423.00   1.0358902e-19
      8424.00   1.0371315e-19
      8425.00   1.0383740e-19
      8426.00   1.0396178e-19
      8427.00   1.0408628e-19
      8428.00   1.0421090e-19
      8429.00   1.0433563e-19
      8430.00   1.0446050e-19
      8431.00   1.0458548e-19
      8432.00   1.0471058e-19
      8433.00   1.0483581e-19
      8434.00   1.0496116e-19
      8435.00   1.0508663e-19
      8436.00   1.0521222e-19
      8437.00   1.0533793e-19
      8438.00   1.0546377e-19
      8439.00   1.0558973e-19
      8440.00   1.0571581e-19
      8441.00   1.0584201e-19
      8442.00   1.0596834e-19
      8443.00   1.0609478e-19
      8444.00   1.0622136e-19
      8445.00   1.0634805e-19
      8446.00   1.0647487e-19
      8447.00   1.0660181e-19
      8448.00   1.0672887e-19
      8449.00   1.0685606e-19
      8450.00   1.0698337e-19
      8451.00   1.0711080e-19
      8452.00   1.0723835e-19
      8453.00   1.0736603e-19
      8454.00   1.0749384e-19
      8455.00   1.0762177e-19
      8456.00   1.0774982e-19
      8457.00   1.0787799e-19
      8458.00   1.0800629e-19
      8459.00   1.0813471e-19
      8460.00   1.0826326e-19
      8461.00   1.0839193e-19
      8462.00   1.0852073e-19
      8463.00   1.0864965e-19
      8464.00   1.0877869e-19
      8465.00   1.0890786e-19
      8466.00   1.0903716e-19
      8467.00   1.0916658e-19
      8468.00   1.0929612e-19
      8469.00   1.0942579e-19
      8470.00   1.0955558e-19
      8471.00   1.0968550e-19
      8472.00   1.0981555e-19
      8473.00   1.0994572e-19
      8474.00   1.1007601e-19
      8475.00   1.1020643e-19
      8476.00   1.1033698e-19
      8477.00   1.1046765e-19
      8478.00   1.1059845e-19
      8479.00   1.1072937e-19
      8480.00   1.1086042e-19
      8481.00   1.1099160e-19
      8482.00   1.1112290e-19
      8483.00   1.1125433e-19
      8484.00   1.1138588e-19
      8485.00   1.1151756e-19
      8486.00   1.1164937e-19
      8487.00   1.1178130e-19
      8488.00   1.1191336e-19
      8489.00   1.1204555e-19
      8490.00   1.1217786e-19
      8491.00   1.1231030e-19
      8492.00   1.1244287e-19
      8493.00   1.1257557e-19
      8494.00   1.1270839e-19
      8495.00   1.1284134e-19
      8496.00   1.1297442e-19
      8497.00   1.1310762e-19
      8498.00   1.1324096e-19
      8499.00   1.1337442e-19
      8500.00   1.1350800e-19
      8501.00   1.1364172e-19
      8502.00   1.1377556e-19
      8503.00   1.1390954e-19
      8504.00   1.1404364e-19
      8505.00   1.1417786e-19
      8506.00   1.1431222e-19
      8507.00   1.1444671e-19
      8508.00   1.1458132e-19
      8509.00   1.1471606e-19
      8510.00   1.1485093e-19
      8511.00   1.1498593e-19
      8512.00   1.1512106e-19
      8513.00   1.1525632e-19
      8514.00   1.1539170e-19
      8515.00   1.1552722e-19
      8516.00   1.1566287e-19
      8517.00   1.1579864e-19
      8518.00   1.1593454e-19
      8519.00   1.1607058e-19
      8520.00   1.1620674e-19
      8521.00   1.1634303e-19
      8522.00   1.1647945e-19
      8523.00   1.1661601e-19
      8524.00   1.1675269e-19
      8525.00   1.1688950e-19
      8526.00   1.1702644e-19
      8527.00   1.1716352e-19
      8528.00   1.1730072e-19
      8529.00   1.1743805e-19
      8530.00   1.1757552e-19
      8531.00   1.1771311e-19
      8532.00   1.1785084e-19
      8533.00   1.1798869e-19
      8534.00   1.1812668e-19
      8535.00   1.1826480e-19
      8536.00   1.1840305e-19
      8537.00   1.1854143e-19
      8538.00   1.1867994e-19
      8539.00   1.1881858e-19
      8540.00   1.1895736e-19
      8541.00   1.1909627e-19
      8542.00   1.1923530e-19
      8543.00   1.1937447e-19
      8544.00   1.1951377e-19
      8545.00   1.1965321e-19
      8546.00   1.1979277e-19
      8547.00   1.1993247e-19
      8548.00   1.2007230e-19
      8549.00   1.2021226e-19
      8550.00   1.2035236e-19
      8551.00   1.2049258e-19
      8552.00   1.2063294e-19
      8553.00   1.2077343e-19
      8554.00   1.2091406e-19
      8555.00   1.2105482e-19
      8556.00   1.2119571e-19
      8557.00   1.2133673e-19
      8558.00   1.2147789e-19
      8559.00   1.2161918e-19
      8560.00   1.2176060e-19
      8561.00   1.2190216e-19
      8562.00   1.2204385e-19
      8563.00   1.2218567e-19
      8564.00   1.2232763e-19
      8565.00   1.2246972e-19
      8566.00   1.2261195e-19
      8567.00   1.2275430e-19
      8568.00   1.2289680e-19
      8569.00   1.2303943e-19
      8570.00   1.2318219e-19
      8571.00   1.2332508e-19
      8572.00   1.2346811e-19
      8573.00   1.2361128e-19
      8574.00   1.2375458e-19
      8575.00   1.2389801e-19
      8576.00   1.2404158e-19
      8577.00   1.2418529e-19
      8578.00   1.2432913e-19
      8579.00   1.2447310e-19
      8580.00   1.2461721e-19
      8581.00   1.2476145e-19
      8582.00   1.2490583e-19
      8583.00   1.2505035e-19
      8584.00   1.2519500e-19
      8585.00   1.2533979e-19
      8586.00   1.2548471e-19
      8587.00   1.2562977e-19
      8588.00   1.2577496e-19
      8589.00   1.2592029e-19
      8590.00   1.2606576e-19
      8591.00   1.2621136e-19
      8592.00   1.2635710e-19
      8593.00   1.2650298e-19
      8594.00   1.2664899e-19
      8595.00   1.2679514e-19
      8596.00   1.2694143e-19
      8597.00   1.2708785e-19
      8598.00   1.2723441e-19
      8599.00   1.2738110e-19
      8600.00   1.2752794e-19
      8601.00   1.2767491e-19
      8602.00   1.2782201e-19
      8603.00   1.2796926e-19
      8604.00   1.2811664e-19
      8605.00   1.2826416e-19
      8606.00   1.2841182e-19
      8607.00   1.2855962e-19
      8608.00   1.2870755e-19
      8609.00   1.2885562e-19
      8610.00   1.2900383e-19
      8611.00   1.2915218e-19
      8612.00   1.2930066e-19
      8613.00   1.2944929e-19
      8614.00   1.2959805e-19
      8615.00   1.2974695e-19
      8616.00   1.2989599e-19
      8617.00   1.3004517e-19
      8618.00   1.3019449e-19
      8619.00   1.3034394e-19
      8620.00   1.3049354e-19
      8621.00   1.3064327e-19
      8622.00   1.3079315e-19
      8623.00   1.3094316e-19
      8624.00   1.3109331e-19
      8625.00   1.3124360e-19
      8626.00   1.3139403e-19
      8627.00   1.3154460e-19
      8628.00   1.3169531e-19
      8629.00   1.3184616e-19
      8630.00   1.3199716e-19
      8631.00   1.3214829e-19
      8632.00   1.3229956e-19
      8633.00   1.3245097e-19
      8634.00   1.3260252e-19
      8635.00   1.3275421e-19
      8636.00   1.3290604e-19
      8637.00   1.3305801e-19
      8638.00   1.3321013e-19
      8639.00   1.3336238e-19
      8640.00   1.3351478e-19
      8641.00   1.3366731e-19
      8642.00   1.3381999e-19
      8643.00   1.3397281e-19
      8644.00   1.3412577e-19
      8645.00   1.3427887e-19
      8646.00   1.3443211e-19
      8647.00   1.3458550e-19
      8648.00   1.3473902e-19
      8649.00   1.3489269e-19
      8650.00   1.3504650e-19
      8651.00   1.3520045e-19
      8652.00   1.3535455e-19
      8653.00   1.3550878e-19
      8654.00   1.3566316e-19
      8655.00   1.3581768e-19
      8656.00   1.3597235e-19
      8657.00   1.3612715e-19
      8658.00   1.3628210e-19
      8659.00   1.3643719e-19
      8660.00   1.3659243e-19
      8661.00   1.3674780e-19
      8662.00   1.3690332e-19
      8663.00   1.3705899e-19
      8664.00   1.3721479e-19
      8665.00   1.3737074e-19
      8666.00   1.3752684e-19
      8667.00   1.3768307e-19
      8668.00   1.3783945e-19
      8669.00   1.3799598e-19
      8670.00   1.3815264e-19
      8671.00   1.3830946e-19
      8672.00   1.3846641e-19
      8673.00   1.3862351e-19
      8674.00   1.3878076e-19
      8675.00   1.3893815e-19
      8676.00   1.3909568e-19
      8677.00   1.3925336e-19
      8678.00   1.3941118e-19
      8679.00   1.3956914e-19
      8680.00   1.3972726e-19
      8681.00   1.3988551e-19
      8682.00   1.4004391e-19
      8683.00   1.4020246e-19
      8684.00   1.4036115e-19
      8685.00   1.4051999e-19
      8686.00   1.4067897e-19
      8687.00   1.4083810e-19
      8688.00   1.4099737e-19
      8689.00   1.4115679e-19
      8690.00   1.4131636e-19
      8691.00   1.4147607e-19
      8692.00   1.4163593e-19
      8693.00   1.4179593e-19
      8694.00   1.4195608e-19
      8695.00   1.4211638e-19
      8696.00   1.4227682e-19
      8697.00   1.4243741e-19
      8698.00   1.4259814e-19
      8699.00   1.4275902e-19
      8700.00   1.4292005e-19
      8701.00   1.4308123e-19
      8702.00   1.4324255e-19
      8703.00   1.4340402e-19
      8704.00   1.4356564e-19
      8705.00   1.4372740e-19
      8706.00   1.4388931e-19
      8707.00   1.4405137e-19
      8708.00   1.4421358e-19
      8709.00   1.4437593e-19
      8710.00   1.4453843e-19
      8711.00   1.4470108e-19
      8712.00   1.4486388e-19
      8713.00   1.4502683e-19
      8714.00   1.4518992e-19
      8715.00   1.4535316e-19
      8716.00   1.4551655e-19
      8717.00   1.4568009e-19
      8718.00   1.4584378e-19
      8719.00   1.4600761e-19
      8720.00   1.4617160e-19
      8721.00   1.4633573e-19
      8722.00   1.4650002e-19
      8723.00   1.4666445e-19
      8724.00   1.4682903e-19
      8725.00   1.4699376e-19
      8726.00   1.4715864e-19
      8727.00   1.4732367e-19
      8728.00   1.4748885e-19
      8729.00   1.4765418e-19
      8730.00   1.4781965e-19
      8731.00   1.4798528e-19
      8732.00   1.4815106e-19
      8733.00   1.4831699e-19
      8734.00   1.4848307e-19
      8735.00   1.4864929e-19
      8736.00   1.4881567e-19
      8737.00   1.4898220e-19
      8738.00   1.4914888e-19
      8739.00   1.4931571e-19
      8740.00   1.4948269e-19
      8741.00   1.4964983e-19
      8742.00   1.4981711e-19
      8743.00   1.4998454e-19
      8744.00   1.5015213e-19
      8745.00   1.5031987e-19
      8746.00   1.5048775e-19
      8747.00   1.5065579e-19
      8748.00   1.5082398e-19
      8749.00   1.5099233e-19
      8750.00   1.5116082e-19
      8751.00   1.5132947e-19
      8752.00   1.5149827e-19
      8753.00   1.5166722e-19
      8754.00   1.5183632e-19
      8755.00   1.5200557e-19
      8756.00   1.5217498e-19
      8757.00   1.5234454e-19
      8758.00   1.5251425e-19
      8759.00   1.5268412e-19
      8760.00   1.5285413e-19
      8761.00   1.5302431e-19
      8762.00   1.5319463e-19
      8763.00   1.5336511e-19
      8764.00   1.5353574e-19
      8765.00   1.5370652e-19
      8766.00   1.5387745e-19
      8767.00   1.5404854e-19
      8768.00   1.5421979e-19
      8769.00   1.5439119e-19
      8770.00   1.5456274e-19
      8771.00   1.5473444e-19
      8772.00   1.5490630e-19
      8773.00   1.5507831e-19
      8774.00   1.5525048e-19
      8775.00   1.5542280e-19
      8776.00   1.5559528e-19
      8777.00   1.5576791e-19
      8778.00   1.5594069e-19
      8779.00   1.5611363e-19
      8780.00   1.5628673e-19
      8781.00   1.5645998e-19
      8782.00   1.5663338e-19
      8783.00   1.5680694e-19
      8784.00   1.5698066e-19
      8785.00   1.5715453e-19
      8786.00   1.5732855e-19
      8787.00   1.5750273e-19
      8788.00   1.5767707e-19
      8789.00   1.5785156e-19
      8790.00   1.5802621e-19
      8791.00   1.5820101e-19
      8792.00   1.5837597e-19
      8793.00   1.5855109e-19
      8794.00   1.5872636e-19
      8795.00   1.5890179e-19
      8796.00   1.5907738e-19
      8797.00   1.5925312e-19
      8798.00   1.5942902e-19
      8799.00   1.5960507e-19
      8800.00   1.5978129e-19
      8801.00   1.5995765e-19
      8802.00   1.6013418e-19
      8803.00   1.6031086e-19
      8804.00   1.6048770e-19
      8805.00   1.6066470e-19
      8806.00   1.6084186e-19
      8807.00   1.6101917e-19
      8808.00   1.6119664e-19
      8809.00   1.6137427e-19
      8810.00   1.6155206e-19
      8811.00   1.6173000e-19
      8812.00   1.6190810e-19
      8813.00   1.6208636e-19
      8814.00   1.6226478e-19
      8815.00   1.6244336e-19
      8816.00   1.6262210e-19
      8817.00   1.6280099e-19
      8818.00   1.6298004e-19
      8819.00   1.6315926e-19
      8820.00   1.6333863e-19
      8821.00   1.6351816e-19
      8822.00   1.6369784e-19
      8823.00   1.6387769e-19
      8824.00   1.6405770e-19
      8825.00   1.6423787e-19
      8826.00   1.6441819e-19
      8827.00   1.6459868e-19
      8828.00   1.6477933e-19
      8829.00   1.6496013e-19
      8830.00   1.6514110e-19
      8831.00   1.6532222e-19
      8832.00   1.6550351e-19
      8833.00   1.6568495e-19
      8834.00   1.6586656e-19
      8835.00   1.6604833e-19
      8836.00   1.6623026e-19
      8837.00   1.6641234e-19
      8838.00   1.6659459e-19
      8839.00   1.6677700e-19
      8840.00   1.6695957e-19
      8841.00   1.6714231e-19
      8842.00   1.6732520e-19
      8843.00   1.6750825e-19
      8844.00   1.6769147e-19
      8845.00   1.6787485e-19
      8846.00   1.6805838e-19
      8847.00   1.6824209e-19
      8848.00   1.6842595e-19
      8849.00   1.6860997e-19
      8850.00   1.6879416e-19
      8851.00   1.6897851e-19
      8852.00   1.6916302e-19
      8853.00   1.6934769e-19
      8854.00   1.6953253e-19
      8855.00   1.6971753e-19
      8856.00   1.6990269e-19
      8857.00   1.7008801e-19
      8858.00   1.7027350e-19
      8859.00   1.7045915e-19
      8860.00   1.7064496e-19
      8861.00   1.7083093e-19
      8862.00   1.7101707e-19
      8863.00   1.7120338e-19
      8864.00   1.7138984e-19
      8865.00   1.7157647e-19
      8866.00   1.7176326e-19
      8867.00   1.7195022e-19
      8868.00   1.7213734e-19
      8869.00   1.7232463e-19
      8870.00   1.7251208e-19
      8871.00   1.7269969e-19
      8872.00   1.7288747e-19
      8873.00   1.7307541e-19
      8874.00   1.7326352e-19
      8875.00   1.7345179e-19
      8876.00   1.7364022e-19
      8877.00   1.7382882e-19
      8878.00   1.7401759e-19
      8879.00   1.7420652e-19
      8880.00   1.7439562e-19
      8881.00   1.7458488e-19
      8882.00   1.7477431e-19
      8883.00   1.7496390e-19
      8884.00   1.7515366e-19
      8885.00   1.7534358e-19
      8886.00   1.7553367e-19
      8887.00   1.7572392e-19
      8888.00   1.7591435e-19
      8889.00   1.7610493e-19
      8890.00   1.7629569e-19
      8891.00   1.7648661e-19
      8892.00   1.7667769e-19
      8893.00   1.7686895e-19
      8894.00   1.7706037e-19
      8895.00   1.7725195e-19
      8896.00   1.7744371e-19
      8897.00   1.7763563e-19
      8898.00   1.7782772e-19
      8899.00   1.7801997e-19
      8900.00   1.7821239e-19
      8901.00   1.7840498e-19
      8902.00   1.7859774e-19
      8903.00   1.7879066e-19
      8904.00   1.7898376e-19
      8905.00   1.7917702e-19
      8906.00   1.7937044e-19
      8907.00   1.7956404e-19
      8908.00   1.7975780e-19
      8909.00   1.7995174e-19
      8910.00   1.8014584e-19
      8911.00   1.8034011e-19
      8912.00   1.8053455e-19
      8913.00   1.8072915e-19
      8914.00   1.8092393e-19
      8915.00   1.8111887e-19
      8916.00   1.8131399e-19
      8917.00   1.8150927e-19
      8918.00   1.8170472e-19
      8919.00   1.8190034e-19
      8920.00   1.8209613e-19
      8921.00   1.8229209e-19
      8922.00   1.8248822e-19
      8923.00   1.8268452e-19
      8924.00   1.8288099e-19
      8925.00   1.8307763e-19
      8926.00   1.8327444e-19
      8927.00   1.8347142e-19
      8928.00   1.8366857e-19
      8929.00   1.8386589e-19
      8930.00   1.8406338e-19
      8931.00   1.8426104e-19
      8932.00   1.8445888e-19
      8933.00   1.8465688e-19
      8934.00   1.8485505e-19
      8935.00   1.8505340e-19
      8936.00   1.8525191e-19
      8937.00   1.8545060e-19
      8938.00   1.8564946e-19
      8939.00   1.8584849e-19
      8940.00   1.8604769e-19
      8941.00   1.8624707e-19
      8942.00   1.8644661e-19
      8943.00   1.8664633e-19
      8944.00   1.8684622e-19
      8945.00   1.8704628e-19
      8946.00   1.8724651e-19
      8947.00   1.8744692e-19
      8948.00   1.8764750e-19
      8949.00   1.8784825e-19
      8950.00   1.8804917e-19
      8951.00   1.8825027e-19
      8952.00   1.8845154e-19
      8953.00   1.8865298e-19
      8954.00   1.8885460e-19
      8955.00   1.8905639e-19
      8956.00   1.8925835e-19
      8957.00   1.8946048e-19
      8958.00   1.8966279e-19
      8959.00   1.8986528e-19
      8960.00   1.9006793e-19
      8961.00   1.9027076e-19
      8962.00   1.9047377e-19
      8963.00   1.9067694e-19
      8964.00   1.9088030e-19
      8965.00   1.9108382e-19
      8966.00   1.9128753e-19
      8967.00   1.9149140e-19
      8968.00   1.9169545e-19
      8969.00   1.9189968e-19
      8970.00   1.9210408e-19
      8971.00   1.9230865e-19
      8972.00   1.9251340e-19
      8973.00   1.9271833e-19
      8974.00   1.9292343e-19
      8975.00   1.9312870e-19
      8976.00   1.9333416e-19
      8977.00   1.9353978e-19
      8978.00   1.9374558e-19
      8979.00   1.9395156e-19
      8980.00   1.9415772e-19
      8981.00   1.9436405e-19
      8982.00   1.9457056e-19
      8983.00   1.9477724e-19
      8984.00   1.9498410e-19
      8985.00   1.9519113e-19
      8986.00   1.9539835e-19
      8987.00   1.9560573e-19
      8988.00   1.9581330e-19
      8989.00   1.9602104e-19
      8990.00   1.9622896e-19
      8991.00   1.9643706e-19
      8992.00   1.9664533e-19
      8993.00   1.9685379e-19
      8994.00   1.9706242e-19
      8995.00   1.9727122e-19
      8996.00   1.9748021e-19
      8997.00   1.9768937e-19
      8998.00   1.9789871e-19
      8999.00   1.9810823e-19
      9000.00   1.9831792e-19
      9001.00   1.9852780e-19
      9002.00   1.9873785e-19
      9003.00   1.9894808e-19
      9004.00   1.9915849e-19
      9005.00   1.9936908e-19
      9006.00   1.9957985e-19
      9007.00   1.9979079e-19
      9008.00   2.0000192e-19
      9009.00   2.0021322e-19
      9010.00   2.0042471e-19
      9011.00   2.0063637e-19
      9012.00   2.0084821e-19
      9013.00   2.0106023e-19
      9014.00   2.0127244e-19
      9015.00   2.0148482e-19
      9016.00   2.0169738e-19
      9017.00   2.0191012e-19
      9018.00   2.0212304e-19
      9019.00   2.0233614e-19
      9020.00   2.0254943e-19
      9021.00   2.0276289e-19
      9022.00   2.0297653e-19
      9023.00   2.0319035e-19
      9024.00   2.0340436e-19
      9025.00   2.0361854e-19
      9026.00   2.0383291e-19
      9027.00   2.0404746e-19
      9028.00   2.0426219e-19
      9029.00   2.0447710e-19
      9030.00   2.0469219e-19
      9031.00   2.0490746e-19
      9032.00   2.0512292e-19
      9033.00   2.0533855e-19
      9034.00   2.0555437e-19
      9035.00   2.0577037e-19
      9036.00   2.0598656e-19
      9037.00   2.0620292e-19
      9038.00   2.0641947e-19
      9039.00   2.0663620e-19
      9040.00   2.0685311e-19
      9041.00   2.0707020e-19
      9042.00   2.0728748e-19
      9043.00   2.0750494e-19
      9044.00   2.0772259e-19
      9045.00   2.0794041e-19
      9046.00   2.0815842e-19
      9047.00   2.0837662e-19
      9048.00   2.0859499e-19
      9049.00   2.0881355e-19
      9050.00   2.0903230e-19
      9051.00   2.0925123e-19
      9052.00   2.0947034e-19
      9053.00   2.0968963e-19
      9054.00   2.0990911e-19
      9055.00   2.1012878e-19
      9056.00   2.1034863e-19
      9057.00   2.1056866e-19
      9058.00   2.1078888e-19
      9059.00   2.1100928e-19
      9060.00   2.1122987e-19
      9061.00   2.1145064e-19
      9062.00   2.1167160e-19
      9063.00   2.1189274e-19
      9064.00   2.1211407e-19
      9065.00   2.1233558e-19
      9066.00   2.1255728e-19
      9067.00   2.1277916e-19
      9068.00   2.1300123e-19
      9069.00   2.1322349e-19
      9070.00   2.1344593e-19
      9071.00   2.1366855e-19
      9072.00   2.1389137e-19
      9073.00   2.1411437e-19
      9074.00   2.1433755e-19
      9075.00   2.1456093e-19
      9076.00   2.1478449e-19
      9077.00   2.1500823e-19
      9078.00   2.1523216e-19
      9079.00   2.1545628e-19
      9080.00   2.1568059e-19
      9081.00   2.1590509e-19
      9082.00   2.1612977e-19
      9083.00   2.1635464e-19
      9084.00   2.1657969e-19
      9085.00   2.1680494e-19
      9086.00   2.1703037e-19
      9087.00   2.1725599e-19
      9088.00   2.1748179e-19
      9089.00   2.1770779e-19
      9090.00   2.1793397e-19
      9091.00   2.1816035e-19
      9092.00   2.1838691e-19
      9093.00   2.1861366e-19
      9094.00   2.1884059e-19
      9095.00   2.1906772e-19
      9096.00   2.1929503e-19
      9097.00   2.1952254e-19
      9098.00   2.1975023e-19
      9099.00   2.1997812e-19
      9100.00   2.2020619e-19
      9101.00   2.2043445e-19
      9102.00   2.2066290e-19
      9103.00   2.2089154e-19
      9104.00   2.2112037e-19
      9105.00   2.2134939e-19
      9106.00   2.2157860e-19
      9107.00   2.2180800e-19
      9108.00   2.2203759e-19
      9109.00   2.2226737e-19
      9110.00   2.2249734e-19
      9111.00   2.2272751e-19
      9112.00   2.2295786e-19
      9113.00   2.2318840e-19
      9114.00   2.2341914e-19
      9115.00   2.2365006e-19
      9116.00   2.2388118e-19
      9117.00   2.2411249e-19
      9118.00   2.2434399e-19
      9119.00   2.2457568e-19
      9120.00   2.2480756e-19
      9121.00   2.2503964e-19
      9122.00   2.2527190e-19
      9123.00   2.2550436e-19
      9124.00   2.2573701e-19
      9125.00   2.2596985e-19
      9126.00   2.2620289e-19
      9127.00   2.2643611e-19
      9128.00   2.2666953e-19
      9129.00   2.2690315e-19
      9130.00   2.2713695e-19
      9131.00   2.2737095e-19
      9132.00   2.2760514e-19
      9133.00   2.2783952e-19
      9134.00   2.2807410e-19
      9135.00   2.2830887e-19
      9136.00   2.2854384e-19
      9137.00   2.2877899e-19
      9138.00   2.2901434e-19
      9139.00   2.2924989e-19
      9140.00   2.2948563e-19
      9141.00   2.2972156e-19
      9142.00   2.2995769e-19
      9143.00   2.3019401e-19
      9144.00   2.3043053e-19
      9145.00   2.3066724e-19
      9146.00   2.3090414e-19
      9147.00   2.3114124e-19
      9148.00   2.3137854e-19
      9149.00   2.3161602e-19
      9150.00   2.3185371e-19
      9151.00   2.3209159e-19
      9152.00   2.3232966e-19
      9153.00   2.3256793e-19
      9154.00   2.3280640e-19
      9155.00   2.3304506e-19
      9156.00   2.3328392e-19
      9157.00   2.3352297e-19
      9158.00   2.3376222e-19
      9159.00   2.3400167e-19
      9160.00   2.3424131e-19
      9161.00   2.3448115e-19
      9162.00   2.3472118e-19
      9163.00   2.3496141e-19
      9164.00   2.3520184e-19
      9165.00   2.3544246e-19
      9166.00   2.3568328e-19
      9167.00   2.3592430e-19
      9168.00   2.3616552e-19
      9169.00   2.3640693e-19
      9170.00   2.3664854e-19
      9171.00   2.3689035e-19
      9172.00   2.3713235e-19
      9173.00   2.3737456e-19
      9174.00   2.3761696e-19
      9175.00   2.3785956e-19
      9176.00   2.3810235e-19
      9177.00   2.3834535e-19
      9178.00   2.3858854e-19
      9179.00   2.3883194e-19
      9180.00   2.3907553e-19
      9181.00   2.3931931e-19
      9182.00   2.3956330e-19
      9183.00   2.3980749e-19
      9184.00   2.4005188e-19
      9185.00   2.4029646e-19
      9186.00   2.4054125e-19
      9187.00   2.4078623e-19
      9188.00   2.4103141e-19
      9189.00   2.4127679e-19
      9190.00   2.4152238e-19
      9191.00   2.4176816e-19
      9192.00   2.4201414e-19
      9193.00   2.4226032e-19
      9194.00   2.4250671e-19
      9195.00   2.4275329e-19
      9196.00   2.4300007e-19
      9197.00   2.4324706e-19
      9198.00   2.4349424e-19
      9199.00   2.4374163e-19
      9200.00   2.4398921e-19
      9201.00   2.4423700e-19
      9202.00   2.4448499e-19
      9203.00   2.4473318e-19
      9204.00   2.4498157e-19
      9205.00   2.4523016e-19
      9206.00   2.4547896e-19
      9207.00   2.4572795e-19
      9208.00   2.4597715e-19
      9209.00   2.4622655e-19
      9210.00   2.4647615e-19
      9211.00   2.4672595e-19
      9212.00   2.4697596e-19
      9213.00   2.4722617e-19
      9214.00   2.4747658e-19
      9215.00   2.4772719e-19
      9216.00   2.4797801e-19
      9217.00   2.4822903e-19
      9218.00   2.4848025e-19
      9219.00   2.4873168e-19
      9220.00   2.4898331e-19
      9221.00   2.4923514e-19
      9222.00   2.4948717e-19
      9223.00   2.4973941e-19
      9224.00   2.4999186e-19
      9225.00   2.5024450e-19
      9226.00   2.5049735e-19
      9227.00   2.5075041e-19
      9228.00   2.5100367e-19
      9229.00   2.5125713e-19
      9230.00   2.5151080e-19
      9231.00   2.5176467e-19
      9232.00   2.5201875e-19
      9233.00   2.5227303e-19
      9234.00   2.5252752e-19
      9235.00   2.5278221e-19
      9236.00   2.5303711e-19
      9237.00   2.5329221e-19
      9238.00   2.5354752e-19
      9239.00   2.5380303e-19
      9240.00   2.5405875e-19
      9241.00   2.5431467e-19
      9242.00   2.5457081e-19
      9243.00   2.5482714e-19
      9244.00   2.5508368e-19
      9245.00   2.5534043e-19
      9246.00   2.5559739e-19
      9247.00   2.5585455e-19
      9248.00   2.5611192e-19
      9249.00   2.5636949e-19
      9250.00   2.5662727e-19
      9251.00   2.5688526e-19
      9252.00   2.5714346e-19
      9253.00   2.5740186e-19
      9254.00   2.5766047e-19
      9255.00   2.5791929e-19
      9256.00   2.5817831e-19
      9257.00   2.5843755e-19
      9258.00   2.5869699e-19
      9259.00   2.5895664e-19
      9260.00   2.5921649e-19
      9261.00   2.5947656e-19
      9262.00   2.5973683e-19
      9263.00   2.5999731e-19
      9264.00   2.6025800e-19
      9265.00   2.6051890e-19
      9266.00   2.6078001e-19
      9267.00   2.6104132e-19
      9268.00   2.6130285e-19
      9269.00   2.6156458e-19
      9270.00   2.6182652e-19
      9271.00   2.6208868e-19
      9272.00   2.6235104e-19
      9273.00   2.6261361e-19
      9274.00   2.6287639e-19
      9275.00   2.6313938e-19
      9276.00   2.6340258e-19
      9277.00   2.6366599e-19
      9278.00   2.6392961e-19
      9279.00   2.6419345e-19
      9280.00   2.6445749e-19
      9281.00   2.6472174e-19
      9282.00   2.6498620e-19
      9283.00   2.6525088e-19
      9284.00   2.6551576e-19
      9285.00   2.6578086e-19
      9286.00   2.6604616e-19
      9287.00   2.6631168e-19
      9288.00   2.6657741e-19
      9289.00   2.6684335e-19
      9290.00   2.6710950e-19
      9291.00   2.6737587e-19
      9292.00   2.6764245e-19
      9293.00   2.6790923e-19
      9294.00   2.6817623e-19
      9295.00   2.6844345e-19
      9296.00   2.6871087e-19
      9297.00   2.6897851e-19
      9298.00   2.6924636e-19
      9299.00   2.6951442e-19
      9300.00   2.6978270e-19
      9301.00   2.7005118e-19
      9302.00   2.7031989e-19
      9303.00   2.7058880e-19
      9304.00   2.7085793e-19
      9305.00   2.7112727e-19
      9306.00   2.7139682e-19
      9307.00   2.7166659e-19
      9308.00   2.7193658e-19
      9309.00   2.7220677e-19
      9310.00   2.7247718e-19
      9311.00   2.7274781e-19
      9312.00   2.7301864e-19
      9313.00   2.7328970e-19
      9314.00   2.7356097e-19
      9315.00   2.7383245e-19
      9316.00   2.7410415e-19
      9317.00   2.7437606e-19
      9318.00   2.7464818e-19
      9319.00   2.7492053e-19
      9320.00   2.7519308e-19
      9321.00   2.7546586e-19
      9322.00   2.7573884e-19
      9323.00   2.7601205e-19
      9324.00   2.7628547e-19
      9325.00   2.7655910e-19
      9326.00   2.7683295e-19
      9327.00   2.7710702e-19
      9328.00   2.7738131e-19
      9329.00   2.7765581e-19
      9330.00   2.7793052e-19
      9331.00   2.7820546e-19
      9332.00   2.7848061e-19
      9333.00   2.7875597e-19
      9334.00   2.7903156e-19
      9335.00   2.7930736e-19
      9336.00   2.7958338e-19
      9337.00   2.7985961e-19
      9338.00   2.8013606e-19
      9339.00   2.8041273e-19
      9340.00   2.8068962e-19
      9341.00   2.8096673e-19
      9342.00   2.8124405e-19
      9343.00   2.8152159e-19
      9344.00   2.8179935e-19
      9345.00   2.8207733e-19
      9346.00   2.8235553e-19
      9347.00   2.8263394e-19
      9348.00   2.8291258e-19
      9349.00   2.8319143e-19
      9350.00   2.8347050e-19
      9351.00   2.8374979e-19
      9352.00   2.8402930e-19
      9353.00   2.8430903e-19
      9354.00   2.8458898e-19
      9355.00   2.8486915e-19
      9356.00   2.8514954e-19
      9357.00   2.8543015e-19
      9358.00   2.8571097e-19
      9359.00   2.8599202e-19
      9360.00   2.8627329e-19
      9361.00   2.8655478e-19
      9362.00   2.8683649e-19
      9363.00   2.8711841e-19
      9364.00   2.8740056e-19
      9365.00   2.8768293e-19
      9366.00   2.8796553e-19
      9367.00   2.8824834e-19
      9368.00   2.8853137e-19
      9369.00   2.8881463e-19
      9370.00   2.8909810e-19
      9371.00   2.8938180e-19
      9372.00   2.8966572e-19
      9373.00   2.8994986e-19
      9374.00   2.9023422e-19
      9375.00   2.9051881e-19
      9376.00   2.9080361e-19
      9377.00   2.9108864e-19
      9378.00   2.9137390e-19
      9379.00   2.9165937e-19
      9380.00   2.9194507e-19
      9381.00   2.9223099e-19
      9382.00   2.9251713e-19
      9383.00   2.9280349e-19
      9384.00   2.9309008e-19
      9385.00   2.9337689e-19
      9386.00   2.9366393e-19
      9387.00   2.9395119e-19
      9388.00   2.9423867e-19
      9389.00   2.9452638e-19
      9390.00   2.9481431e-19
      9391.00   2.9510246e-19
      9392.00   2.9539084e-19
      9393.00   2.9567944e-19
      9394.00   2.9596827e-19
      9395.00   2.9625732e-19
      9396.00   2.9654659e-19
      9397.00   2.9683609e-19
      9398.00   2.9712582e-19
      9399.00   2.9741577e-19
      9400.00   2.9770594e-19
      9401.00   2.9799634e-19
      9402.00   2.9828697e-19
      9403.00   2.9857782e-19
      9404.00   2.9886890e-19
      9405.00   2.9916020e-19
      9406.00   2.9945173e-19
      9407.00   2.9974348e-19
      9408.00   3.0003546e-19
      9409.00   3.0032767e-19
      9410.00   3.0062010e-19
      9411.00   3.0091276e-19
      9412.00   3.0120565e-19
      9413.00   3.0149876e-19
      9414.00   3.0179210e-19
      9415.00   3.0208567e-19
      9416.00   3.0237946e-19
      9417.00   3.0267349e-19
      9418.00   3.0296773e-19
      9419.00   3.0326221e-19
      9420.00   3.0355691e-19
      9421.00   3.0385185e-19
      9422.00   3.0414700e-19
      9423.00   3.0444239e-19
      9424.00   3.0473801e-19
      9425.00   3.0503385e-19
      9426.00   3.0532992e-19
      9427.00   3.0562622e-19
      9428.00   3.0592275e-19
      9429.00   3.0621951e-19
      9430.00   3.0651650e-19
      9431.00   3.0681371e-19
      9432.00   3.0711116e-19
      9433.00   3.0740883e-19
      9434.00   3.0770673e-19
      9435.00   3.0800487e-19
      9436.00   3.0830323e-19
      9437.00   3.0860182e-19
      9438.00   3.0890064e-19
      9439.00   3.0919970e-19
      9440.00   3.0949898e-19
      9441.00   3.0979849e-19
      9442.00   3.1009823e-19
      9443.00   3.1039821e-19
      9444.00   3.1069841e-19
      9445.00   3.1099885e-19
      9446.00   3.1129951e-19
      9447.00   3.1160041e-19
      9448.00   3.1190154e-19
      9449.00   3.1220289e-19
      9450.00   3.1250448e-19
      9451.00   3.1280631e-19
      9452.00   3.1310836e-19
      9453.00   3.1341064e-19
      9454.00   3.1371316e-19
      9455.00   3.1401591e-19
      9456.00   3.1431889e-19
      9457.00   3.1462211e-19
      9458.00   3.1492555e-19
      9459.00   3.1522923e-19
      9460.00   3.1553314e-19
      9461.00   3.1583728e-19
      9462.00   3.1614166e-19
      9463.00   3.1644627e-19
      9464.00   3.1675111e-19
      9465.00   3.1705619e-19
      9466.00   3.1736150e-19
      9467.00   3.1766704e-19
      9468.00   3.1797282e-19
      9469.00   3.1827883e-19
      9470.00   3.1858507e-19
      9471.00   3.1889155e-19
      9472.00   3.1919827e-19
      9473.00   3.1950521e-19
      9474.00   3.1981239e-19
      9475.00   3.2011981e-19
      9476.00   3.2042746e-19
      9477.00   3.2073535e-19
      9478.00   3.2104347e-19
      9479.00   3.2135182e-19
      9480.00   3.2166041e-19
      9481.00   3.2196924e-19
      9482.00   3.2227830e-19
      9483.00   3.2258760e-19
      9484.00   3.2289713e-19
      9485.00   3.2320690e-19
      9486.00   3.2351690e-19
      9487.00   3.2382714e-19
      9488.00   3.2413762e-19
      9489.00   3.2444833e-19
      9490.00   3.2475928e-19
      9491.00   3.2507047e-19
      9492.00   3.2538189e-19
      9493.00   3.2569355e-19
      9494.00   3.2600545e-19
      9495.00   3.2631758e-19
      9496.00   3.2662995e-19
      9497.00   3.2694256e-19
      9498.00   3.2725541e-19
      9499.00   3.2756849e-19
      9500.00   3.2788181e-19
      9501.00   3.2819537e-19
      9502.00   3.2850917e-19
      9503.00   3.2882320e-19
      9504.00   3.2913747e-19
      9505.00   3.2945199e-19
      9506.00   3.2976674e-19
      9507.00   3.3008173e-19
      9508.00   3.3039695e-19
      9509.00   3.3071242e-19
      9510.00   3.3102812e-19
      9511.00   3.3134407e-19
      9512.00   3.3166025e-19
      9513.00   3.3197668e-19
      9514.00   3.3229334e-19
      9515.00   3.3261024e-19
      9516.00   3.3292738e-19
      9517.00   3.3324477e-19
      9518.00   3.3356239e-19
      9519.00   3.3388025e-19
      9520.00   3.3419835e-19
      9521.00   3.3451670e-19
      9522.00   3.3483528e-19
      9523.00   3.3515411e-19
      9524.00   3.3547317e-19
      9525.00   3.3579248e-19
      9526.00   3.3611203e-19
      9527.00   3.3643181e-19
      9528.00   3.3675184e-19
      9529.00   3.3707211e-19
      9530.00   3.3739263e-19
      9531.00   3.3771338e-19
      9532.00   3.3803438e-19
      9533.00   3.3835562e-19
      9534.00   3.3867710e-19
      9535.00   3.3899882e-19
      9536.00   3.3932079e-19
      9537.00   3.3964299e-19
      9538.00   3.3996544e-19
      9539.00   3.4028814e-19
      9540.00   3.4061107e-19
      9541.00   3.4093425e-19
      9542.00   3.4125767e-19
      9543.00   3.4158134e-19
      9544.00   3.4190525e-19
      9545.00   3.4222940e-19
      9546.00   3.4255380e-19
      9547.00   3.4287844e-19
      9548.00   3.4320332e-19
      9549.00   3.4352845e-19
      9550.00   3.4385382e-19
      9551.00   3.4417944e-19
      9552.00   3.4450530e-19
      9553.00   3.4483140e-19
      9554.00   3.4515775e-19
      9555.00   3.4548435e-19
      9556.00   3.4581119e-19
      9557.00   3.4613827e-19
      9558.00   3.4646560e-19
      9559.00   3.4679318e-19
      9560.00   3.4712100e-19
      9561.00   3.4744907e-19
      9562.00   3.4777738e-19
      9563.00   3.4810594e-19
      9564.00   3.4843474e-19
      9565.00   3.4876379e-19
      9566.00   3.4909309e-19
      9567.00   3.4942263e-19
      9568.00   3.4975242e-19
      9569.00   3.5008246e-19
      9570.00   3.5041274e-19
      9571.00   3.5074327e-19
      9572.00   3.5107405e-19
      9573.00   3.5140507e-19
      9574.00   3.5173634e-19
      9575.00   3.5206786e-19
      9576.00   3.5239963e-19
      9577.00   3.5273164e-19
      9578.00   3.5306390e-19
      9579.00   3.5339641e-19
      9580.00   3.5372917e-19
      9581.00   3.5406218e-19
      9582.00   3.5439543e-19
      9583.00   3.5472893e-19
      9584.00   3.5506269e-19
      9585.00   3.5539669e-19
      9586.00   3.5573093e-19
      9587.00   3.5606543e-19
      9588.00   3.5640018e-19
      9589.00   3.5673518e-19
      9590.00   3.5707042e-19
      9591.00   3.5740592e-19
      9592.00   3.5774166e-19
      9593.00   3.5807766e-19
      9594.00   3.5841390e-19
      9595.00   3.5875040e-19
      9596.00   3.5908714e-19
      9597.00   3.5942414e-19
      9598.00   3.5976139e-19
      9599.00   3.6009888e-19
      9600.00   3.6043663e-19
      9601.00   3.6077463e-19
      9602.00   3.6111288e-19
      9603.00   3.6145138e-19
      9604.00   3.6179013e-19
      9605.00   3.6212913e-19
      9606.00   3.6246838e-19
      9607.00   3.6280789e-19
      9608.00   3.6314765e-19
      9609.00   3.6348766e-19
      9610.00   3.6382792e-19
      9611.00   3.6416843e-19
      9612.00   3.6450920e-19
      9613.00   3.6485022e-19
      9614.00   3.6519149e-19
      9615.00   3.6553301e-19
      9616.00   3.6587479e-19
      9617.00   3.6621682e-19
      9618.00   3.6655910e-19
      9619.00   3.6690164e-19
      9620.00   3.6724442e-19
      9621.00   3.6758747e-19
      9622.00   3.6793076e-19
      9623.00   3.6827431e-19
      9624.00   3.6861812e-19
      9625.00   3.6896217e-19
      9626.00   3.6930649e-19
      9627.00   3.6965105e-19
      9628.00   3.6999587e-19
      9629.00   3.7034095e-19
      9630.00   3.7068628e-19
      9631.00   3.7103186e-19
      9632.00   3.7137770e-19
      9633.00   3.7172380e-19
      9634.00   3.7207015e-19
      9635.00   3.7241675e-19
      9636.00   3.7276361e-19
      9637.00   3.7311073e-19
      9638.00   3.7345810e-19
      9639.00   3.7380573e-19
      9640.00   3.7415361e-19
      9641.00   3.7450175e-19
      9642.00   3.7485015e-19
      9643.00   3.7519880e-19
      9644.00   3.7554771e-19
      9645.00   3.7589687e-19
      9646.00   3.7624630e-19
      9647.00   3.7659598e-19
      9648.00   3.7694591e-19
      9649.00   3.7729611e-19
      9650.00   3.7764656e-19
      9651.00   3.7799726e-19
      9652.00   3.7834823e-19
      9653.00   3.7869945e-19
      9654.00   3.7905094e-19
      9655.00   3.7940268e-19
      9656.00   3.7975467e-19
      9657.00   3.8010693e-19
      9658.00   3.8045944e-19
      9659.00   3.8081222e-19
      9660.00   3.8116525e-19
      9661.00   3.8151854e-19
      9662.00   3.8187209e-19
      9663.00   3.8222589e-19
      9664.00   3.8257996e-19
      9665.00   3.8293429e-19
      9666.00   3.8328887e-19
      9667.00   3.8364372e-19
      9668.00   3.8399883e-19
      9669.00   3.8435419e-19
      9670.00   3.8470982e-19
      9671.00   3.8506570e-19
      9672.00   3.8542185e-19
      9673.00   3.8577825e-19
      9674.00   3.8613492e-19
      9675.00   3.8649185e-19
      9676.00   3.8684904e-19
      9677.00   3.8720648e-19
      9678.00   3.8756419e-19
      9679.00   3.8792217e-19
      9680.00   3.8828040e-19
      9681.00   3.8863889e-19
      9682.00   3.8899765e-19
      9683.00   3.8935666e-19
      9684.00   3.8971594e-19
      9685.00   3.9007549e-19
      9686.00   3.9043529e-19
      9687.00   3.9079535e-19
      9688.00   3.9115568e-19
      9689.00   3.9151627e-19
      9690.00   3.9187713e-19
      9691.00   3.9223824e-19
      9692.00   3.9259962e-19
      9693.00   3.9296126e-19
      9694.00   3.9332317e-19
      9695.00   3.9368534e-19
      9696.00   3.9404777e-19
      9697.00   3.9441046e-19
      9698.00   3.9477342e-19
      9699.00   3.9513665e-19
      9700.00   3.9550013e-19
      9701.00   3.9586388e-19
      9702.00   3.9622790e-19
      9703.00   3.9659218e-19
      9704.00   3.9695673e-19
      9705.00   3.9732153e-19
      9706.00   3.9768661e-19
      9707.00   3.9805195e-19
      9708.00   3.9841755e-19
      9709.00   3.9878342e-19
      9710.00   3.9914956e-19
      9711.00   3.9951596e-19
      9712.00   3.9988262e-19
      9713.00   4.0024955e-19
      9714.00   4.0061675e-19
      9715.00   4.0098421e-19
      9716.00   4.0135194e-19
      9717.00   4.0171994e-19
      9718.00   4.0208820e-19
      9719.00   4.0245673e-19
      9720.00   4.0282553e-19
      9721.00   4.0319459e-19
      9722.00   4.0356392e-19
      9723.00   4.0393352e-19
      9724.00   4.0430338e-19
      9725.00   4.0467351e-19
      9726.00   4.0504391e-19
      9727.00   4.0541458e-19
      9728.00   4.0578551e-19
      9729.00   4.0615671e-19
      9730.00   4.0652818e-19
      9731.00   4.0689992e-19
      9732.00   4.0727193e-19
      9733.00   4.0764421e-19
      9734.00   4.0801675e-19
      9735.00   4.0838956e-19
      9736.00   4.0876264e-19
      9737.00   4.0913599e-19
      9738.00   4.0950961e-19
      9739.00   4.0988350e-19
      9740.00   4.1025766e-19
      9741.00   4.1063209e-19
      9742.00   4.1100679e-19
      9743.00   4.1138176e-19
      9744.00   4.1175699e-19
      9745.00   4.1213250e-19
      9746.00   4.1250828e-19
      9747.00   4.1288433e-19
      9748.00   4.1326065e-19
      9749.00   4.1363723e-19
      9750.00   4.1401409e-19
      9751.00   4.1439123e-19
      9752.00   4.1476863e-19
      9753.00   4.1514630e-19
      9754.00   4.1552425e-19
      9755.00   4.1590246e-19
      9756.00   4.1628095e-19
      9757.00   4.1665971e-19
      9758.00   4.1703874e-19
      9759.00   4.1741804e-19
      9760.00   4.1779762e-19
      9761.00   4.1817747e-19
      9762.00   4.1855759e-19
      9763.00   4.1893798e-19
      9764.00   4.1931865e-19
      9765.00   4.1969959e-19
      9766.00   4.2008080e-19
      9767.00   4.2046228e-19
      9768.00   4.2084404e-19
      9769.00   4.2122607e-19
      9770.00   4.2160837e-19
      9771.00   4.2199095e-19
      9772.00   4.2237380e-19
      9773.00   4.2275693e-19
      9774.00   4.2314033e-19
      9775.00   4.2352400e-19
      9776.00   4.2390795e-19
      9777.00   4.2429218e-19
      9778.00   4.2467667e-19
      9779.00   4.2506145e-19
      9780.00   4.2544649e-19
      9781.00   4.2583182e-19
      9782.00   4.2621741e-19
      9783.00   4.2660329e-19
      9784.00   4.2698943e-19
      9785.00   4.2737586e-19
      9786.00   4.2776256e-19
      9787.00   4.2814953e-19
      9788.00   4.2853678e-19
      9789.00   4.2892431e-19
      9790.00   4.2931212e-19
      9791.00   4.2970020e-19
      9792.00   4.3008855e-19
      9793.00   4.3047719e-19
      9794.00   4.3086610e-19
      9795.00   4.3125528e-19
      9796.00   4.3164475e-19
      9797.00   4.3203449e-19
      9798.00   4.3242451e-19
      9799.00   4.3281480e-19
      9800.00   4.3320538e-19
      9801.00   4.3359623e-19
      9802.00   4.3398736e-19
      9803.00   4.3437877e-19
      9804.00   4.3477045e-19
      9805.00   4.3516242e-19
      9806.00   4.3555466e-19
      9807.00   4.3594718e-19
      9808.00   4.3633998e-19
      9809.00   4.3673306e-19
      9810.00   4.3712642e-19
      9811.00   4.3752005e-19
      9812.00   4.3791397e-19
      9813.00   4.3830817e-19
      9814.00   4.3870264e-19
      9815.00   4.3909740e-19
      9816.00   4.3949243e-19
      9817.00   4.3988775e-19
      9818.00   4.4028334e-19
      9819.00   4.4067922e-19
      9820.00   4.4107537e-19
      9821.00   4.4147181e-19
      9822.00   4.4186853e-19
      9823.00   4.4226552e-19
      9824.00   4.4266280e-19
      9825.00   4.4306036e-19
      9826.00   4.4345820e-19
      9827.00   4.4385633e-19
      9828.00   4.4425473e-19
      9829.00   4.4465342e-19
      9830.00   4.4505238e-19
      9831.00   4.4545163e-19
      9832.00   4.4585116e-19
      9833.00   4.4625098e-19
      9834.00   4.4665107e-19
      9835.00   4.4705145e-19
      9836.00   4.4745211e-19
      9837.00   4.4785306e-19
      9838.00   4.4825428e-19
      9839.00   4.4865579e-19
      9840.00   4.4905758e-19
      9841.00   4.4945966e-19
      9842.00   4.4986202e-19
      9843.00   4.5026466e-19
      9844.00   4.5066759e-19
      9845.00   4.5107080e-19
      9846.00   4.5147430e-19
      9847.00   4.5187808e-19
      9848.00   4.5228214e-19
      9849.00   4.5268649e-19
      9850.00   4.5309112e-19
      9851.00   4.5349604e-19
      9852.00   4.5390124e-19
      9853.00   4.5430672e-19
      9854.00   4.5471250e-19
      9855.00   4.5511855e-19
      9856.00   4.5552490e-19
      9857.00   4.5593152e-19
      9858.00   4.5633844e-19
      9859.00   4.5674564e-19
      9860.00   4.5715312e-19
      9861.00   4.5756090e-19
      9862.00   4.5796895e-19
      9863.00   4.5837730e-19
      9864.00   4.5878593e-19
      9865.00   4.5919485e-19
      9866.00   4.5960405e-19
      9867.00   4.6001354e-19
      9868.00   4.6042332e-19
      9869.00   4.6083339e-19
      9870.00   4.6124374e-19
      9871.00   4.6165438e-19
      9872.00   4.6206531e-19
      9873.00   4.6247652e-19
      9874.00   4.6288803e-19
      9875.00   4.6329982e-19
      9876.00   4.6371190e-19
      9877.00   4.6412427e-19
      9878.00   4.6453692e-19
      9879.00   4.6494987e-19
      9880.00   4.6536310e-19
      9881.00   4.6577663e-19
      9882.00   4.6619044e-19
      9883.00   4.6660454e-19
      9884.00   4.6701893e-19
      9885.00   4.6743361e-19
      9886.00   4.6784858e-19
      9887.00   4.6826384e-19
      9888.00   4.6867939e-19
      9889.00   4.6909523e-19
      9890.00   4.6951136e-19
      9891.00   4.6992778e-19
      9892.00   4.7034449e-19
      9893.00   4.7076149e-19
      9894.00   4.7117878e-19
      9895.00   4.7159637e-19
      9896.00   4.7201424e-19
      9897.00   4.7243241e-19
      9898.00   4.7285086e-19
      9899.00   4.7326961e-19
      9900.00   4.7368865e-19
      9901.00   4.7410798e-19
      9902.00   4.7452760e-19
      9903.00   4.7494752e-19
      9904.00   4.7536772e-19
      9905.00   4.7578822e-19
      9906.00   4.7620901e-19
      9907.00   4.7663010e-19
      9908.00   4.7705148e-19
      9909.00   4.7747315e-19
      9910.00   4.7789511e-19
      9911.00   4.7831736e-19
      9912.00   4.7873991e-19
      9913.00   4.7916276e-19
      9914.00   4.7958589e-19
      9915.00   4.8000932e-19
      9916.00   4.8043305e-19
      9917.00   4.8085706e-19
      9918.00   4.8128137e-19
      9919.00   4.8170598e-19
      9920.00   4.8213088e-19
      9921.00   4.8255608e-19
      9922.00   4.8298157e-19
      9923.00   4.8340735e-19
      9924.00   4.8383343e-19
      9925.00   4.8425980e-19
      9926.00   4.8468647e-19
      9927.00   4.8511344e-19
      9928.00   4.8554070e-19
      9929.00   4.8596826e-19
      9930.00   4.8639611e-19
      9931.00   4.8682426e-19
      9932.00   4.8725270e-19
      9933.00   4.8768144e-19
      9934.00   4.8811048e-19
      9935.00   4.8853981e-19
      9936.00   4.8896944e-19
      9937.00   4.8939937e-19
      9938.00   4.8982959e-19
      9939.00   4.9026011e-19
      9940.00   4.9069093e-19
      9941.00   4.9112205e-19
      9942.00   4.9155346e-19
      9943.00   4.9198517e-19
      9944.00   4.9241718e-19
      9945.00   4.9284949e-19
      9946.00   4.9328209e-19
      9947.00   4.9371499e-19
      9948.00   4.9414820e-19
      9949.00   4.9458170e-19
      9950.00   4.9501549e-19
      9951.00   4.9544959e-19
      9952.00   4.9588399e-19
      9953.00   4.9631868e-19
      9954.00   4.9675368e-19
      9955.00   4.9718897e-19
      9956.00   4.9762457e-19
      9957.00   4.9806046e-19
      9958.00   4.9849665e-19
      9959.00   4.9893314e-19
      9960.00   4.9936994e-19
      9961.00   4.9980703e-19
      9962.00   5.0024442e-19
      9963.00   5.0068212e-19
      9964.00   5.0112011e-19
      9965.00   5.0155841e-19
      9966.00   5.0199700e-19
      9967.00   5.0243590e-19
      9968.00   5.0287510e-19
      9969.00   5.0331460e-19
      9970.00   5.0375440e-19
      9971.00   5.0419451e-19
      9972.00   5.0463491e-19
      9973.00   5.0507562e-19
      9974.00   5.0551663e-19
      9975.00   5.0595794e-19
      9976.00   5.0639955e-19
      9977.00   5.0684147e-19
      9978.00   5.0728369e-19
      9979.00   5.0772621e-19
      9980.00   5.0816904e-19
      9981.00   5.0861216e-19
      9982.00   5.0905559e-19
      9983.00   5.0949933e-19
      9984.00   5.0994337e-19
      9985.00   5.1038771e-19
      9986.00   5.1083235e-19
      9987.00   5.1127730e-19
      9988.00   5.1172256e-19
      9989.00   5.1216811e-19
      9990.00   5.1261398e-19
      9991.00   5.1306014e-19
      9992.00   5.1350661e-19
      9993.00   5.1395339e-19
      9994.00   5.1440047e-19
      9995.00   5.1484786e-19
      9996.00   5.1529555e-19
      9997.00   5.1574355e-19
      9998.00   5.1619185e-19
      9999.00   5.1664046e-19
      10000.0   5.1708937e-19
