      100.000   2.1650079e-18
      101.000   2.1818863e-18
      102.000   2.1987914e-18
      103.000   2.2157278e-18
      104.000   2.2327001e-18
      105.000   2.2497123e-18
      106.000   2.2667684e-18
      107.000   2.2838722e-18
      108.000   2.3010269e-18
      109.000   2.3182360e-18
      110.000   2.3355025e-18
      111.000   2.3528291e-18
      112.000   2.3702186e-18
      113.000   2.3876732e-18
      114.000   2.4051954e-18
      115.000   2.4227871e-18
      116.000   2.4404503e-18
      117.000   2.4581866e-18
      118.000   2.4759976e-18
      119.000   2.4938847e-18
      120.000   2.5118492e-18
      121.000   2.5298921e-18
      122.000   2.5480145e-18
      123.000   2.5662171e-18
      124.000   2.5845006e-18
      125.000   2.6028656e-18
      126.000   2.6213125e-18
      127.000   2.6398417e-18
      128.000   2.6584534e-18
      129.000   2.6771477e-18
      130.000   2.6959247e-18
      131.000   2.7147842e-18
      132.000   2.7337260e-18
      133.000   2.7527500e-18
      134.000   2.7718558e-18
      135.000   2.7910428e-18
      136.000   2.8103108e-18
      137.000   2.8296589e-18
      138.000   2.8490868e-18
      139.000   2.8685935e-18
      140.000   2.8881783e-18
      141.000   2.9078405e-18
      142.000   2.9275791e-18
      143.000   2.9473932e-18
      144.000   2.9672818e-18
      145.000   2.9872438e-18
      146.000   3.0072783e-18
      147.000   3.0273840e-18
      148.000   3.0475599e-18
      149.000   3.0678047e-18
      150.000   3.0881172e-18
      151.000   3.1084962e-18
      152.000   3.1289403e-18
      153.000   3.1494483e-18
      154.000   3.1700188e-18
      155.000   3.1906505e-18
      156.000   3.2113420e-18
      157.000   3.2320919e-18
      158.000   3.2528988e-18
      159.000   3.2737612e-18
      160.000   3.2946778e-18
      161.000   3.3156470e-18
      162.000   3.3366674e-18
      163.000   3.3577376e-18
      164.000   3.3788560e-18
      165.000   3.4000212e-18
      166.000   3.4212317e-18
      167.000   3.4424860e-18
      168.000   3.4637825e-18
      169.000   3.4851199e-18
      170.000   3.5064966e-18
      171.000   3.5279111e-18
      172.000   3.5493619e-18
      173.000   3.5708476e-18
      174.000   3.5923666e-18
      175.000   3.6139175e-18
      176.000   3.6354987e-18
      177.000   3.6571089e-18
      178.000   3.6787466e-18
      179.000   3.7004103e-18
      180.000   3.7220985e-18
      181.000   3.7438099e-18
      182.000   3.7655430e-18
      183.000   3.7872963e-18
      184.000   3.8090686e-18
      185.000   3.8308583e-18
      186.000   3.8526641e-18
      187.000   3.8744846e-18
      188.000   3.8963186e-18
      189.000   3.9181645e-18
      190.000   3.9400211e-18
      191.000   3.9618871e-18
      192.000   3.9837612e-18
      193.000   4.0056420e-18
      194.000   4.0275283e-18
      195.000   4.0494189e-18
      196.000   4.0713124e-18
      197.000   4.0932076e-18
      198.000   4.1151034e-18
      199.000   4.1369985e-18
      200.000   4.1588918e-18
      201.000   4.1807820e-18
      202.000   4.2026680e-18
      203.000   4.2245487e-18
      204.000   4.2464229e-18
      205.000   4.2682895e-18
      206.000   4.2901474e-18
      207.000   4.3119956e-18
      208.000   4.3338330e-18
      209.000   4.3556586e-18
      210.000   4.3774712e-18
      211.000   4.3992700e-18
      212.000   4.4210538e-18
      213.000   4.4428218e-18
      214.000   4.4645729e-18
      215.000   4.4863062e-18
      216.000   4.5080208e-18
      217.000   4.5297157e-18
      218.000   4.5513901e-18
      219.000   4.5730430e-18
      220.000   4.5946736e-18
      221.000   4.6162811e-18
      222.000   4.6378645e-18
      223.000   4.6594231e-18
      224.000   4.6809560e-18
      225.000   4.7024625e-18
      226.000   4.7239418e-18
      227.000   4.7453931e-18
      228.000   4.7668156e-18
      229.000   4.7882087e-18
      230.000   4.8095716e-18
      231.000   4.8309035e-18
      232.000   4.8522039e-18
      233.000   4.8734720e-18
      234.000   4.8947071e-18
      235.000   4.9159087e-18
      236.000   4.9370760e-18
      237.000   4.9582085e-18
      238.000   4.9793055e-18
      239.000   5.0003665e-18
      240.000   5.0213908e-18
      241.000   5.0423779e-18
      242.000   5.0633273e-18
      243.000   5.0842383e-18
      244.000   5.1051105e-18
      245.000   5.1259434e-18
      246.000   5.1467364e-18
      247.000   5.1674890e-18
      248.000   5.1882008e-18
      249.000   5.2088712e-18
      250.000   5.2294999e-18
      251.000   5.2500863e-18
      252.000   5.2706301e-18
      253.000   5.2911309e-18
      254.000   5.3115881e-18
      255.000   5.3320014e-18
      256.000   5.3523704e-18
      257.000   5.3726948e-18
      258.000   5.3929741e-18
      259.000   5.4132080e-18
      260.000   5.4333962e-18
      261.000   5.4535382e-18
      262.000   5.4736339e-18
      263.000   5.4936827e-18
      264.000   5.5136846e-18
      265.000   5.5336390e-18
      266.000   5.5535459e-18
      267.000   5.5734047e-18
      268.000   5.5932154e-18
      269.000   5.6129776e-18
      270.000   5.6326911e-18
      271.000   5.6523556e-18
      272.000   5.6719708e-18
      273.000   5.6915367e-18
      274.000   5.7110528e-18
      275.000   5.7305191e-18
      276.000   5.7499353e-18
      277.000   5.7693011e-18
      278.000   5.7886165e-18
      279.000   5.8078813e-18
      280.000   5.8270952e-18
      281.000   5.8462580e-18
      282.000   5.8653697e-18
      283.000   5.8844301e-18
      284.000   5.9034390e-18
      285.000   5.9223963e-18
      286.000   5.9413018e-18
      287.000   5.9601554e-18
      288.000   5.9789571e-18
      289.000   5.9977066e-18
      290.000   6.0164039e-18
      291.000   6.0350489e-18
      292.000   6.0536414e-18
      293.000   6.0721815e-18
      294.000   6.0906689e-18
      295.000   6.1091036e-18
      296.000   6.1274856e-18
      297.000   6.1458148e-18
      298.000   6.1640911e-18
      299.000   6.1823144e-18
      300.000   6.2004848e-18
      301.000   6.2186021e-18
      302.000   6.2366663e-18
      303.000   6.2546774e-18
      304.000   6.2726353e-18
      305.000   6.2905401e-18
      306.000   6.3083916e-18
      307.000   6.3261899e-18
      308.000   6.3439350e-18
      309.000   6.3616268e-18
      310.000   6.3792653e-18
      311.000   6.3968506e-18
      312.000   6.4143826e-18
      313.000   6.4318614e-18
      314.000   6.4492869e-18
      315.000   6.4666592e-18
      316.000   6.4839783e-18
      317.000   6.5012442e-18
      318.000   6.5184569e-18
      319.000   6.5356165e-18
      320.000   6.5527230e-18
      321.000   6.5697764e-18
      322.000   6.5867767e-18
      323.000   6.6037241e-18
      324.000   6.6206185e-18
      325.000   6.6374600e-18
      326.000   6.6542487e-18
      327.000   6.6709846e-18
      328.000   6.6876677e-18
      329.000   6.7042981e-18
      330.000   6.7208759e-18
      331.000   6.7374012e-18
      332.000   6.7538739e-18
      333.000   6.7702943e-18
      334.000   6.7866623e-18
      335.000   6.8029780e-18
      336.000   6.8192415e-18
      337.000   6.8354529e-18
      338.000   6.8516123e-18
      339.000   6.8677197e-18
      340.000   6.8837752e-18
      341.000   6.8997790e-18
      342.000   6.9157311e-18
      343.000   6.9316316e-18
      344.000   6.9474805e-18
      345.000   6.9632781e-18
      346.000   6.9790244e-18
      347.000   6.9947194e-18
      348.000   7.0103634e-18
      349.000   7.0259563e-18
      350.000   7.0414984e-18
      351.000   7.0569896e-18
      352.000   7.0724302e-18
      353.000   7.0878202e-18
      354.000   7.1031597e-18
      355.000   7.1184488e-18
      356.000   7.1336878e-18
      357.000   7.1488766e-18
      358.000   7.1640154e-18
      359.000   7.1791043e-18
      360.000   7.1941434e-18
      361.000   7.2091329e-18
      362.000   7.2240728e-18
      363.000   7.2389634e-18
      364.000   7.2538046e-18
      365.000   7.2685967e-18
      366.000   7.2833398e-18
      367.000   7.2980339e-18
      368.000   7.3126793e-18
      369.000   7.3272761e-18
      370.000   7.3418243e-18
      371.000   7.3563241e-18
      372.000   7.3707757e-18
      373.000   7.3851791e-18
      374.000   7.3995345e-18
      375.000   7.4138421e-18
      376.000   7.4281020e-18
      377.000   7.4423143e-18
      378.000   7.4564791e-18
      379.000   7.4705966e-18
      380.000   7.4846669e-18
      381.000   7.4986902e-18
      382.000   7.5126666e-18
      383.000   7.5265962e-18
      384.000   7.5404792e-18
      385.000   7.5543157e-18
      386.000   7.5681059e-18
      387.000   7.5818498e-18
      388.000   7.5955477e-18
      389.000   7.6091997e-18
      390.000   7.6228059e-18
      391.000   7.6363665e-18
      392.000   7.6498815e-18
      393.000   7.6633513e-18
      394.000   7.6767758e-18
      395.000   7.6901552e-18
      396.000   7.7034898e-18
      397.000   7.7167795e-18
      398.000   7.7300247e-18
      399.000   7.7432253e-18
      400.000   7.7563816e-18
      401.000   7.7694938e-18
      402.000   7.7825618e-18
      403.000   7.7955860e-18
      404.000   7.8085664e-18
      405.000   7.8215033e-18
      406.000   7.8343966e-18
      407.000   7.8472466e-18
      408.000   7.8600535e-18
      409.000   7.8728173e-18
      410.000   7.8855383e-18
      411.000   7.8982165e-18
      412.000   7.9108521e-18
      413.000   7.9234453e-18
      414.000   7.9359963e-18
      415.000   7.9485050e-18
      416.000   7.9609718e-18
      417.000   7.9733967e-18
      418.000   7.9857799e-18
      419.000   7.9981216e-18
      420.000   8.0104218e-18
      421.000   8.0226808e-18
      422.000   8.0348986e-18
      423.000   8.0470755e-18
      424.000   8.0592115e-18
      425.000   8.0713069e-18
      426.000   8.0833617e-18
      427.000   8.0953761e-18
      428.000   8.1073503e-18
      429.000   8.1192844e-18
      430.000   8.1311785e-18
      431.000   8.1430328e-18
      432.000   8.1548475e-18
      433.000   8.1666226e-18
      434.000   8.1783584e-18
      435.000   8.1900549e-18
      436.000   8.2017123e-18
      437.000   8.2133308e-18
      438.000   8.2249105e-18
      439.000   8.2364515e-18
      440.000   8.2479541e-18
      441.000   8.2594182e-18
      442.000   8.2708441e-18
      443.000   8.2822319e-18
      444.000   8.2935818e-18
      445.000   8.3048939e-18
      446.000   8.3161683e-18
      447.000   8.3274052e-18
      448.000   8.3386047e-18
      449.000   8.3497670e-18
      450.000   8.3608922e-18
      451.000   8.3719804e-18
      452.000   8.3830318e-18
      453.000   8.3940465e-18
      454.000   8.4050247e-18
      455.000   8.4159665e-18
      456.000   8.4268720e-18
      457.000   8.4377415e-18
      458.000   8.4485749e-18
      459.000   8.4593724e-18
      460.000   8.4701343e-18
      461.000   8.4808606e-18
      462.000   8.4915514e-18
      463.000   8.5022070e-18
      464.000   8.5128273e-18
      465.000   8.5234127e-18
      466.000   8.5339631e-18
      467.000   8.5444788e-18
      468.000   8.5549599e-18
      469.000   8.5654065e-18
      470.000   8.5758187e-18
      471.000   8.5861967e-18
      472.000   8.5965406e-18
      473.000   8.6068505e-18
      474.000   8.6171266e-18
      475.000   8.6273690e-18
      476.000   8.6375779e-18
      477.000   8.6477533e-18
      478.000   8.6578954e-18
      479.000   8.6680043e-18
      480.000   8.6780802e-18
      481.000   8.6881232e-18
      482.000   8.6981334e-18
      483.000   8.7081109e-18
      484.000   8.7180559e-18
      485.000   8.7279685e-18
      486.000   8.7378488e-18
      487.000   8.7476970e-18
      488.000   8.7575132e-18
      489.000   8.7672974e-18
      490.000   8.7770499e-18
      491.000   8.7867708e-18
      492.000   8.7964601e-18
      493.000   8.8061181e-18
      494.000   8.8157447e-18
      495.000   8.8253403e-18
      496.000   8.8349048e-18
      497.000   8.8444384e-18
      498.000   8.8539412e-18
      499.000   8.8634134e-18
      500.000   8.8728550e-18
      501.000   8.8822662e-18
      502.000   8.8916471e-18
      503.000   8.9009979e-18
      504.000   8.9103186e-18
      505.000   8.9196094e-18
      506.000   8.9288703e-18
      507.000   8.9381016e-18
      508.000   8.9473033e-18
      509.000   8.9564755e-18
      510.000   8.9656183e-18
      511.000   8.9747320e-18
      512.000   8.9838165e-18
      513.000   8.9928721e-18
      514.000   9.0018987e-18
      515.000   9.0108966e-18
      516.000   9.0198659e-18
      517.000   9.0288066e-18
      518.000   9.0377189e-18
      519.000   9.0466029e-18
      520.000   9.0554587e-18
      521.000   9.0642864e-18
      522.000   9.0730862e-18
      523.000   9.0818581e-18
      524.000   9.0906022e-18
      525.000   9.0993187e-18
      526.000   9.1080077e-18
      527.000   9.1166693e-18
      528.000   9.1253036e-18
      529.000   9.1339106e-18
      530.000   9.1424906e-18
      531.000   9.1510436e-18
      532.000   9.1595698e-18
      533.000   9.1680692e-18
      534.000   9.1765419e-18
      535.000   9.1849880e-18
      536.000   9.1934078e-18
      537.000   9.2018012e-18
      538.000   9.2101683e-18
      539.000   9.2185094e-18
      540.000   9.2268244e-18
      541.000   9.2351135e-18
      542.000   9.2433767e-18
      543.000   9.2516143e-18
      544.000   9.2598263e-18
      545.000   9.2680127e-18
      546.000   9.2761738e-18
      547.000   9.2843095e-18
      548.000   9.2924201e-18
      549.000   9.3005056e-18
      550.000   9.3085660e-18
      551.000   9.3166016e-18
      552.000   9.3246123e-18
      553.000   9.3325984e-18
      554.000   9.3405599e-18
      555.000   9.3484968e-18
      556.000   9.3564094e-18
      557.000   9.3642976e-18
      558.000   9.3721617e-18
      559.000   9.3800016e-18
      560.000   9.3878175e-18
      561.000   9.3956095e-18
      562.000   9.4033777e-18
      563.000   9.4111221e-18
      564.000   9.4188430e-18
      565.000   9.4265402e-18
      566.000   9.4342141e-18
      567.000   9.4418646e-18
      568.000   9.4494918e-18
      569.000   9.4570958e-18
      570.000   9.4646768e-18
      571.000   9.4722348e-18
      572.000   9.4797700e-18
      573.000   9.4872823e-18
      574.000   9.4947719e-18
      575.000   9.5022389e-18
      576.000   9.5096834e-18
      577.000   9.5171055e-18
      578.000   9.5245052e-18
      579.000   9.5318827e-18
      580.000   9.5392379e-18
      581.000   9.5465712e-18
      582.000   9.5538824e-18
      583.000   9.5611717e-18
      584.000   9.5684392e-18
      585.000   9.5756850e-18
      586.000   9.5829091e-18
      587.000   9.5901117e-18
      588.000   9.5972928e-18
      589.000   9.6044526e-18
      590.000   9.6115910e-18
      591.000   9.6187082e-18
      592.000   9.6258043e-18
      593.000   9.6328794e-18
      594.000   9.6399335e-18
      595.000   9.6469667e-18
      596.000   9.6539791e-18
      597.000   9.6609708e-18
      598.000   9.6679419e-18
      599.000   9.6748924e-18
      600.000   9.6818225e-18
      601.000   9.6887322e-18
      602.000   9.6956215e-18
      603.000   9.7024907e-18
      604.000   9.7093397e-18
      605.000   9.7161687e-18
      606.000   9.7229776e-18
      607.000   9.7297667e-18
      608.000   9.7365359e-18
      609.000   9.7432854e-18
      610.000   9.7500152e-18
      611.000   9.7567255e-18
      612.000   9.7634162e-18
      613.000   9.7700875e-18
      614.000   9.7767394e-18
      615.000   9.7833720e-18
      616.000   9.7899855e-18
      617.000   9.7965798e-18
      618.000   9.8031551e-18
      619.000   9.8097113e-18
      620.000   9.8162487e-18
      621.000   9.8227672e-18
      622.000   9.8292670e-18
      623.000   9.8357481e-18
      624.000   9.8422106e-18
      625.000   9.8486546e-18
      626.000   9.8550801e-18
      627.000   9.8614872e-18
      628.000   9.8678760e-18
      629.000   9.8742466e-18
      630.000   9.8805989e-18
      631.000   9.8869332e-18
      632.000   9.8932495e-18
      633.000   9.8995478e-18
      634.000   9.9058282e-18
      635.000   9.9120908e-18
      636.000   9.9183356e-18
      637.000   9.9245628e-18
      638.000   9.9307723e-18
      639.000   9.9369643e-18
      640.000   9.9431389e-18
      641.000   9.9492960e-18
      642.000   9.9554358e-18
      643.000   9.9615583e-18
      644.000   9.9676637e-18
      645.000   9.9737519e-18
      646.000   9.9798230e-18
      647.000   9.9858772e-18
      648.000   9.9919144e-18
      649.000   9.9979347e-18
      650.000   1.0003938e-17
      651.000   1.0009925e-17
      652.000   1.0015895e-17
      653.000   1.0021849e-17
      654.000   1.0027786e-17
      655.000   1.0033706e-17
      656.000   1.0039610e-17
      657.000   1.0045498e-17
      658.000   1.0051370e-17
      659.000   1.0057225e-17
      660.000   1.0063064e-17
      661.000   1.0068887e-17
      662.000   1.0074694e-17
      663.000   1.0080485e-17
      664.000   1.0086260e-17
      665.000   1.0092019e-17
      666.000   1.0097763e-17
      667.000   1.0103491e-17
      668.000   1.0109203e-17
      669.000   1.0114899e-17
      670.000   1.0120580e-17
      671.000   1.0126246e-17
      672.000   1.0131896e-17
      673.000   1.0137530e-17
      674.000   1.0143150e-17
      675.000   1.0148754e-17
      676.000   1.0154343e-17
      677.000   1.0159917e-17
      678.000   1.0165475e-17
      679.000   1.0171019e-17
      680.000   1.0176548e-17
      681.000   1.0182062e-17
      682.000   1.0187561e-17
      683.000   1.0193045e-17
      684.000   1.0198515e-17
      685.000   1.0203970e-17
      686.000   1.0209410e-17
      687.000   1.0214836e-17
      688.000   1.0220247e-17
      689.000   1.0225644e-17
      690.000   1.0231026e-17
      691.000   1.0236394e-17
      692.000   1.0241748e-17
      693.000   1.0247088e-17
      694.000   1.0252413e-17
      695.000   1.0257724e-17
      696.000   1.0263021e-17
      697.000   1.0268305e-17
      698.000   1.0273574e-17
      699.000   1.0278829e-17
      700.000   1.0284071e-17
      701.000   1.0289299e-17
      702.000   1.0294513e-17
      703.000   1.0299713e-17
      704.000   1.0304900e-17
      705.000   1.0310073e-17
      706.000   1.0315232e-17
      707.000   1.0320378e-17
      708.000   1.0325511e-17
      709.000   1.0330630e-17
      710.000   1.0335736e-17
      711.000   1.0340829e-17
      712.000   1.0345908e-17
      713.000   1.0350975e-17
      714.000   1.0356028e-17
      715.000   1.0361068e-17
      716.000   1.0366095e-17
      717.000   1.0371109e-17
      718.000   1.0376110e-17
      719.000   1.0381098e-17
      720.000   1.0386074e-17
      721.000   1.0391037e-17
      722.000   1.0395986e-17
      723.000   1.0400924e-17
      724.000   1.0405848e-17
      725.000   1.0410760e-17
      726.000   1.0415660e-17
      727.000   1.0420547e-17
      728.000   1.0425421e-17
      729.000   1.0430283e-17
      730.000   1.0435133e-17
      731.000   1.0439970e-17
      732.000   1.0444796e-17
      733.000   1.0449609e-17
      734.000   1.0454409e-17
      735.000   1.0459198e-17
      736.000   1.0463975e-17
      737.000   1.0468739e-17
      738.000   1.0473492e-17
      739.000   1.0478232e-17
      740.000   1.0482961e-17
      741.000   1.0487678e-17
      742.000   1.0492383e-17
      743.000   1.0497076e-17
      744.000   1.0501758e-17
      745.000   1.0506428e-17
      746.000   1.0511086e-17
      747.000   1.0515733e-17
      748.000   1.0520368e-17
      749.000   1.0524991e-17
      750.000   1.0529604e-17
      751.000   1.0534204e-17
      752.000   1.0538794e-17
      753.000   1.0543372e-17
      754.000   1.0547938e-17
      755.000   1.0552494e-17
      756.000   1.0557038e-17
      757.000   1.0561571e-17
      758.000   1.0566093e-17
      759.000   1.0570604e-17
      760.000   1.0575104e-17
      761.000   1.0579593e-17
      762.000   1.0584071e-17
      763.000   1.0588538e-17
      764.000   1.0592994e-17
      765.000   1.0597439e-17
      766.000   1.0601873e-17
      767.000   1.0606297e-17
      768.000   1.0610710e-17
      769.000   1.0615112e-17
      770.000   1.0619504e-17
      771.000   1.0623885e-17
      772.000   1.0628255e-17
      773.000   1.0632615e-17
      774.000   1.0636965e-17
      775.000   1.0641304e-17
      776.000   1.0645632e-17
      777.000   1.0649950e-17
      778.000   1.0654258e-17
      779.000   1.0658556e-17
      780.000   1.0662843e-17
      781.000   1.0667120e-17
      782.000   1.0671387e-17
      783.000   1.0675644e-17
      784.000   1.0679891e-17
      785.000   1.0684127e-17
      786.000   1.0688354e-17
      787.000   1.0692571e-17
      788.000   1.0696777e-17
      789.000   1.0700974e-17
      790.000   1.0705161e-17
      791.000   1.0709338e-17
      792.000   1.0713505e-17
      793.000   1.0717662e-17
      794.000   1.0721810e-17
      795.000   1.0725948e-17
      796.000   1.0730076e-17
      797.000   1.0734194e-17
      798.000   1.0738303e-17
      799.000   1.0742403e-17
      800.000   1.0746493e-17
      801.000   1.0750573e-17
      802.000   1.0754644e-17
      803.000   1.0758705e-17
      804.000   1.0762758e-17
      805.000   1.0766800e-17
      806.000   1.0770834e-17
      807.000   1.0774858e-17
      808.000   1.0778873e-17
      809.000   1.0782878e-17
      810.000   1.0786875e-17
      811.000   1.0790862e-17
      812.000   1.0794840e-17
      813.000   1.0798809e-17
      814.000   1.0802769e-17
      815.000   1.0806720e-17
      816.000   1.0810662e-17
      817.000   1.0814595e-17
      818.000   1.0818519e-17
      819.000   1.0822434e-17
      820.000   1.0826340e-17
      821.000   1.0830238e-17
      822.000   1.0834126e-17
      823.000   1.0838006e-17
      824.000   1.0841877e-17
      825.000   1.0845740e-17
      826.000   1.0849594e-17
      827.000   1.0853439e-17
      828.000   1.0857275e-17
      829.000   1.0861103e-17
      830.000   1.0864922e-17
      831.000   1.0868733e-17
      832.000   1.0872535e-17
      833.000   1.0876329e-17
      834.000   1.0880115e-17
      835.000   1.0883892e-17
      836.000   1.0887660e-17
      837.000   1.0891421e-17
      838.000   1.0895172e-17
      839.000   1.0898916e-17
      840.000   1.0902652e-17
      841.000   1.0906379e-17
      842.000   1.0910098e-17
      843.000   1.0913809e-17
      844.000   1.0917511e-17
      845.000   1.0921206e-17
      846.000   1.0924892e-17
      847.000   1.0928571e-17
      848.000   1.0932241e-17
      849.000   1.0935904e-17
      850.000   1.0939558e-17
      851.000   1.0943205e-17
      852.000   1.0946843e-17
      853.000   1.0950474e-17
      854.000   1.0954097e-17
      855.000   1.0957712e-17
      856.000   1.0961319e-17
      857.000   1.0964919e-17
      858.000   1.0968511e-17
      859.000   1.0972095e-17
      860.000   1.0975671e-17
      861.000   1.0979240e-17
      862.000   1.0982801e-17
      863.000   1.0986354e-17
      864.000   1.0989900e-17
      865.000   1.0993438e-17
      866.000   1.0996969e-17
      867.000   1.1000492e-17
      868.000   1.1004008e-17
      869.000   1.1007516e-17
      870.000   1.1011017e-17
      871.000   1.1014511e-17
      872.000   1.1017997e-17
      873.000   1.1021476e-17
      874.000   1.1024947e-17
      875.000   1.1028411e-17
      876.000   1.1031868e-17
      877.000   1.1035318e-17
      878.000   1.1038760e-17
      879.000   1.1042196e-17
      880.000   1.1045624e-17
      881.000   1.1049045e-17
      882.000   1.1052459e-17
      883.000   1.1055865e-17
      884.000   1.1059265e-17
      885.000   1.1062658e-17
      886.000   1.1066043e-17
      887.000   1.1069422e-17
      888.000   1.1072793e-17
      889.000   1.1076158e-17
      890.000   1.1079516e-17
      891.000   1.1082867e-17
      892.000   1.1086211e-17
      893.000   1.1089548e-17
      894.000   1.1092878e-17
      895.000   1.1096202e-17
      896.000   1.1099518e-17
      897.000   1.1102828e-17
      898.000   1.1106132e-17
      899.000   1.1109428e-17
      900.000   1.1112718e-17
      901.000   1.1116001e-17
      902.000   1.1119278e-17
      903.000   1.1122548e-17
      904.000   1.1125811e-17
      905.000   1.1129068e-17
      906.000   1.1132318e-17
      907.000   1.1135562e-17
      908.000   1.1138799e-17
      909.000   1.1142029e-17
      910.000   1.1145254e-17
      911.000   1.1148472e-17
      912.000   1.1151683e-17
      913.000   1.1154888e-17
      914.000   1.1158086e-17
      915.000   1.1161279e-17
      916.000   1.1164465e-17
      917.000   1.1167644e-17
      918.000   1.1170818e-17
      919.000   1.1173985e-17
      920.000   1.1177146e-17
      921.000   1.1180300e-17
      922.000   1.1183449e-17
      923.000   1.1186591e-17
      924.000   1.1189727e-17
      925.000   1.1192857e-17
      926.000   1.1195981e-17
      927.000   1.1199099e-17
      928.000   1.1202210e-17
      929.000   1.1205316e-17
      930.000   1.1208415e-17
      931.000   1.1211509e-17
      932.000   1.1214597e-17
      933.000   1.1217678e-17
      934.000   1.1220754e-17
      935.000   1.1223824e-17
      936.000   1.1226887e-17
      937.000   1.1229945e-17
      938.000   1.1232997e-17
      939.000   1.1236044e-17
      940.000   1.1239084e-17
      941.000   1.1242119e-17
      942.000   1.1245147e-17
      943.000   1.1248170e-17
      944.000   1.1251188e-17
      945.000   1.1254199e-17
      946.000   1.1257205e-17
      947.000   1.1260205e-17
      948.000   1.1263200e-17
      949.000   1.1266188e-17
      950.000   1.1269172e-17
      951.000   1.1272149e-17
      952.000   1.1275121e-17
      953.000   1.1278087e-17
      954.000   1.1281048e-17
      955.000   1.1284004e-17
      956.000   1.1286953e-17
      957.000   1.1289898e-17
      958.000   1.1292836e-17
      959.000   1.1295770e-17
      960.000   1.1298697e-17
      961.000   1.1301620e-17
      962.000   1.1304537e-17
      963.000   1.1307448e-17
      964.000   1.1310355e-17
      965.000   1.1313256e-17
      966.000   1.1316151e-17
      967.000   1.1319041e-17
      968.000   1.1321926e-17
      969.000   1.1324806e-17
      970.000   1.1327680e-17
      971.000   1.1330549e-17
      972.000   1.1333413e-17
      973.000   1.1336272e-17
      974.000   1.1339125e-17
      975.000   1.1341974e-17
      976.000   1.1344817e-17
      977.000   1.1347655e-17
      978.000   1.1350488e-17
      979.000   1.1353315e-17
      980.000   1.1356138e-17
      981.000   1.1358955e-17
      982.000   1.1361768e-17
      983.000   1.1364575e-17
      984.000   1.1367378e-17
      985.000   1.1370175e-17
      986.000   1.1372968e-17
      987.000   1.1375755e-17
      988.000   1.1378538e-17
      989.000   1.1381315e-17
      990.000   1.1384088e-17
      991.000   1.1386855e-17
      992.000   1.1389618e-17
      993.000   1.1392376e-17
      994.000   1.1395129e-17
      995.000   1.1397877e-17
      996.000   1.1400621e-17
      997.000   1.1403359e-17
      998.000   1.1406093e-17
      999.000   1.1408822e-17
      1000.00   1.1411546e-17
      1001.00   1.1414266e-17
      1002.00   1.1416980e-17
      1003.00   1.1419690e-17
      1004.00   1.1422396e-17
      1005.00   1.1425096e-17
      1006.00   1.1427792e-17
      1007.00   1.1430483e-17
      1008.00   1.1433170e-17
      1009.00   1.1435852e-17
      1010.00   1.1438529e-17
      1011.00   1.1441202e-17
      1012.00   1.1443870e-17
      1013.00   1.1446534e-17
      1014.00   1.1449193e-17
      1015.00   1.1451848e-17
      1016.00   1.1454498e-17
      1017.00   1.1457143e-17
      1018.00   1.1459784e-17
      1019.00   1.1462421e-17
      1020.00   1.1465053e-17
      1021.00   1.1467681e-17
      1022.00   1.1470304e-17
      1023.00   1.1472923e-17
      1024.00   1.1475537e-17
      1025.00   1.1478147e-17
      1026.00   1.1480752e-17
      1027.00   1.1483354e-17
      1028.00   1.1485951e-17
      1029.00   1.1488543e-17
      1030.00   1.1491131e-17
      1031.00   1.1493715e-17
      1032.00   1.1496295e-17
      1033.00   1.1498870e-17
      1034.00   1.1501441e-17
      1035.00   1.1504008e-17
      1036.00   1.1506571e-17
      1037.00   1.1509129e-17
      1038.00   1.1511684e-17
      1039.00   1.1514234e-17
      1040.00   1.1516779e-17
      1041.00   1.1519321e-17
      1042.00   1.1521858e-17
      1043.00   1.1524392e-17
      1044.00   1.1526921e-17
      1045.00   1.1529446e-17
      1046.00   1.1531967e-17
      1047.00   1.1534484e-17
      1048.00   1.1536997e-17
      1049.00   1.1539506e-17
      1050.00   1.1542010e-17
      1051.00   1.1544511e-17
      1052.00   1.1547008e-17
      1053.00   1.1549500e-17
      1054.00   1.1551989e-17
      1055.00   1.1554474e-17
      1056.00   1.1556955e-17
      1057.00   1.1559431e-17
      1058.00   1.1561904e-17
      1059.00   1.1564373e-17
      1060.00   1.1566838e-17
      1061.00   1.1569299e-17
      1062.00   1.1571756e-17
      1063.00   1.1574210e-17
      1064.00   1.1576659e-17
      1065.00   1.1579105e-17
      1066.00   1.1581546e-17
      1067.00   1.1583984e-17
      1068.00   1.1586418e-17
      1069.00   1.1588849e-17
      1070.00   1.1591275e-17
      1071.00   1.1593698e-17
      1072.00   1.1596117e-17
      1073.00   1.1598532e-17
      1074.00   1.1600943e-17
      1075.00   1.1603351e-17
      1076.00   1.1605755e-17
      1077.00   1.1608155e-17
      1078.00   1.1610552e-17
      1079.00   1.1612945e-17
      1080.00   1.1615334e-17
      1081.00   1.1617719e-17
      1082.00   1.1620101e-17
      1083.00   1.1622479e-17
      1084.00   1.1624854e-17
      1085.00   1.1627225e-17
      1086.00   1.1629592e-17
      1087.00   1.1631956e-17
      1088.00   1.1634316e-17
      1089.00   1.1636673e-17
      1090.00   1.1639026e-17
      1091.00   1.1641376e-17
      1092.00   1.1643722e-17
      1093.00   1.1646064e-17
      1094.00   1.1648403e-17
      1095.00   1.1650739e-17
      1096.00   1.1653071e-17
      1097.00   1.1655399e-17
      1098.00   1.1657724e-17
      1099.00   1.1660046e-17
      1100.00   1.1662364e-17
      1101.00   1.1664679e-17
      1102.00   1.1666990e-17
      1103.00   1.1669298e-17
      1104.00   1.1671602e-17
      1105.00   1.1673903e-17
      1106.00   1.1676201e-17
      1107.00   1.1678495e-17
      1108.00   1.1680786e-17
      1109.00   1.1683074e-17
      1110.00   1.1685358e-17
      1111.00   1.1687639e-17
      1112.00   1.1689916e-17
      1113.00   1.1692191e-17
      1114.00   1.1694462e-17
      1115.00   1.1696729e-17
      1116.00   1.1698994e-17
      1117.00   1.1701255e-17
      1118.00   1.1703513e-17
      1119.00   1.1705768e-17
      1120.00   1.1708019e-17
      1121.00   1.1710267e-17
      1122.00   1.1712512e-17
      1123.00   1.1714754e-17
      1124.00   1.1716993e-17
      1125.00   1.1719228e-17
      1126.00   1.1721460e-17
      1127.00   1.1723689e-17
      1128.00   1.1725915e-17
      1129.00   1.1728138e-17
      1130.00   1.1730358e-17
      1131.00   1.1732574e-17
      1132.00   1.1734788e-17
      1133.00   1.1736998e-17
      1134.00   1.1739205e-17
      1135.00   1.1741409e-17
      1136.00   1.1743610e-17
      1137.00   1.1745808e-17
      1138.00   1.1748003e-17
      1139.00   1.1750195e-17
      1140.00   1.1752384e-17
      1141.00   1.1754570e-17
      1142.00   1.1756753e-17
      1143.00   1.1758932e-17
      1144.00   1.1761109e-17
      1145.00   1.1763283e-17
      1146.00   1.1765454e-17
      1147.00   1.1767622e-17
      1148.00   1.1769787e-17
      1149.00   1.1771948e-17
      1150.00   1.1774107e-17
      1151.00   1.1776264e-17
      1152.00   1.1778417e-17
      1153.00   1.1780567e-17
      1154.00   1.1782714e-17
      1155.00   1.1784859e-17
      1156.00   1.1787000e-17
      1157.00   1.1789139e-17
      1158.00   1.1791275e-17
      1159.00   1.1793407e-17
      1160.00   1.1795537e-17
      1161.00   1.1797665e-17
      1162.00   1.1799789e-17
      1163.00   1.1801911e-17
      1164.00   1.1804029e-17
      1165.00   1.1806145e-17
      1166.00   1.1808258e-17
      1167.00   1.1810369e-17
      1168.00   1.1812476e-17
      1169.00   1.1814581e-17
      1170.00   1.1816683e-17
      1171.00   1.1818782e-17
      1172.00   1.1820879e-17
      1173.00   1.1822973e-17
      1174.00   1.1825064e-17
      1175.00   1.1827152e-17
      1176.00   1.1829238e-17
      1177.00   1.1831320e-17
      1178.00   1.1833401e-17
      1179.00   1.1835478e-17
      1180.00   1.1837553e-17
      1181.00   1.1839625e-17
      1182.00   1.1841695e-17
      1183.00   1.1843762e-17
      1184.00   1.1845826e-17
      1185.00   1.1847887e-17
      1186.00   1.1849946e-17
      1187.00   1.1852003e-17
      1188.00   1.1854056e-17
      1189.00   1.1856107e-17
      1190.00   1.1858156e-17
      1191.00   1.1860202e-17
      1192.00   1.1862245e-17
      1193.00   1.1864286e-17
      1194.00   1.1866324e-17
      1195.00   1.1868360e-17
      1196.00   1.1870393e-17
      1197.00   1.1872423e-17
      1198.00   1.1874451e-17
      1199.00   1.1876477e-17
      1200.00   1.1878499e-17
      1201.00   1.1880520e-17
      1202.00   1.1882538e-17
      1203.00   1.1884553e-17
      1204.00   1.1886566e-17
      1205.00   1.1888577e-17
      1206.00   1.1890585e-17
      1207.00   1.1892590e-17
      1208.00   1.1894593e-17
      1209.00   1.1896594e-17
      1210.00   1.1898592e-17
      1211.00   1.1900588e-17
      1212.00   1.1902581e-17
      1213.00   1.1904572e-17
      1214.00   1.1906560e-17
      1215.00   1.1908546e-17
      1216.00   1.1910530e-17
      1217.00   1.1912511e-17
      1218.00   1.1914490e-17
      1219.00   1.1916467e-17
      1220.00   1.1918441e-17
      1221.00   1.1920413e-17
      1222.00   1.1922382e-17
      1223.00   1.1924349e-17
      1224.00   1.1926314e-17
      1225.00   1.1928277e-17
      1226.00   1.1930237e-17
      1227.00   1.1932194e-17
      1228.00   1.1934150e-17
      1229.00   1.1936103e-17
      1230.00   1.1938054e-17
      1231.00   1.1940002e-17
      1232.00   1.1941949e-17
      1233.00   1.1943893e-17
      1234.00   1.1945835e-17
      1235.00   1.1947774e-17
      1236.00   1.1949711e-17
      1237.00   1.1951646e-17
      1238.00   1.1953579e-17
      1239.00   1.1955510e-17
      1240.00   1.1957438e-17
      1241.00   1.1959364e-17
      1242.00   1.1961288e-17
      1243.00   1.1963209e-17
      1244.00   1.1965129e-17
      1245.00   1.1967046e-17
      1246.00   1.1968961e-17
      1247.00   1.1970874e-17
      1248.00   1.1972785e-17
      1249.00   1.1974693e-17
      1250.00   1.1976600e-17
      1251.00   1.1978504e-17
      1252.00   1.1980406e-17
      1253.00   1.1982306e-17
      1254.00   1.1984204e-17
      1255.00   1.1986099e-17
      1256.00   1.1987993e-17
      1257.00   1.1989884e-17
      1258.00   1.1991774e-17
      1259.00   1.1993661e-17
      1260.00   1.1995546e-17
      1261.00   1.1997429e-17
      1262.00   1.1999310e-17
      1263.00   1.2001189e-17
      1264.00   1.2003066e-17
      1265.00   1.2004941e-17
      1266.00   1.2006813e-17
      1267.00   1.2008684e-17
      1268.00   1.2010553e-17
      1269.00   1.2012419e-17
      1270.00   1.2014284e-17
      1271.00   1.2016146e-17
      1272.00   1.2018007e-17
      1273.00   1.2019865e-17
      1274.00   1.2021722e-17
      1275.00   1.2023576e-17
      1276.00   1.2025429e-17
      1277.00   1.2027279e-17
      1278.00   1.2029127e-17
      1279.00   1.2030974e-17
      1280.00   1.2032819e-17
      1281.00   1.2034661e-17
      1282.00   1.2036502e-17
      1283.00   1.2038340e-17
      1284.00   1.2040177e-17
      1285.00   1.2042012e-17
      1286.00   1.2043845e-17
      1287.00   1.2045676e-17
      1288.00   1.2047505e-17
      1289.00   1.2049332e-17
      1290.00   1.2051157e-17
      1291.00   1.2052980e-17
      1292.00   1.2054802e-17
      1293.00   1.2056621e-17
      1294.00   1.2058439e-17
      1295.00   1.2060254e-17
      1296.00   1.2062068e-17
      1297.00   1.2063880e-17
      1298.00   1.2065690e-17
      1299.00   1.2067498e-17
      1300.00   1.2069305e-17
      1301.00   1.2071109e-17
      1302.00   1.2072912e-17
      1303.00   1.2074713e-17
      1304.00   1.2076512e-17
      1305.00   1.2078309e-17
      1306.00   1.2080104e-17
      1307.00   1.2081898e-17
      1308.00   1.2083689e-17
      1309.00   1.2085479e-17
      1310.00   1.2087267e-17
      1311.00   1.2089054e-17
      1312.00   1.2090838e-17
      1313.00   1.2092621e-17
      1314.00   1.2094402e-17
      1315.00   1.2096181e-17
      1316.00   1.2097959e-17
      1317.00   1.2099734e-17
      1318.00   1.2101508e-17
      1319.00   1.2103280e-17
      1320.00   1.2105051e-17
      1321.00   1.2106819e-17
      1322.00   1.2108586e-17
      1323.00   1.2110352e-17
      1324.00   1.2112115e-17
      1325.00   1.2113877e-17
      1326.00   1.2115637e-17
      1327.00   1.2117395e-17
      1328.00   1.2119152e-17
      1329.00   1.2120907e-17
      1330.00   1.2122660e-17
      1331.00   1.2124412e-17
      1332.00   1.2126161e-17
      1333.00   1.2127910e-17
      1334.00   1.2129656e-17
      1335.00   1.2131401e-17
      1336.00   1.2133144e-17
      1337.00   1.2134886e-17
      1338.00   1.2136625e-17
      1339.00   1.2138364e-17
      1340.00   1.2140100e-17
      1341.00   1.2141835e-17
      1342.00   1.2143569e-17
      1343.00   1.2145300e-17
      1344.00   1.2147030e-17
      1345.00   1.2148759e-17
      1346.00   1.2150485e-17
      1347.00   1.2152211e-17
      1348.00   1.2153934e-17
      1349.00   1.2155656e-17
      1350.00   1.2157377e-17
      1351.00   1.2159096e-17
      1352.00   1.2160813e-17
      1353.00   1.2162528e-17
      1354.00   1.2164242e-17
      1355.00   1.2165955e-17
      1356.00   1.2167666e-17
      1357.00   1.2169375e-17
      1358.00   1.2171083e-17
      1359.00   1.2172789e-17
      1360.00   1.2174494e-17
      1361.00   1.2176197e-17
      1362.00   1.2177899e-17
      1363.00   1.2179599e-17
      1364.00   1.2181298e-17
      1365.00   1.2182995e-17
      1366.00   1.2184690e-17
      1367.00   1.2186384e-17
      1368.00   1.2188077e-17
      1369.00   1.2189768e-17
      1370.00   1.2191457e-17
      1371.00   1.2193145e-17
      1372.00   1.2194832e-17
      1373.00   1.2196517e-17
      1374.00   1.2198200e-17
      1375.00   1.2199882e-17
      1376.00   1.2201563e-17
      1377.00   1.2203242e-17
      1378.00   1.2204920e-17
      1379.00   1.2206596e-17
      1380.00   1.2208271e-17
      1381.00   1.2209944e-17
      1382.00   1.2211616e-17
      1383.00   1.2213286e-17
      1384.00   1.2214955e-17
      1385.00   1.2216623e-17
      1386.00   1.2218289e-17
      1387.00   1.2219953e-17
      1388.00   1.2221617e-17
      1389.00   1.2223278e-17
      1390.00   1.2224939e-17
      1391.00   1.2226598e-17
      1392.00   1.2228255e-17
      1393.00   1.2229912e-17
      1394.00   1.2231566e-17
      1395.00   1.2233220e-17
      1396.00   1.2234872e-17
      1397.00   1.2236522e-17
      1398.00   1.2238172e-17
      1399.00   1.2239820e-17
      1400.00   1.2241466e-17
      1401.00   1.2243111e-17
      1402.00   1.2244755e-17
      1403.00   1.2246397e-17
      1404.00   1.2248038e-17
      1405.00   1.2249678e-17
      1406.00   1.2251316e-17
      1407.00   1.2252954e-17
      1408.00   1.2254589e-17
      1409.00   1.2256224e-17
      1410.00   1.2257857e-17
      1411.00   1.2259488e-17
      1412.00   1.2261119e-17
      1413.00   1.2262748e-17
      1414.00   1.2264375e-17
      1415.00   1.2266002e-17
      1416.00   1.2267627e-17
      1417.00   1.2269251e-17
      1418.00   1.2270873e-17
      1419.00   1.2272494e-17
      1420.00   1.2274114e-17
      1421.00   1.2275733e-17
      1422.00   1.2277350e-17
      1423.00   1.2278966e-17
      1424.00   1.2280581e-17
      1425.00   1.2282195e-17
      1426.00   1.2283807e-17
      1427.00   1.2285418e-17
      1428.00   1.2287028e-17
      1429.00   1.2288636e-17
      1430.00   1.2290243e-17
      1431.00   1.2291849e-17
      1432.00   1.2293454e-17
      1433.00   1.2295057e-17
      1434.00   1.2296660e-17
      1435.00   1.2298261e-17
      1436.00   1.2299860e-17
      1437.00   1.2301459e-17
      1438.00   1.2303056e-17
      1439.00   1.2304652e-17
      1440.00   1.2306247e-17
      1441.00   1.2307841e-17
      1442.00   1.2309433e-17
      1443.00   1.2311025e-17
      1444.00   1.2312615e-17
      1445.00   1.2314204e-17
      1446.00   1.2315791e-17
      1447.00   1.2317378e-17
      1448.00   1.2318963e-17
      1449.00   1.2320547e-17
      1450.00   1.2322130e-17
      1451.00   1.2323712e-17
      1452.00   1.2325292e-17
      1453.00   1.2326872e-17
      1454.00   1.2328450e-17
      1455.00   1.2330027e-17
      1456.00   1.2331603e-17
      1457.00   1.2333178e-17
      1458.00   1.2334751e-17
      1459.00   1.2336324e-17
      1460.00   1.2337895e-17
      1461.00   1.2339465e-17
      1462.00   1.2341034e-17
      1463.00   1.2342602e-17
      1464.00   1.2344169e-17
      1465.00   1.2345735e-17
      1466.00   1.2347299e-17
      1467.00   1.2348863e-17
      1468.00   1.2350425e-17
      1469.00   1.2351986e-17
      1470.00   1.2353546e-17
      1471.00   1.2355105e-17
      1472.00   1.2356663e-17
      1473.00   1.2358220e-17
      1474.00   1.2359775e-17
      1475.00   1.2361330e-17
      1476.00   1.2362883e-17
      1477.00   1.2364436e-17
      1478.00   1.2365987e-17
      1479.00   1.2367537e-17
      1480.00   1.2369086e-17
      1481.00   1.2370634e-17
      1482.00   1.2372181e-17
      1483.00   1.2373727e-17
      1484.00   1.2375272e-17
      1485.00   1.2376816e-17
      1486.00   1.2378359e-17
      1487.00   1.2379900e-17
      1488.00   1.2381441e-17
      1489.00   1.2382981e-17
      1490.00   1.2384519e-17
      1491.00   1.2386057e-17
      1492.00   1.2387593e-17
      1493.00   1.2389128e-17
      1494.00   1.2390663e-17
      1495.00   1.2392196e-17
      1496.00   1.2393728e-17
      1497.00   1.2395260e-17
      1498.00   1.2396790e-17
      1499.00   1.2398319e-17
      1500.00   1.2399848e-17
      1501.00   1.2401375e-17
      1502.00   1.2402901e-17
      1503.00   1.2404426e-17
      1504.00   1.2405951e-17
      1505.00   1.2407474e-17
      1506.00   1.2408996e-17
      1507.00   1.2410517e-17
      1508.00   1.2412037e-17
      1509.00   1.2413557e-17
      1510.00   1.2415075e-17
      1511.00   1.2416592e-17
      1512.00   1.2418109e-17
      1513.00   1.2419624e-17
      1514.00   1.2421138e-17
      1515.00   1.2422652e-17
      1516.00   1.2424164e-17
      1517.00   1.2425676e-17
      1518.00   1.2427186e-17
      1519.00   1.2428696e-17
      1520.00   1.2430204e-17
      1521.00   1.2431712e-17
      1522.00   1.2433219e-17
      1523.00   1.2434724e-17
      1524.00   1.2436229e-17
      1525.00   1.2437733e-17
      1526.00   1.2439236e-17
      1527.00   1.2440738e-17
      1528.00   1.2442239e-17
      1529.00   1.2443739e-17
      1530.00   1.2445238e-17
      1531.00   1.2446737e-17
      1532.00   1.2448234e-17
      1533.00   1.2449730e-17
      1534.00   1.2451226e-17
      1535.00   1.2452721e-17
      1536.00   1.2454214e-17
      1537.00   1.2455707e-17
      1538.00   1.2457199e-17
      1539.00   1.2458690e-17
      1540.00   1.2460180e-17
      1541.00   1.2461669e-17
      1542.00   1.2463158e-17
      1543.00   1.2464645e-17
      1544.00   1.2466132e-17
      1545.00   1.2467617e-17
      1546.00   1.2469102e-17
      1547.00   1.2470586e-17
      1548.00   1.2472069e-17
      1549.00   1.2473551e-17
      1550.00   1.2475032e-17
      1551.00   1.2476513e-17
      1552.00   1.2477992e-17
      1553.00   1.2479471e-17
      1554.00   1.2480949e-17
      1555.00   1.2482426e-17
      1556.00   1.2483902e-17
      1557.00   1.2485377e-17
      1558.00   1.2486852e-17
      1559.00   1.2488325e-17
      1560.00   1.2489798e-17
      1561.00   1.2491270e-17
      1562.00   1.2492741e-17
      1563.00   1.2494211e-17
      1564.00   1.2495680e-17
      1565.00   1.2497149e-17
      1566.00   1.2498617e-17
      1567.00   1.2500083e-17
      1568.00   1.2501549e-17
      1569.00   1.2503015e-17
      1570.00   1.2504479e-17
      1571.00   1.2505943e-17
      1572.00   1.2507405e-17
      1573.00   1.2508867e-17
      1574.00   1.2510329e-17
      1575.00   1.2511789e-17
      1576.00   1.2513248e-17
      1577.00   1.2514707e-17
      1578.00   1.2516165e-17
      1579.00   1.2517622e-17
      1580.00   1.2519079e-17
      1581.00   1.2520534e-17
      1582.00   1.2521989e-17
      1583.00   1.2523443e-17
      1584.00   1.2524896e-17
      1585.00   1.2526349e-17
      1586.00   1.2527800e-17
      1587.00   1.2529251e-17
      1588.00   1.2530701e-17
      1589.00   1.2532151e-17
      1590.00   1.2533599e-17
      1591.00   1.2535047e-17
      1592.00   1.2536494e-17
      1593.00   1.2537940e-17
      1594.00   1.2539386e-17
      1595.00   1.2540830e-17
      1596.00   1.2542274e-17
      1597.00   1.2543718e-17
      1598.00   1.2545160e-17
      1599.00   1.2546602e-17
      1600.00   1.2548043e-17
      1601.00   1.2549483e-17
      1602.00   1.2550922e-17
      1603.00   1.2552361e-17
      1604.00   1.2553799e-17
      1605.00   1.2555236e-17
      1606.00   1.2556673e-17
      1607.00   1.2558109e-17
      1608.00   1.2559544e-17
      1609.00   1.2560978e-17
      1610.00   1.2562412e-17
      1611.00   1.2563845e-17
      1612.00   1.2565277e-17
      1613.00   1.2566709e-17
      1614.00   1.2568139e-17
      1615.00   1.2569569e-17
      1616.00   1.2570999e-17
      1617.00   1.2572427e-17
      1618.00   1.2573855e-17
      1619.00   1.2575282e-17
      1620.00   1.2576709e-17
      1621.00   1.2578135e-17
      1622.00   1.2579560e-17
      1623.00   1.2580984e-17
      1624.00   1.2582408e-17
      1625.00   1.2583831e-17
      1626.00   1.2585254e-17
      1627.00   1.2586675e-17
      1628.00   1.2588096e-17
      1629.00   1.2589517e-17
      1630.00   1.2590936e-17
      1631.00   1.2592355e-17
      1632.00   1.2593773e-17
      1633.00   1.2595191e-17
      1634.00   1.2596608e-17
      1635.00   1.2598024e-17
      1636.00   1.2599440e-17
      1637.00   1.2600855e-17
      1638.00   1.2602269e-17
      1639.00   1.2603683e-17
      1640.00   1.2605096e-17
      1641.00   1.2606508e-17
      1642.00   1.2607920e-17
      1643.00   1.2609331e-17
      1644.00   1.2610741e-17
      1645.00   1.2612151e-17
      1646.00   1.2613560e-17
      1647.00   1.2614968e-17
      1648.00   1.2616376e-17
      1649.00   1.2617783e-17
      1650.00   1.2619189e-17
      1651.00   1.2620595e-17
      1652.00   1.2622001e-17
      1653.00   1.2623405e-17
      1654.00   1.2624809e-17
      1655.00   1.2626212e-17
      1656.00   1.2627615e-17
      1657.00   1.2629017e-17
      1658.00   1.2630419e-17
      1659.00   1.2631820e-17
      1660.00   1.2633220e-17
      1661.00   1.2634619e-17
      1662.00   1.2636018e-17
      1663.00   1.2637417e-17
      1664.00   1.2638814e-17
      1665.00   1.2640212e-17
      1666.00   1.2641608e-17
      1667.00   1.2643004e-17
      1668.00   1.2644399e-17
      1669.00   1.2645794e-17
      1670.00   1.2647188e-17
      1671.00   1.2648582e-17
      1672.00   1.2649975e-17
      1673.00   1.2651367e-17
      1674.00   1.2652759e-17
      1675.00   1.2654150e-17
      1676.00   1.2655541e-17
      1677.00   1.2656931e-17
      1678.00   1.2658320e-17
      1679.00   1.2659709e-17
      1680.00   1.2661097e-17
      1681.00   1.2662485e-17
      1682.00   1.2663872e-17
      1683.00   1.2665259e-17
      1684.00   1.2666645e-17
      1685.00   1.2668030e-17
      1686.00   1.2669415e-17
      1687.00   1.2670799e-17
      1688.00   1.2672183e-17
      1689.00   1.2673566e-17
      1690.00   1.2674949e-17
      1691.00   1.2676331e-17
      1692.00   1.2677712e-17
      1693.00   1.2679093e-17
      1694.00   1.2680473e-17
      1695.00   1.2681853e-17
      1696.00   1.2683232e-17
      1697.00   1.2684611e-17
      1698.00   1.2685989e-17
      1699.00   1.2687367e-17
      1700.00   1.2688744e-17
      1701.00   1.2690121e-17
      1702.00   1.2691497e-17
      1703.00   1.2692872e-17
      1704.00   1.2694247e-17
      1705.00   1.2695621e-17
      1706.00   1.2696995e-17
      1707.00   1.2698369e-17
      1708.00   1.2699741e-17
      1709.00   1.2701114e-17
      1710.00   1.2702485e-17
      1711.00   1.2703857e-17
      1712.00   1.2705227e-17
      1713.00   1.2706597e-17
      1714.00   1.2707967e-17
      1715.00   1.2709336e-17
      1716.00   1.2710705e-17
      1717.00   1.2712073e-17
      1718.00   1.2713441e-17
      1719.00   1.2714808e-17
      1720.00   1.2716174e-17
      1721.00   1.2717540e-17
      1722.00   1.2718906e-17
      1723.00   1.2720271e-17
      1724.00   1.2721635e-17
      1725.00   1.2723000e-17
      1726.00   1.2724363e-17
      1727.00   1.2725726e-17
      1728.00   1.2727089e-17
      1729.00   1.2728451e-17
      1730.00   1.2729812e-17
      1731.00   1.2731174e-17
      1732.00   1.2732534e-17
      1733.00   1.2733894e-17
      1734.00   1.2735254e-17
      1735.00   1.2736613e-17
      1736.00   1.2737972e-17
      1737.00   1.2739330e-17
      1738.00   1.2740688e-17
      1739.00   1.2742045e-17
      1740.00   1.2743402e-17
      1741.00   1.2744758e-17
      1742.00   1.2746114e-17
      1743.00   1.2747469e-17
      1744.00   1.2748824e-17
      1745.00   1.2750178e-17
      1746.00   1.2751532e-17
      1747.00   1.2752886e-17
      1748.00   1.2754239e-17
      1749.00   1.2755591e-17
      1750.00   1.2756944e-17
      1751.00   1.2758295e-17
      1752.00   1.2759646e-17
      1753.00   1.2760997e-17
      1754.00   1.2762347e-17
      1755.00   1.2763697e-17
      1756.00   1.2765047e-17
      1757.00   1.2766395e-17
      1758.00   1.2767744e-17
      1759.00   1.2769092e-17
      1760.00   1.2770440e-17
      1761.00   1.2771787e-17
      1762.00   1.2773133e-17
      1763.00   1.2774480e-17
      1764.00   1.2775826e-17
      1765.00   1.2777171e-17
      1766.00   1.2778516e-17
      1767.00   1.2779860e-17
      1768.00   1.2781204e-17
      1769.00   1.2782548e-17
      1770.00   1.2783891e-17
      1771.00   1.2785234e-17
      1772.00   1.2786577e-17
      1773.00   1.2787918e-17
      1774.00   1.2789260e-17
      1775.00   1.2790601e-17
      1776.00   1.2791942e-17
      1777.00   1.2793282e-17
      1778.00   1.2794622e-17
      1779.00   1.2795961e-17
      1780.00   1.2797300e-17
      1781.00   1.2798639e-17
      1782.00   1.2799977e-17
      1783.00   1.2801315e-17
      1784.00   1.2802652e-17
      1785.00   1.2803989e-17
      1786.00   1.2805326e-17
      1787.00   1.2806662e-17
      1788.00   1.2807998e-17
      1789.00   1.2809333e-17
      1790.00   1.2810668e-17
      1791.00   1.2812003e-17
      1792.00   1.2813337e-17
      1793.00   1.2814671e-17
      1794.00   1.2816004e-17
      1795.00   1.2817337e-17
      1796.00   1.2818669e-17
      1797.00   1.2820002e-17
      1798.00   1.2821333e-17
      1799.00   1.2822665e-17
      1800.00   1.2823996e-17
      1801.00   1.2825327e-17
      1802.00   1.2826657e-17
      1803.00   1.2827987e-17
      1804.00   1.2829316e-17
      1805.00   1.2830645e-17
      1806.00   1.2831974e-17
      1807.00   1.2833302e-17
      1808.00   1.2834630e-17
      1809.00   1.2835958e-17
      1810.00   1.2837285e-17
      1811.00   1.2838612e-17
      1812.00   1.2839939e-17
      1813.00   1.2841265e-17
      1814.00   1.2842591e-17
      1815.00   1.2843916e-17
      1816.00   1.2845241e-17
      1817.00   1.2846566e-17
      1818.00   1.2847890e-17
      1819.00   1.2849214e-17
      1820.00   1.2850537e-17
      1821.00   1.2851861e-17
      1822.00   1.2853184e-17
      1823.00   1.2854506e-17
      1824.00   1.2855828e-17
      1825.00   1.2857150e-17
      1826.00   1.2858471e-17
      1827.00   1.2859793e-17
      1828.00   1.2861113e-17
      1829.00   1.2862434e-17
      1830.00   1.2863754e-17
      1831.00   1.2865074e-17
      1832.00   1.2866393e-17
      1833.00   1.2867712e-17
      1834.00   1.2869031e-17
      1835.00   1.2870349e-17
      1836.00   1.2871667e-17
      1837.00   1.2872985e-17
      1838.00   1.2874302e-17
      1839.00   1.2875619e-17
      1840.00   1.2876936e-17
      1841.00   1.2878252e-17
      1842.00   1.2879568e-17
      1843.00   1.2880884e-17
      1844.00   1.2882199e-17
      1845.00   1.2883514e-17
      1846.00   1.2884829e-17
      1847.00   1.2886143e-17
      1848.00   1.2887457e-17
      1849.00   1.2888771e-17
      1850.00   1.2890084e-17
      1851.00   1.2891397e-17
      1852.00   1.2892710e-17
      1853.00   1.2894022e-17
      1854.00   1.2895335e-17
      1855.00   1.2896646e-17
      1856.00   1.2897958e-17
      1857.00   1.2899269e-17
      1858.00   1.2900580e-17
      1859.00   1.2901890e-17
      1860.00   1.2903201e-17
      1861.00   1.2904511e-17
      1862.00   1.2905820e-17
      1863.00   1.2907130e-17
      1864.00   1.2908439e-17
      1865.00   1.2909747e-17
      1866.00   1.2911056e-17
      1867.00   1.2912364e-17
      1868.00   1.2913672e-17
      1869.00   1.2914979e-17
      1870.00   1.2916286e-17
      1871.00   1.2917593e-17
      1872.00   1.2918900e-17
      1873.00   1.2920206e-17
      1874.00   1.2921512e-17
      1875.00   1.2922818e-17
      1876.00   1.2924123e-17
      1877.00   1.2925429e-17
      1878.00   1.2926733e-17
      1879.00   1.2928038e-17
      1880.00   1.2929342e-17
      1881.00   1.2930646e-17
      1882.00   1.2931950e-17
      1883.00   1.2933254e-17
      1884.00   1.2934557e-17
      1885.00   1.2935860e-17
      1886.00   1.2937162e-17
      1887.00   1.2938464e-17
      1888.00   1.2939767e-17
      1889.00   1.2941068e-17
      1890.00   1.2942370e-17
      1891.00   1.2943671e-17
      1892.00   1.2944972e-17
      1893.00   1.2946273e-17
      1894.00   1.2947573e-17
      1895.00   1.2948873e-17
      1896.00   1.2950173e-17
      1897.00   1.2951473e-17
      1898.00   1.2952772e-17
      1899.00   1.2954071e-17
      1900.00   1.2955370e-17
      1901.00   1.2956668e-17
      1902.00   1.2957967e-17
      1903.00   1.2959265e-17
      1904.00   1.2960562e-17
      1905.00   1.2961860e-17
      1906.00   1.2963157e-17
      1907.00   1.2964454e-17
      1908.00   1.2965751e-17
      1909.00   1.2967047e-17
      1910.00   1.2968343e-17
      1911.00   1.2969639e-17
      1912.00   1.2970935e-17
      1913.00   1.2972231e-17
      1914.00   1.2973526e-17
      1915.00   1.2974821e-17
      1916.00   1.2976115e-17
      1917.00   1.2977410e-17
      1918.00   1.2978704e-17
      1919.00   1.2979998e-17
      1920.00   1.2981292e-17
      1921.00   1.2982585e-17
      1922.00   1.2983879e-17
      1923.00   1.2985172e-17
      1924.00   1.2986464e-17
      1925.00   1.2987757e-17
      1926.00   1.2989049e-17
      1927.00   1.2990341e-17
      1928.00   1.2991633e-17
      1929.00   1.2992925e-17
      1930.00   1.2994216e-17
      1931.00   1.2995507e-17
      1932.00   1.2996798e-17
      1933.00   1.2998089e-17
      1934.00   1.2999379e-17
      1935.00   1.3000669e-17
      1936.00   1.3001959e-17
      1937.00   1.3003249e-17
      1938.00   1.3004539e-17
      1939.00   1.3005828e-17
      1940.00   1.3007117e-17
      1941.00   1.3008406e-17
      1942.00   1.3009694e-17
      1943.00   1.3010983e-17
      1944.00   1.3012271e-17
      1945.00   1.3013559e-17
      1946.00   1.3014847e-17
      1947.00   1.3016134e-17
      1948.00   1.3017422e-17
      1949.00   1.3018709e-17
      1950.00   1.3019996e-17
      1951.00   1.3021282e-17
      1952.00   1.3022569e-17
      1953.00   1.3023855e-17
      1954.00   1.3025141e-17
      1955.00   1.3026427e-17
      1956.00   1.3027713e-17
      1957.00   1.3028998e-17
      1958.00   1.3030283e-17
      1959.00   1.3031568e-17
      1960.00   1.3032853e-17
      1961.00   1.3034138e-17
      1962.00   1.3035422e-17
      1963.00   1.3036706e-17
      1964.00   1.3037990e-17
      1965.00   1.3039274e-17
      1966.00   1.3040558e-17
      1967.00   1.3041841e-17
      1968.00   1.3043124e-17
      1969.00   1.3044407e-17
      1970.00   1.3045690e-17
      1971.00   1.3046973e-17
      1972.00   1.3048255e-17
      1973.00   1.3049538e-17
      1974.00   1.3050820e-17
      1975.00   1.3052101e-17
      1976.00   1.3053383e-17
      1977.00   1.3054665e-17
      1978.00   1.3055946e-17
      1979.00   1.3057227e-17
      1980.00   1.3058508e-17
      1981.00   1.3059789e-17
      1982.00   1.3061069e-17
      1983.00   1.3062350e-17
      1984.00   1.3063630e-17
      1985.00   1.3064910e-17
      1986.00   1.3066190e-17
      1987.00   1.3067469e-17
      1988.00   1.3068749e-17
      1989.00   1.3070028e-17
      1990.00   1.3071307e-17
      1991.00   1.3072586e-17
      1992.00   1.3073865e-17
      1993.00   1.3075143e-17
      1994.00   1.3076422e-17
      1995.00   1.3077700e-17
      1996.00   1.3078978e-17
      1997.00   1.3080256e-17
      1998.00   1.3081534e-17
      1999.00   1.3082811e-17
      2000.00   1.3084089e-17
      2001.00   1.3085366e-17
      2002.00   1.3086643e-17
      2003.00   1.3087920e-17
      2004.00   1.3089197e-17
      2005.00   1.3090473e-17
      2006.00   1.3091750e-17
      2007.00   1.3093026e-17
      2008.00   1.3094302e-17
      2009.00   1.3095578e-17
      2010.00   1.3096854e-17
      2011.00   1.3098129e-17
      2012.00   1.3099405e-17
      2013.00   1.3100680e-17
      2014.00   1.3101955e-17
      2015.00   1.3103230e-17
      2016.00   1.3104505e-17
      2017.00   1.3105780e-17
      2018.00   1.3107054e-17
      2019.00   1.3108328e-17
      2020.00   1.3109603e-17
      2021.00   1.3110877e-17
      2022.00   1.3112151e-17
      2023.00   1.3113424e-17
      2024.00   1.3114698e-17
      2025.00   1.3115971e-17
      2026.00   1.3117245e-17
      2027.00   1.3118518e-17
      2028.00   1.3119791e-17
      2029.00   1.3121064e-17
      2030.00   1.3122337e-17
      2031.00   1.3123609e-17
      2032.00   1.3124882e-17
      2033.00   1.3126154e-17
      2034.00   1.3127426e-17
      2035.00   1.3128698e-17
      2036.00   1.3129970e-17
      2037.00   1.3131242e-17
      2038.00   1.3132513e-17
      2039.00   1.3133785e-17
      2040.00   1.3135056e-17
      2041.00   1.3136327e-17
      2042.00   1.3137598e-17
      2043.00   1.3138869e-17
      2044.00   1.3140140e-17
      2045.00   1.3141411e-17
      2046.00   1.3142681e-17
      2047.00   1.3143952e-17
      2048.00   1.3145222e-17
      2049.00   1.3146492e-17
      2050.00   1.3147762e-17
      2051.00   1.3149032e-17
      2052.00   1.3150302e-17
      2053.00   1.3151572e-17
      2054.00   1.3152841e-17
      2055.00   1.3154110e-17
      2056.00   1.3155380e-17
      2057.00   1.3156649e-17
      2058.00   1.3157918e-17
      2059.00   1.3159187e-17
      2060.00   1.3160456e-17
      2061.00   1.3161724e-17
      2062.00   1.3162993e-17
      2063.00   1.3164261e-17
      2064.00   1.3165530e-17
      2065.00   1.3166798e-17
      2066.00   1.3168066e-17
      2067.00   1.3169334e-17
      2068.00   1.3170602e-17
      2069.00   1.3171869e-17
      2070.00   1.3173137e-17
      2071.00   1.3174405e-17
      2072.00   1.3175672e-17
      2073.00   1.3176939e-17
      2074.00   1.3178206e-17
      2075.00   1.3179474e-17
      2076.00   1.3180741e-17
      2077.00   1.3182007e-17
      2078.00   1.3183274e-17
      2079.00   1.3184541e-17
      2080.00   1.3185807e-17
      2081.00   1.3187074e-17
      2082.00   1.3188340e-17
      2083.00   1.3189606e-17
      2084.00   1.3190872e-17
      2085.00   1.3192138e-17
      2086.00   1.3193404e-17
      2087.00   1.3194670e-17
      2088.00   1.3195936e-17
      2089.00   1.3197202e-17
      2090.00   1.3198467e-17
      2091.00   1.3199733e-17
      2092.00   1.3200998e-17
      2093.00   1.3202263e-17
      2094.00   1.3203528e-17
      2095.00   1.3204793e-17
      2096.00   1.3206058e-17
      2097.00   1.3207323e-17
      2098.00   1.3208588e-17
      2099.00   1.3209852e-17
      2100.00   1.3211117e-17
      2101.00   1.3212382e-17
      2102.00   1.3213646e-17
      2103.00   1.3214910e-17
      2104.00   1.3216174e-17
      2105.00   1.3217439e-17
      2106.00   1.3218703e-17
      2107.00   1.3219967e-17
      2108.00   1.3221230e-17
      2109.00   1.3222494e-17
      2110.00   1.3223758e-17
      2111.00   1.3225022e-17
      2112.00   1.3226285e-17
      2113.00   1.3227549e-17
      2114.00   1.3228812e-17
      2115.00   1.3230075e-17
      2116.00   1.3231338e-17
      2117.00   1.3232602e-17
      2118.00   1.3233865e-17
      2119.00   1.3235128e-17
      2120.00   1.3236390e-17
      2121.00   1.3237653e-17
      2122.00   1.3238916e-17
      2123.00   1.3240179e-17
      2124.00   1.3241441e-17
      2125.00   1.3242704e-17
      2126.00   1.3243966e-17
      2127.00   1.3245228e-17
      2128.00   1.3246491e-17
      2129.00   1.3247753e-17
      2130.00   1.3249015e-17
      2131.00   1.3250277e-17
      2132.00   1.3251539e-17
      2133.00   1.3252801e-17
      2134.00   1.3254063e-17
      2135.00   1.3255325e-17
      2136.00   1.3256587e-17
      2137.00   1.3257848e-17
      2138.00   1.3259110e-17
      2139.00   1.3260371e-17
      2140.00   1.3261633e-17
      2141.00   1.3262894e-17
      2142.00   1.3264156e-17
      2143.00   1.3265417e-17
      2144.00   1.3266678e-17
      2145.00   1.3267939e-17
      2146.00   1.3269200e-17
      2147.00   1.3270461e-17
      2148.00   1.3271722e-17
      2149.00   1.3272983e-17
      2150.00   1.3274244e-17
      2151.00   1.3275505e-17
      2152.00   1.3276765e-17
      2153.00   1.3278026e-17
      2154.00   1.3279287e-17
      2155.00   1.3280547e-17
      2156.00   1.3281808e-17
      2157.00   1.3283068e-17
      2158.00   1.3284329e-17
      2159.00   1.3285589e-17
      2160.00   1.3286849e-17
      2161.00   1.3288110e-17
      2162.00   1.3289370e-17
      2163.00   1.3290630e-17
      2164.00   1.3291890e-17
      2165.00   1.3293150e-17
      2166.00   1.3294410e-17
      2167.00   1.3295670e-17
      2168.00   1.3296930e-17
      2169.00   1.3298190e-17
      2170.00   1.3299449e-17
      2171.00   1.3300709e-17
      2172.00   1.3301969e-17
      2173.00   1.3303229e-17
      2174.00   1.3304488e-17
      2175.00   1.3305748e-17
      2176.00   1.3307007e-17
      2177.00   1.3308267e-17
      2178.00   1.3309526e-17
      2179.00   1.3310786e-17
      2180.00   1.3312045e-17
      2181.00   1.3313304e-17
      2182.00   1.3314564e-17
      2183.00   1.3315823e-17
      2184.00   1.3317082e-17
      2185.00   1.3318341e-17
      2186.00   1.3319600e-17
      2187.00   1.3320859e-17
      2188.00   1.3322119e-17
      2189.00   1.3323378e-17
      2190.00   1.3324637e-17
      2191.00   1.3325896e-17
      2192.00   1.3327154e-17
      2193.00   1.3328413e-17
      2194.00   1.3329672e-17
      2195.00   1.3330931e-17
      2196.00   1.3332190e-17
      2197.00   1.3333449e-17
      2198.00   1.3334707e-17
      2199.00   1.3335966e-17
      2200.00   1.3337225e-17
      2201.00   1.3338483e-17
      2202.00   1.3339742e-17
      2203.00   1.3341000e-17
      2204.00   1.3342259e-17
      2205.00   1.3343518e-17
      2206.00   1.3344776e-17
      2207.00   1.3346035e-17
      2208.00   1.3347293e-17
      2209.00   1.3348551e-17
      2210.00   1.3349810e-17
      2211.00   1.3351068e-17
      2212.00   1.3352327e-17
      2213.00   1.3353585e-17
      2214.00   1.3354843e-17
      2215.00   1.3356102e-17
      2216.00   1.3357360e-17
      2217.00   1.3358618e-17
      2218.00   1.3359876e-17
      2219.00   1.3361135e-17
      2220.00   1.3362393e-17
      2221.00   1.3363651e-17
      2222.00   1.3364909e-17
      2223.00   1.3366167e-17
      2224.00   1.3367425e-17
      2225.00   1.3368683e-17
      2226.00   1.3369942e-17
      2227.00   1.3371200e-17
      2228.00   1.3372458e-17
      2229.00   1.3373716e-17
      2230.00   1.3374974e-17
      2231.00   1.3376232e-17
      2232.00   1.3377490e-17
      2233.00   1.3378748e-17
      2234.00   1.3380006e-17
      2235.00   1.3381264e-17
      2236.00   1.3382522e-17
      2237.00   1.3383780e-17
      2238.00   1.3385038e-17
      2239.00   1.3386296e-17
      2240.00   1.3387554e-17
      2241.00   1.3388812e-17
      2242.00   1.3390070e-17
      2243.00   1.3391327e-17
      2244.00   1.3392585e-17
      2245.00   1.3393843e-17
      2246.00   1.3395101e-17
      2247.00   1.3396359e-17
      2248.00   1.3397617e-17
      2249.00   1.3398875e-17
      2250.00   1.3400133e-17
      2251.00   1.3401391e-17
      2252.00   1.3402649e-17
      2253.00   1.3403907e-17
      2254.00   1.3405164e-17
      2255.00   1.3406422e-17
      2256.00   1.3407680e-17
      2257.00   1.3408938e-17
      2258.00   1.3410196e-17
      2259.00   1.3411454e-17
      2260.00   1.3412712e-17
      2261.00   1.3413970e-17
      2262.00   1.3415228e-17
      2263.00   1.3416485e-17
      2264.00   1.3417743e-17
      2265.00   1.3419001e-17
      2266.00   1.3420259e-17
      2267.00   1.3421517e-17
      2268.00   1.3422775e-17
      2269.00   1.3424033e-17
      2270.00   1.3425291e-17
      2271.00   1.3426549e-17
      2272.00   1.3427807e-17
      2273.00   1.3429065e-17
      2274.00   1.3430323e-17
      2275.00   1.3431581e-17
      2276.00   1.3432839e-17
      2277.00   1.3434097e-17
      2278.00   1.3435355e-17
      2279.00   1.3436613e-17
      2280.00   1.3437871e-17
      2281.00   1.3439129e-17
      2282.00   1.3440387e-17
      2283.00   1.3441645e-17
      2284.00   1.3442903e-17
      2285.00   1.3444162e-17
      2286.00   1.3445420e-17
      2287.00   1.3446678e-17
      2288.00   1.3447936e-17
      2289.00   1.3449194e-17
      2290.00   1.3450452e-17
      2291.00   1.3451711e-17
      2292.00   1.3452969e-17
      2293.00   1.3454227e-17
      2294.00   1.3455485e-17
      2295.00   1.3456744e-17
      2296.00   1.3458002e-17
      2297.00   1.3459260e-17
      2298.00   1.3460519e-17
      2299.00   1.3461777e-17
      2300.00   1.3463035e-17
      2301.00   1.3464294e-17
      2302.00   1.3465552e-17
      2303.00   1.3466811e-17
      2304.00   1.3468069e-17
      2305.00   1.3469328e-17
      2306.00   1.3470586e-17
      2307.00   1.3471845e-17
      2308.00   1.3473104e-17
      2309.00   1.3474362e-17
      2310.00   1.3475621e-17
      2311.00   1.3476879e-17
      2312.00   1.3478138e-17
      2313.00   1.3479397e-17
      2314.00   1.3480656e-17
      2315.00   1.3481914e-17
      2316.00   1.3483173e-17
      2317.00   1.3484432e-17
      2318.00   1.3485691e-17
      2319.00   1.3486950e-17
      2320.00   1.3488209e-17
      2321.00   1.3489468e-17
      2322.00   1.3490727e-17
      2323.00   1.3491986e-17
      2324.00   1.3493245e-17
      2325.00   1.3494504e-17
      2326.00   1.3495763e-17
      2327.00   1.3497022e-17
      2328.00   1.3498281e-17
      2329.00   1.3499541e-17
      2330.00   1.3500800e-17
      2331.00   1.3502059e-17
      2332.00   1.3503319e-17
      2333.00   1.3504578e-17
      2334.00   1.3505837e-17
      2335.00   1.3507097e-17
      2336.00   1.3508356e-17
      2337.00   1.3509616e-17
      2338.00   1.3510875e-17
      2339.00   1.3512135e-17
      2340.00   1.3513395e-17
      2341.00   1.3514654e-17
      2342.00   1.3515914e-17
      2343.00   1.3517174e-17
      2344.00   1.3518434e-17
      2345.00   1.3519694e-17
      2346.00   1.3520953e-17
      2347.00   1.3522213e-17
      2348.00   1.3523473e-17
      2349.00   1.3524733e-17
      2350.00   1.3525993e-17
      2351.00   1.3527254e-17
      2352.00   1.3528514e-17
      2353.00   1.3529774e-17
      2354.00   1.3531034e-17
      2355.00   1.3532295e-17
      2356.00   1.3533555e-17
      2357.00   1.3534815e-17
      2358.00   1.3536076e-17
      2359.00   1.3537336e-17
      2360.00   1.3538597e-17
      2361.00   1.3539857e-17
      2362.00   1.3541118e-17
      2363.00   1.3542379e-17
      2364.00   1.3543639e-17
      2365.00   1.3544900e-17
      2366.00   1.3546161e-17
      2367.00   1.3547422e-17
      2368.00   1.3548683e-17
      2369.00   1.3549944e-17
      2370.00   1.3551205e-17
      2371.00   1.3552466e-17
      2372.00   1.3553727e-17
      2373.00   1.3554988e-17
      2374.00   1.3556250e-17
      2375.00   1.3557511e-17
      2376.00   1.3558772e-17
      2377.00   1.3560034e-17
      2378.00   1.3561295e-17
      2379.00   1.3562557e-17
      2380.00   1.3563818e-17
      2381.00   1.3565080e-17
      2382.00   1.3566342e-17
      2383.00   1.3567603e-17
      2384.00   1.3568865e-17
      2385.00   1.3570127e-17
      2386.00   1.3571389e-17
      2387.00   1.3572651e-17
      2388.00   1.3573913e-17
      2389.00   1.3575175e-17
      2390.00   1.3576437e-17
      2391.00   1.3577700e-17
      2392.00   1.3578962e-17
      2393.00   1.3580224e-17
      2394.00   1.3581487e-17
      2395.00   1.3582749e-17
      2396.00   1.3584012e-17
      2397.00   1.3585274e-17
      2398.00   1.3586537e-17
      2399.00   1.3587800e-17
      2400.00   1.3589063e-17
      2401.00   1.3590325e-17
      2402.00   1.3591588e-17
      2403.00   1.3592851e-17
      2404.00   1.3594114e-17
      2405.00   1.3595378e-17
      2406.00   1.3596641e-17
      2407.00   1.3597904e-17
      2408.00   1.3599167e-17
      2409.00   1.3600431e-17
      2410.00   1.3601694e-17
      2411.00   1.3602958e-17
      2412.00   1.3604221e-17
      2413.00   1.3605485e-17
      2414.00   1.3606749e-17
      2415.00   1.3608013e-17
      2416.00   1.3609277e-17
      2417.00   1.3610541e-17
      2418.00   1.3611805e-17
      2419.00   1.3613069e-17
      2420.00   1.3614333e-17
      2421.00   1.3615597e-17
      2422.00   1.3616861e-17
      2423.00   1.3618126e-17
      2424.00   1.3619390e-17
      2425.00   1.3620655e-17
      2426.00   1.3621919e-17
      2427.00   1.3623184e-17
      2428.00   1.3624449e-17
      2429.00   1.3625714e-17
      2430.00   1.3626979e-17
      2431.00   1.3628244e-17
      2432.00   1.3629509e-17
      2433.00   1.3630774e-17
      2434.00   1.3632039e-17
      2435.00   1.3633304e-17
      2436.00   1.3634570e-17
      2437.00   1.3635835e-17
      2438.00   1.3637101e-17
      2439.00   1.3638367e-17
      2440.00   1.3639632e-17
      2441.00   1.3640898e-17
      2442.00   1.3642164e-17
      2443.00   1.3643430e-17
      2444.00   1.3644696e-17
      2445.00   1.3645962e-17
      2446.00   1.3647228e-17
      2447.00   1.3648494e-17
      2448.00   1.3649761e-17
      2449.00   1.3651027e-17
      2450.00   1.3652294e-17
      2451.00   1.3653560e-17
      2452.00   1.3654827e-17
      2453.00   1.3656094e-17
      2454.00   1.3657361e-17
      2455.00   1.3658628e-17
      2456.00   1.3659895e-17
      2457.00   1.3661162e-17
      2458.00   1.3662429e-17
      2459.00   1.3663696e-17
      2460.00   1.3664964e-17
      2461.00   1.3666231e-17
      2462.00   1.3667499e-17
      2463.00   1.3668766e-17
      2464.00   1.3670034e-17
      2465.00   1.3671302e-17
      2466.00   1.3672570e-17
      2467.00   1.3673838e-17
      2468.00   1.3675106e-17
      2469.00   1.3676374e-17
      2470.00   1.3677642e-17
      2471.00   1.3678911e-17
      2472.00   1.3680179e-17
      2473.00   1.3681448e-17
      2474.00   1.3682716e-17
      2475.00   1.3683985e-17
      2476.00   1.3685254e-17
      2477.00   1.3686523e-17
      2478.00   1.3687792e-17
      2479.00   1.3689061e-17
      2480.00   1.3690330e-17
      2481.00   1.3691599e-17
      2482.00   1.3692869e-17
      2483.00   1.3694138e-17
      2484.00   1.3695408e-17
      2485.00   1.3696677e-17
      2486.00   1.3697947e-17
      2487.00   1.3699217e-17
      2488.00   1.3700487e-17
      2489.00   1.3701757e-17
      2490.00   1.3703027e-17
      2491.00   1.3704297e-17
      2492.00   1.3705568e-17
      2493.00   1.3706838e-17
      2494.00   1.3708109e-17
      2495.00   1.3709379e-17
      2496.00   1.3710650e-17
      2497.00   1.3711921e-17
      2498.00   1.3713192e-17
      2499.00   1.3714463e-17
      2500.00   1.3715734e-17
      2501.00   1.3717005e-17
      2502.00   1.3718277e-17
      2503.00   1.3719548e-17
      2504.00   1.3720820e-17
      2505.00   1.3722091e-17
      2506.00   1.3723363e-17
      2507.00   1.3724635e-17
      2508.00   1.3725907e-17
      2509.00   1.3727179e-17
      2510.00   1.3728451e-17
      2511.00   1.3729723e-17
      2512.00   1.3730996e-17
      2513.00   1.3732268e-17
      2514.00   1.3733541e-17
      2515.00   1.3734814e-17
      2516.00   1.3736086e-17
      2517.00   1.3737359e-17
      2518.00   1.3738632e-17
      2519.00   1.3739905e-17
      2520.00   1.3741179e-17
      2521.00   1.3742452e-17
      2522.00   1.3743725e-17
      2523.00   1.3744999e-17
      2524.00   1.3746273e-17
      2525.00   1.3747546e-17
      2526.00   1.3748820e-17
      2527.00   1.3750094e-17
      2528.00   1.3751368e-17
      2529.00   1.3752643e-17
      2530.00   1.3753917e-17
      2531.00   1.3755191e-17
      2532.00   1.3756466e-17
      2533.00   1.3757741e-17
      2534.00   1.3759015e-17
      2535.00   1.3760290e-17
      2536.00   1.3761565e-17
      2537.00   1.3762840e-17
      2538.00   1.3764116e-17
      2539.00   1.3765391e-17
      2540.00   1.3766666e-17
      2541.00   1.3767942e-17
      2542.00   1.3769218e-17
      2543.00   1.3770493e-17
      2544.00   1.3771769e-17
      2545.00   1.3773045e-17
      2546.00   1.3774321e-17
      2547.00   1.3775598e-17
      2548.00   1.3776874e-17
      2549.00   1.3778151e-17
      2550.00   1.3779427e-17
      2551.00   1.3780704e-17
      2552.00   1.3781981e-17
      2553.00   1.3783258e-17
      2554.00   1.3784535e-17
      2555.00   1.3785812e-17
      2556.00   1.3787089e-17
      2557.00   1.3788367e-17
      2558.00   1.3789644e-17
      2559.00   1.3790922e-17
      2560.00   1.3792200e-17
      2561.00   1.3793478e-17
      2562.00   1.3794756e-17
      2563.00   1.3796034e-17
      2564.00   1.3797312e-17
      2565.00   1.3798590e-17
      2566.00   1.3799869e-17
      2567.00   1.3801148e-17
      2568.00   1.3802426e-17
      2569.00   1.3803705e-17
      2570.00   1.3804984e-17
      2571.00   1.3806263e-17
      2572.00   1.3807543e-17
      2573.00   1.3808822e-17
      2574.00   1.3810101e-17
      2575.00   1.3811381e-17
      2576.00   1.3812661e-17
      2577.00   1.3813941e-17
      2578.00   1.3815221e-17
      2579.00   1.3816501e-17
      2580.00   1.3817781e-17
      2581.00   1.3819061e-17
      2582.00   1.3820342e-17
      2583.00   1.3821623e-17
      2584.00   1.3822903e-17
      2585.00   1.3824184e-17
      2586.00   1.3825465e-17
      2587.00   1.3826746e-17
      2588.00   1.3828028e-17
      2589.00   1.3829309e-17
      2590.00   1.3830591e-17
      2591.00   1.3831872e-17
      2592.00   1.3833154e-17
      2593.00   1.3834436e-17
      2594.00   1.3835718e-17
      2595.00   1.3837000e-17
      2596.00   1.3838283e-17
      2597.00   1.3839565e-17
      2598.00   1.3840848e-17
      2599.00   1.3842130e-17
      2600.00   1.3843413e-17
      2601.00   1.3844696e-17
      2602.00   1.3845979e-17
      2603.00   1.3847262e-17
      2604.00   1.3848546e-17
      2605.00   1.3849829e-17
      2606.00   1.3851113e-17
      2607.00   1.3852397e-17
      2608.00   1.3853681e-17
      2609.00   1.3854965e-17
      2610.00   1.3856249e-17
      2611.00   1.3857533e-17
      2612.00   1.3858818e-17
      2613.00   1.3860102e-17
      2614.00   1.3861387e-17
      2615.00   1.3862672e-17
      2616.00   1.3863957e-17
      2617.00   1.3865242e-17
      2618.00   1.3866527e-17
      2619.00   1.3867813e-17
      2620.00   1.3869098e-17
      2621.00   1.3870384e-17
      2622.00   1.3871670e-17
      2623.00   1.3872956e-17
      2624.00   1.3874242e-17
      2625.00   1.3875528e-17
      2626.00   1.3876814e-17
      2627.00   1.3878101e-17
      2628.00   1.3879387e-17
      2629.00   1.3880674e-17
      2630.00   1.3881961e-17
      2631.00   1.3883248e-17
      2632.00   1.3884535e-17
      2633.00   1.3885823e-17
      2634.00   1.3887110e-17
      2635.00   1.3888398e-17
      2636.00   1.3889686e-17
      2637.00   1.3890974e-17
      2638.00   1.3892262e-17
      2639.00   1.3893550e-17
      2640.00   1.3894838e-17
      2641.00   1.3896127e-17
      2642.00   1.3897415e-17
      2643.00   1.3898704e-17
      2644.00   1.3899993e-17
      2645.00   1.3901282e-17
      2646.00   1.3902571e-17
      2647.00   1.3903861e-17
      2648.00   1.3905150e-17
      2649.00   1.3906440e-17
      2650.00   1.3907730e-17
      2651.00   1.3909020e-17
      2652.00   1.3910310e-17
      2653.00   1.3911600e-17
      2654.00   1.3912890e-17
      2655.00   1.3914181e-17
      2656.00   1.3915472e-17
      2657.00   1.3916762e-17
      2658.00   1.3918053e-17
      2659.00   1.3919345e-17
      2660.00   1.3920636e-17
      2661.00   1.3921927e-17
      2662.00   1.3923219e-17
      2663.00   1.3924511e-17
      2664.00   1.3925802e-17
      2665.00   1.3927094e-17
      2666.00   1.3928387e-17
      2667.00   1.3929679e-17
      2668.00   1.3930971e-17
      2669.00   1.3932264e-17
      2670.00   1.3933557e-17
      2671.00   1.3934850e-17
      2672.00   1.3936143e-17
      2673.00   1.3937436e-17
      2674.00   1.3938729e-17
      2675.00   1.3940023e-17
      2676.00   1.3941317e-17
      2677.00   1.3942611e-17
      2678.00   1.3943905e-17
      2679.00   1.3945199e-17
      2680.00   1.3946493e-17
      2681.00   1.3947787e-17
      2682.00   1.3949082e-17
      2683.00   1.3950377e-17
      2684.00   1.3951672e-17
      2685.00   1.3952967e-17
      2686.00   1.3954262e-17
      2687.00   1.3955557e-17
      2688.00   1.3956853e-17
      2689.00   1.3958149e-17
      2690.00   1.3959445e-17
      2691.00   1.3960741e-17
      2692.00   1.3962037e-17
      2693.00   1.3963333e-17
      2694.00   1.3964630e-17
      2695.00   1.3965926e-17
      2696.00   1.3967223e-17
      2697.00   1.3968520e-17
      2698.00   1.3969817e-17
      2699.00   1.3971114e-17
      2700.00   1.3972412e-17
      2701.00   1.3973709e-17
      2702.00   1.3975007e-17
      2703.00   1.3976305e-17
      2704.00   1.3977603e-17
      2705.00   1.3978901e-17
      2706.00   1.3980200e-17
      2707.00   1.3981498e-17
      2708.00   1.3982797e-17
      2709.00   1.3984096e-17
      2710.00   1.3985395e-17
      2711.00   1.3986694e-17
      2712.00   1.3987994e-17
      2713.00   1.3989293e-17
      2714.00   1.3990593e-17
      2715.00   1.3991893e-17
      2716.00   1.3993193e-17
      2717.00   1.3994493e-17
      2718.00   1.3995793e-17
      2719.00   1.3997094e-17
      2720.00   1.3998395e-17
      2721.00   1.3999695e-17
      2722.00   1.4000996e-17
      2723.00   1.4002298e-17
      2724.00   1.4003599e-17
      2725.00   1.4004900e-17
      2726.00   1.4006202e-17
      2727.00   1.4007504e-17
      2728.00   1.4008806e-17
      2729.00   1.4010108e-17
      2730.00   1.4011410e-17
      2731.00   1.4012713e-17
      2732.00   1.4014016e-17
      2733.00   1.4015318e-17
      2734.00   1.4016621e-17
      2735.00   1.4017925e-17
      2736.00   1.4019228e-17
      2737.00   1.4020531e-17
      2738.00   1.4021835e-17
      2739.00   1.4023139e-17
      2740.00   1.4024443e-17
      2741.00   1.4025747e-17
      2742.00   1.4027052e-17
      2743.00   1.4028356e-17
      2744.00   1.4029661e-17
      2745.00   1.4030966e-17
      2746.00   1.4032271e-17
      2747.00   1.4033576e-17
      2748.00   1.4034881e-17
      2749.00   1.4036187e-17
      2750.00   1.4037493e-17
      2751.00   1.4038798e-17
      2752.00   1.4040104e-17
      2753.00   1.4041411e-17
      2754.00   1.4042717e-17
      2755.00   1.4044024e-17
      2756.00   1.4045330e-17
      2757.00   1.4046637e-17
      2758.00   1.4047944e-17
      2759.00   1.4049252e-17
      2760.00   1.4050559e-17
      2761.00   1.4051867e-17
      2762.00   1.4053175e-17
      2763.00   1.4054483e-17
      2764.00   1.4055791e-17
      2765.00   1.4057099e-17
      2766.00   1.4058408e-17
      2767.00   1.4059716e-17
      2768.00   1.4061025e-17
      2769.00   1.4062334e-17
      2770.00   1.4063643e-17
      2771.00   1.4064953e-17
      2772.00   1.4066262e-17
      2773.00   1.4067572e-17
      2774.00   1.4068882e-17
      2775.00   1.4070192e-17
      2776.00   1.4071502e-17
      2777.00   1.4072813e-17
      2778.00   1.4074123e-17
      2779.00   1.4075434e-17
      2780.00   1.4076745e-17
      2781.00   1.4078056e-17
      2782.00   1.4079368e-17
      2783.00   1.4080679e-17
      2784.00   1.4081991e-17
      2785.00   1.4083303e-17
      2786.00   1.4084615e-17
      2787.00   1.4085927e-17
      2788.00   1.4087239e-17
      2789.00   1.4088552e-17
      2790.00   1.4089865e-17
      2791.00   1.4091178e-17
      2792.00   1.4092491e-17
      2793.00   1.4093804e-17
      2794.00   1.4095118e-17
      2795.00   1.4096431e-17
      2796.00   1.4097745e-17
      2797.00   1.4099059e-17
      2798.00   1.4100373e-17
      2799.00   1.4101688e-17
      2800.00   1.4103002e-17
      2801.00   1.4104317e-17
      2802.00   1.4105632e-17
      2803.00   1.4106947e-17
      2804.00   1.4108263e-17
      2805.00   1.4109578e-17
      2806.00   1.4110894e-17
      2807.00   1.4112210e-17
      2808.00   1.4113526e-17
      2809.00   1.4114842e-17
      2810.00   1.4116159e-17
      2811.00   1.4117475e-17
      2812.00   1.4118792e-17
      2813.00   1.4120109e-17
      2814.00   1.4121426e-17
      2815.00   1.4122744e-17
      2816.00   1.4124061e-17
      2817.00   1.4125379e-17
      2818.00   1.4126697e-17
      2819.00   1.4128015e-17
      2820.00   1.4129333e-17
      2821.00   1.4130652e-17
      2822.00   1.4131970e-17
      2823.00   1.4133289e-17
      2824.00   1.4134608e-17
      2825.00   1.4135928e-17
      2826.00   1.4137247e-17
      2827.00   1.4138567e-17
      2828.00   1.4139886e-17
      2829.00   1.4141207e-17
      2830.00   1.4142527e-17
      2831.00   1.4143847e-17
      2832.00   1.4145168e-17
      2833.00   1.4146488e-17
      2834.00   1.4147809e-17
      2835.00   1.4149131e-17
      2836.00   1.4150452e-17
      2837.00   1.4151773e-17
      2838.00   1.4153095e-17
      2839.00   1.4154417e-17
      2840.00   1.4155739e-17
      2841.00   1.4157061e-17
      2842.00   1.4158384e-17
      2843.00   1.4159707e-17
      2844.00   1.4161030e-17
      2845.00   1.4162353e-17
      2846.00   1.4163676e-17
      2847.00   1.4164999e-17
      2848.00   1.4166323e-17
      2849.00   1.4167647e-17
      2850.00   1.4168971e-17
      2851.00   1.4170295e-17
      2852.00   1.4171620e-17
      2853.00   1.4172944e-17
      2854.00   1.4174269e-17
      2855.00   1.4175594e-17
      2856.00   1.4176919e-17
      2857.00   1.4178245e-17
      2858.00   1.4179570e-17
      2859.00   1.4180896e-17
      2860.00   1.4182222e-17
      2861.00   1.4183548e-17
      2862.00   1.4184875e-17
      2863.00   1.4186201e-17
      2864.00   1.4187528e-17
      2865.00   1.4188855e-17
      2866.00   1.4190182e-17
      2867.00   1.4191509e-17
      2868.00   1.4192837e-17
      2869.00   1.4194165e-17
      2870.00   1.4195493e-17
      2871.00   1.4196821e-17
      2872.00   1.4198149e-17
      2873.00   1.4199478e-17
      2874.00   1.4200807e-17
      2875.00   1.4202136e-17
      2876.00   1.4203465e-17
      2877.00   1.4204794e-17
      2878.00   1.4206124e-17
      2879.00   1.4207453e-17
      2880.00   1.4208783e-17
      2881.00   1.4210114e-17
      2882.00   1.4211444e-17
      2883.00   1.4212774e-17
      2884.00   1.4214105e-17
      2885.00   1.4215436e-17
      2886.00   1.4216767e-17
      2887.00   1.4218099e-17
      2888.00   1.4219430e-17
      2889.00   1.4220762e-17
      2890.00   1.4222094e-17
      2891.00   1.4223426e-17
      2892.00   1.4224759e-17
      2893.00   1.4226091e-17
      2894.00   1.4227424e-17
      2895.00   1.4228757e-17
      2896.00   1.4230090e-17
      2897.00   1.4231424e-17
      2898.00   1.4232757e-17
      2899.00   1.4234091e-17
      2900.00   1.4235425e-17
      2901.00   1.4236759e-17
      2902.00   1.4238094e-17
      2903.00   1.4239428e-17
      2904.00   1.4240763e-17
      2905.00   1.4242098e-17
      2906.00   1.4243433e-17
      2907.00   1.4244769e-17
      2908.00   1.4246105e-17
      2909.00   1.4247440e-17
      2910.00   1.4248777e-17
      2911.00   1.4250113e-17
      2912.00   1.4251449e-17
      2913.00   1.4252786e-17
      2914.00   1.4254123e-17
      2915.00   1.4255460e-17
      2916.00   1.4256797e-17
      2917.00   1.4258135e-17
      2918.00   1.4259473e-17
      2919.00   1.4260811e-17
      2920.00   1.4262149e-17
      2921.00   1.4263487e-17
      2922.00   1.4264826e-17
      2923.00   1.4266164e-17
      2924.00   1.4267503e-17
      2925.00   1.4268843e-17
      2926.00   1.4270182e-17
      2927.00   1.4271522e-17
      2928.00   1.4272861e-17
      2929.00   1.4274201e-17
      2930.00   1.4275542e-17
      2931.00   1.4276882e-17
      2932.00   1.4278223e-17
      2933.00   1.4279564e-17
      2934.00   1.4280905e-17
      2935.00   1.4282246e-17
      2936.00   1.4283588e-17
      2937.00   1.4284929e-17
      2938.00   1.4286271e-17
      2939.00   1.4287613e-17
      2940.00   1.4288956e-17
      2941.00   1.4290298e-17
      2942.00   1.4291641e-17
      2943.00   1.4292984e-17
      2944.00   1.4294327e-17
      2945.00   1.4295671e-17
      2946.00   1.4297014e-17
      2947.00   1.4298358e-17
      2948.00   1.4299702e-17
      2949.00   1.4301047e-17
      2950.00   1.4302391e-17
      2951.00   1.4303736e-17
      2952.00   1.4305081e-17
      2953.00   1.4306426e-17
      2954.00   1.4307771e-17
      2955.00   1.4309117e-17
      2956.00   1.4310463e-17
      2957.00   1.4311809e-17
      2958.00   1.4313155e-17
      2959.00   1.4314501e-17
      2960.00   1.4315848e-17
      2961.00   1.4317195e-17
      2962.00   1.4318542e-17
      2963.00   1.4319889e-17
      2964.00   1.4321237e-17
      2965.00   1.4322584e-17
      2966.00   1.4323932e-17
      2967.00   1.4325281e-17
      2968.00   1.4326629e-17
      2969.00   1.4327978e-17
      2970.00   1.4329326e-17
      2971.00   1.4330675e-17
      2972.00   1.4332025e-17
      2973.00   1.4333374e-17
      2974.00   1.4334724e-17
      2975.00   1.4336074e-17
      2976.00   1.4337424e-17
      2977.00   1.4338774e-17
      2978.00   1.4340125e-17
      2979.00   1.4341476e-17
      2980.00   1.4342827e-17
      2981.00   1.4344178e-17
      2982.00   1.4345529e-17
      2983.00   1.4346881e-17
      2984.00   1.4348233e-17
      2985.00   1.4349585e-17
      2986.00   1.4350937e-17
      2987.00   1.4352290e-17
      2988.00   1.4353643e-17
      2989.00   1.4354996e-17
      2990.00   1.4356349e-17
      2991.00   1.4357702e-17
      2992.00   1.4359056e-17
      2993.00   1.4360410e-17
      2994.00   1.4361764e-17
      2995.00   1.4363118e-17
      2996.00   1.4364473e-17
      2997.00   1.4365828e-17
      2998.00   1.4367183e-17
      2999.00   1.4368538e-17
      3000.00   1.4369893e-17
      3001.00   1.4371249e-17
      3002.00   1.4372605e-17
      3003.00   1.4373961e-17
      3004.00   1.4375318e-17
      3005.00   1.4376674e-17
      3006.00   1.4378031e-17
      3007.00   1.4379388e-17
      3008.00   1.4380745e-17
      3009.00   1.4382103e-17
      3010.00   1.4383460e-17
      3011.00   1.4384818e-17
      3012.00   1.4386176e-17
      3013.00   1.4387535e-17
      3014.00   1.4388893e-17
      3015.00   1.4390252e-17
      3016.00   1.4391611e-17
      3017.00   1.4392971e-17
      3018.00   1.4394330e-17
      3019.00   1.4395690e-17
      3020.00   1.4397050e-17
      3021.00   1.4398410e-17
      3022.00   1.4399771e-17
      3023.00   1.4401131e-17
      3024.00   1.4402492e-17
      3025.00   1.4403853e-17
      3026.00   1.4405215e-17
      3027.00   1.4406576e-17
      3028.00   1.4407938e-17
      3029.00   1.4409300e-17
      3030.00   1.4410662e-17
      3031.00   1.4412025e-17
      3032.00   1.4413387e-17
      3033.00   1.4414750e-17
      3034.00   1.4416113e-17
      3035.00   1.4417477e-17
      3036.00   1.4418840e-17
      3037.00   1.4420204e-17
      3038.00   1.4421568e-17
      3039.00   1.4422933e-17
      3040.00   1.4424297e-17
      3041.00   1.4425662e-17
      3042.00   1.4427027e-17
      3043.00   1.4428392e-17
      3044.00   1.4429758e-17
      3045.00   1.4431124e-17
      3046.00   1.4432490e-17
      3047.00   1.4433856e-17
      3048.00   1.4435222e-17
      3049.00   1.4436589e-17
      3050.00   1.4437956e-17
      3051.00   1.4439323e-17
      3052.00   1.4440690e-17
      3053.00   1.4442058e-17
      3054.00   1.4443425e-17
      3055.00   1.4444793e-17
      3056.00   1.4446162e-17
      3057.00   1.4447530e-17
      3058.00   1.4448899e-17
      3059.00   1.4450268e-17
      3060.00   1.4451637e-17
      3061.00   1.4453007e-17
      3062.00   1.4454376e-17
      3063.00   1.4455746e-17
      3064.00   1.4457116e-17
      3065.00   1.4458487e-17
      3066.00   1.4459857e-17
      3067.00   1.4461228e-17
      3068.00   1.4462599e-17
      3069.00   1.4463971e-17
      3070.00   1.4465342e-17
      3071.00   1.4466714e-17
      3072.00   1.4468086e-17
      3073.00   1.4469458e-17
      3074.00   1.4470831e-17
      3075.00   1.4472204e-17
      3076.00   1.4473577e-17
      3077.00   1.4474950e-17
      3078.00   1.4476323e-17
      3079.00   1.4477697e-17
      3080.00   1.4479071e-17
      3081.00   1.4480445e-17
      3082.00   1.4481819e-17
      3083.00   1.4483194e-17
      3084.00   1.4484569e-17
      3085.00   1.4485944e-17
      3086.00   1.4487319e-17
      3087.00   1.4488695e-17
      3088.00   1.4490071e-17
      3089.00   1.4491447e-17
      3090.00   1.4492823e-17
      3091.00   1.4494200e-17
      3092.00   1.4495577e-17
      3093.00   1.4496954e-17
      3094.00   1.4498331e-17
      3095.00   1.4499708e-17
      3096.00   1.4501086e-17
      3097.00   1.4502464e-17
      3098.00   1.4503842e-17
      3099.00   1.4505221e-17
      3100.00   1.4506600e-17
      3101.00   1.4507979e-17
      3102.00   1.4509358e-17
      3103.00   1.4510737e-17
      3104.00   1.4512117e-17
      3105.00   1.4513497e-17
      3106.00   1.4514877e-17
      3107.00   1.4516257e-17
      3108.00   1.4517638e-17
      3109.00   1.4519019e-17
      3110.00   1.4520400e-17
      3111.00   1.4521782e-17
      3112.00   1.4523163e-17
      3113.00   1.4524545e-17
      3114.00   1.4525927e-17
      3115.00   1.4527309e-17
      3116.00   1.4528692e-17
      3117.00   1.4530075e-17
      3118.00   1.4531458e-17
      3119.00   1.4532841e-17
      3120.00   1.4534225e-17
      3121.00   1.4535609e-17
      3122.00   1.4536993e-17
      3123.00   1.4538377e-17
      3124.00   1.4539762e-17
      3125.00   1.4541146e-17
      3126.00   1.4542532e-17
      3127.00   1.4543917e-17
      3128.00   1.4545302e-17
      3129.00   1.4546688e-17
      3130.00   1.4548074e-17
      3131.00   1.4549460e-17
      3132.00   1.4550847e-17
      3133.00   1.4552234e-17
      3134.00   1.4553621e-17
      3135.00   1.4555008e-17
      3136.00   1.4556396e-17
      3137.00   1.4557783e-17
      3138.00   1.4559171e-17
      3139.00   1.4560560e-17
      3140.00   1.4561948e-17
      3141.00   1.4563337e-17
      3142.00   1.4564726e-17
      3143.00   1.4566115e-17
      3144.00   1.4567504e-17
      3145.00   1.4568894e-17
      3146.00   1.4570284e-17
      3147.00   1.4571674e-17
      3148.00   1.4573065e-17
      3149.00   1.4574456e-17
      3150.00   1.4575847e-17
      3151.00   1.4577238e-17
      3152.00   1.4578629e-17
      3153.00   1.4580021e-17
      3154.00   1.4581413e-17
      3155.00   1.4582805e-17
      3156.00   1.4584198e-17
      3157.00   1.4585591e-17
      3158.00   1.4586983e-17
      3159.00   1.4588377e-17
      3160.00   1.4589770e-17
      3161.00   1.4591164e-17
      3162.00   1.4592558e-17
      3163.00   1.4593952e-17
      3164.00   1.4595347e-17
      3165.00   1.4596741e-17
      3166.00   1.4598136e-17
      3167.00   1.4599532e-17
      3168.00   1.4600927e-17
      3169.00   1.4602323e-17
      3170.00   1.4603719e-17
      3171.00   1.4605115e-17
      3172.00   1.4606512e-17
      3173.00   1.4607908e-17
      3174.00   1.4609305e-17
      3175.00   1.4610703e-17
      3176.00   1.4612100e-17
      3177.00   1.4613498e-17
      3178.00   1.4614896e-17
      3179.00   1.4616294e-17
      3180.00   1.4617693e-17
      3181.00   1.4619091e-17
      3182.00   1.4620490e-17
      3183.00   1.4621890e-17
      3184.00   1.4623289e-17
      3185.00   1.4624689e-17
      3186.00   1.4626089e-17
      3187.00   1.4627489e-17
      3188.00   1.4628890e-17
      3189.00   1.4630291e-17
      3190.00   1.4631692e-17
      3191.00   1.4633093e-17
      3192.00   1.4634495e-17
      3193.00   1.4635897e-17
      3194.00   1.4637299e-17
      3195.00   1.4638701e-17
      3196.00   1.4640104e-17
      3197.00   1.4641507e-17
      3198.00   1.4642910e-17
      3199.00   1.4644313e-17
      3200.00   1.4645717e-17
      3201.00   1.4647121e-17
      3202.00   1.4648525e-17
      3203.00   1.4649929e-17
      3204.00   1.4651334e-17
      3205.00   1.4652739e-17
      3206.00   1.4654144e-17
      3207.00   1.4655549e-17
      3208.00   1.4656955e-17
      3209.00   1.4658361e-17
      3210.00   1.4659767e-17
      3211.00   1.4661174e-17
      3212.00   1.4662580e-17
      3213.00   1.4663987e-17
      3214.00   1.4665395e-17
      3215.00   1.4666802e-17
      3216.00   1.4668210e-17
      3217.00   1.4669618e-17
      3218.00   1.4671026e-17
      3219.00   1.4672435e-17
      3220.00   1.4673844e-17
      3221.00   1.4675253e-17
      3222.00   1.4676662e-17
      3223.00   1.4678071e-17
      3224.00   1.4679481e-17
      3225.00   1.4680891e-17
      3226.00   1.4682302e-17
      3227.00   1.4683712e-17
      3228.00   1.4685123e-17
      3229.00   1.4686534e-17
      3230.00   1.4687946e-17
      3231.00   1.4689357e-17
      3232.00   1.4690769e-17
      3233.00   1.4692182e-17
      3234.00   1.4693594e-17
      3235.00   1.4695007e-17
      3236.00   1.4696420e-17
      3237.00   1.4697833e-17
      3238.00   1.4699246e-17
      3239.00   1.4700660e-17
      3240.00   1.4702074e-17
      3241.00   1.4703489e-17
      3242.00   1.4704903e-17
      3243.00   1.4706318e-17
      3244.00   1.4707733e-17
      3245.00   1.4709148e-17
      3246.00   1.4710564e-17
      3247.00   1.4711980e-17
      3248.00   1.4713396e-17
      3249.00   1.4714812e-17
      3250.00   1.4716229e-17
      3251.00   1.4717646e-17
      3252.00   1.4719063e-17
      3253.00   1.4720481e-17
      3254.00   1.4721898e-17
      3255.00   1.4723316e-17
      3256.00   1.4724734e-17
      3257.00   1.4726153e-17
      3258.00   1.4727572e-17
      3259.00   1.4728991e-17
      3260.00   1.4730410e-17
      3261.00   1.4731830e-17
      3262.00   1.4733249e-17
      3263.00   1.4734670e-17
      3264.00   1.4736090e-17
      3265.00   1.4737511e-17
      3266.00   1.4738931e-17
      3267.00   1.4740353e-17
      3268.00   1.4741774e-17
      3269.00   1.4743196e-17
      3270.00   1.4744618e-17
      3271.00   1.4746040e-17
      3272.00   1.4747463e-17
      3273.00   1.4748885e-17
      3274.00   1.4750308e-17
      3275.00   1.4751732e-17
      3276.00   1.4753155e-17
      3277.00   1.4754579e-17
      3278.00   1.4756003e-17
      3279.00   1.4757428e-17
      3280.00   1.4758852e-17
      3281.00   1.4760277e-17
      3282.00   1.4761702e-17
      3283.00   1.4763128e-17
      3284.00   1.4764553e-17
      3285.00   1.4765979e-17
      3286.00   1.4767406e-17
      3287.00   1.4768832e-17
      3288.00   1.4770259e-17
      3289.00   1.4771686e-17
      3290.00   1.4773113e-17
      3291.00   1.4774541e-17
      3292.00   1.4775969e-17
      3293.00   1.4777397e-17
      3294.00   1.4778825e-17
      3295.00   1.4780254e-17
      3296.00   1.4781683e-17
      3297.00   1.4783112e-17
      3298.00   1.4784542e-17
      3299.00   1.4785972e-17
      3300.00   1.4787402e-17
      3301.00   1.4788832e-17
      3302.00   1.4790262e-17
      3303.00   1.4791693e-17
      3304.00   1.4793124e-17
      3305.00   1.4794556e-17
      3306.00   1.4795987e-17
      3307.00   1.4797419e-17
      3308.00   1.4798852e-17
      3309.00   1.4800284e-17
      3310.00   1.4801717e-17
      3311.00   1.4803150e-17
      3312.00   1.4804583e-17
      3313.00   1.4806017e-17
      3314.00   1.4807451e-17
      3315.00   1.4808885e-17
      3316.00   1.4810319e-17
      3317.00   1.4811754e-17
      3318.00   1.4813189e-17
      3319.00   1.4814624e-17
      3320.00   1.4816059e-17
      3321.00   1.4817495e-17
      3322.00   1.4818931e-17
      3323.00   1.4820367e-17
      3324.00   1.4821804e-17
      3325.00   1.4823241e-17
      3326.00   1.4824678e-17
      3327.00   1.4826115e-17
      3328.00   1.4827553e-17
      3329.00   1.4828991e-17
      3330.00   1.4830429e-17
      3331.00   1.4831868e-17
      3332.00   1.4833307e-17
      3333.00   1.4834746e-17
      3334.00   1.4836185e-17
      3335.00   1.4837625e-17
      3336.00   1.4839064e-17
      3337.00   1.4840505e-17
      3338.00   1.4841945e-17
      3339.00   1.4843386e-17
      3340.00   1.4844827e-17
      3341.00   1.4846268e-17
      3342.00   1.4847710e-17
      3343.00   1.4849151e-17
      3344.00   1.4850593e-17
      3345.00   1.4852036e-17
      3346.00   1.4853478e-17
      3347.00   1.4854921e-17
      3348.00   1.4856365e-17
      3349.00   1.4857808e-17
      3350.00   1.4859252e-17
      3351.00   1.4860696e-17
      3352.00   1.4862140e-17
      3353.00   1.4863585e-17
      3354.00   1.4865030e-17
      3355.00   1.4866475e-17
      3356.00   1.4867920e-17
      3357.00   1.4869366e-17
      3358.00   1.4870812e-17
      3359.00   1.4872258e-17
      3360.00   1.4873705e-17
      3361.00   1.4875151e-17
      3362.00   1.4876599e-17
      3363.00   1.4878046e-17
      3364.00   1.4879494e-17
      3365.00   1.4880942e-17
      3366.00   1.4882390e-17
      3367.00   1.4883838e-17
      3368.00   1.4885287e-17
      3369.00   1.4886736e-17
      3370.00   1.4888185e-17
      3371.00   1.4889635e-17
      3372.00   1.4891085e-17
      3373.00   1.4892535e-17
      3374.00   1.4893986e-17
      3375.00   1.4895436e-17
      3376.00   1.4896887e-17
      3377.00   1.4898339e-17
      3378.00   1.4899790e-17
      3379.00   1.4901242e-17
      3380.00   1.4902694e-17
      3381.00   1.4904147e-17
      3382.00   1.4905599e-17
      3383.00   1.4907052e-17
      3384.00   1.4908506e-17
      3385.00   1.4909959e-17
      3386.00   1.4911413e-17
      3387.00   1.4912867e-17
      3388.00   1.4914321e-17
      3389.00   1.4915776e-17
      3390.00   1.4917231e-17
      3391.00   1.4918686e-17
      3392.00   1.4920142e-17
      3393.00   1.4921598e-17
      3394.00   1.4923054e-17
      3395.00   1.4924510e-17
      3396.00   1.4925967e-17
      3397.00   1.4927424e-17
      3398.00   1.4928881e-17
      3399.00   1.4930338e-17
      3400.00   1.4931796e-17
      3401.00   1.4933254e-17
      3402.00   1.4934713e-17
      3403.00   1.4936171e-17
      3404.00   1.4937630e-17
      3405.00   1.4939090e-17
      3406.00   1.4940549e-17
      3407.00   1.4942009e-17
      3408.00   1.4943469e-17
      3409.00   1.4944929e-17
      3410.00   1.4946390e-17
      3411.00   1.4947851e-17
      3412.00   1.4949312e-17
      3413.00   1.4950774e-17
      3414.00   1.4952235e-17
      3415.00   1.4953697e-17
      3416.00   1.4955160e-17
      3417.00   1.4956622e-17
      3418.00   1.4958085e-17
      3419.00   1.4959548e-17
      3420.00   1.4961012e-17
      3421.00   1.4962476e-17
      3422.00   1.4963940e-17
      3423.00   1.4965404e-17
      3424.00   1.4966869e-17
      3425.00   1.4968334e-17
      3426.00   1.4969799e-17
      3427.00   1.4971264e-17
      3428.00   1.4972730e-17
      3429.00   1.4974196e-17
      3430.00   1.4975663e-17
      3431.00   1.4977129e-17
      3432.00   1.4978596e-17
      3433.00   1.4980064e-17
      3434.00   1.4981531e-17
      3435.00   1.4982999e-17
      3436.00   1.4984467e-17
      3437.00   1.4985935e-17
      3438.00   1.4987404e-17
      3439.00   1.4988873e-17
      3440.00   1.4990342e-17
      3441.00   1.4991812e-17
      3442.00   1.4993282e-17
      3443.00   1.4994752e-17
      3444.00   1.4996222e-17
      3445.00   1.4997693e-17
      3446.00   1.4999164e-17
      3447.00   1.5000635e-17
      3448.00   1.5002107e-17
      3449.00   1.5003578e-17
      3450.00   1.5005051e-17
      3451.00   1.5006523e-17
      3452.00   1.5007996e-17
      3453.00   1.5009469e-17
      3454.00   1.5010942e-17
      3455.00   1.5012416e-17
      3456.00   1.5013890e-17
      3457.00   1.5015364e-17
      3458.00   1.5016838e-17
      3459.00   1.5018313e-17
      3460.00   1.5019788e-17
      3461.00   1.5021263e-17
      3462.00   1.5022739e-17
      3463.00   1.5024215e-17
      3464.00   1.5025691e-17
      3465.00   1.5027168e-17
      3466.00   1.5028644e-17
      3467.00   1.5030121e-17
      3468.00   1.5031599e-17
      3469.00   1.5033077e-17
      3470.00   1.5034554e-17
      3471.00   1.5036033e-17
      3472.00   1.5037511e-17
      3473.00   1.5038990e-17
      3474.00   1.5040469e-17
      3475.00   1.5041949e-17
      3476.00   1.5043428e-17
      3477.00   1.5044908e-17
      3478.00   1.5046389e-17
      3479.00   1.5047869e-17
      3480.00   1.5049350e-17
      3481.00   1.5050831e-17
      3482.00   1.5052313e-17
      3483.00   1.5053795e-17
      3484.00   1.5055277e-17
      3485.00   1.5056759e-17
      3486.00   1.5058242e-17
      3487.00   1.5059725e-17
      3488.00   1.5061208e-17
      3489.00   1.5062691e-17
      3490.00   1.5064175e-17
      3491.00   1.5065659e-17
      3492.00   1.5067144e-17
      3493.00   1.5068629e-17
      3494.00   1.5070114e-17
      3495.00   1.5071599e-17
      3496.00   1.5073084e-17
      3497.00   1.5074570e-17
      3498.00   1.5076057e-17
      3499.00   1.5077543e-17
      3500.00   1.5079030e-17
      3501.00   1.5080517e-17
      3502.00   1.5082004e-17
      3503.00   1.5083492e-17
      3504.00   1.5084980e-17
      3505.00   1.5086468e-17
      3506.00   1.5087957e-17
      3507.00   1.5089446e-17
      3508.00   1.5090935e-17
      3509.00   1.5092424e-17
      3510.00   1.5093914e-17
      3511.00   1.5095404e-17
      3512.00   1.5096894e-17
      3513.00   1.5098385e-17
      3514.00   1.5099876e-17
      3515.00   1.5101367e-17
      3516.00   1.5102859e-17
      3517.00   1.5104350e-17
      3518.00   1.5105842e-17
      3519.00   1.5107335e-17
      3520.00   1.5108828e-17
      3521.00   1.5110321e-17
      3522.00   1.5111814e-17
      3523.00   1.5113308e-17
      3524.00   1.5114801e-17
      3525.00   1.5116296e-17
      3526.00   1.5117790e-17
      3527.00   1.5119285e-17
      3528.00   1.5120780e-17
      3529.00   1.5122275e-17
      3530.00   1.5123771e-17
      3531.00   1.5125267e-17
      3532.00   1.5126763e-17
      3533.00   1.5128260e-17
      3534.00   1.5129757e-17
      3535.00   1.5131254e-17
      3536.00   1.5132752e-17
      3537.00   1.5134249e-17
      3538.00   1.5135747e-17
      3539.00   1.5137246e-17
      3540.00   1.5138745e-17
      3541.00   1.5140244e-17
      3542.00   1.5141743e-17
      3543.00   1.5143242e-17
      3544.00   1.5144742e-17
      3545.00   1.5146243e-17
      3546.00   1.5147743e-17
      3547.00   1.5149244e-17
      3548.00   1.5150745e-17
      3549.00   1.5152246e-17
      3550.00   1.5153748e-17
      3551.00   1.5155250e-17
      3552.00   1.5156752e-17
      3553.00   1.5158255e-17
      3554.00   1.5159758e-17
      3555.00   1.5161261e-17
      3556.00   1.5162764e-17
      3557.00   1.5164268e-17
      3558.00   1.5165772e-17
      3559.00   1.5167277e-17
      3560.00   1.5168781e-17
      3561.00   1.5170286e-17
      3562.00   1.5171792e-17
      3563.00   1.5173297e-17
      3564.00   1.5174803e-17
      3565.00   1.5176310e-17
      3566.00   1.5177816e-17
      3567.00   1.5179323e-17
      3568.00   1.5180830e-17
      3569.00   1.5182337e-17
      3570.00   1.5183845e-17
      3571.00   1.5185353e-17
      3572.00   1.5186862e-17
      3573.00   1.5188370e-17
      3574.00   1.5189879e-17
      3575.00   1.5191388e-17
      3576.00   1.5192898e-17
      3577.00   1.5194408e-17
      3578.00   1.5195918e-17
      3579.00   1.5197428e-17
      3580.00   1.5198939e-17
      3581.00   1.5200450e-17
      3582.00   1.5201962e-17
      3583.00   1.5203473e-17
      3584.00   1.5204985e-17
      3585.00   1.5206498e-17
      3586.00   1.5208010e-17
      3587.00   1.5209523e-17
      3588.00   1.5211036e-17
      3589.00   1.5212550e-17
      3590.00   1.5214064e-17
      3591.00   1.5215578e-17
      3592.00   1.5217092e-17
      3593.00   1.5218607e-17
      3594.00   1.5220122e-17
      3595.00   1.5221637e-17
      3596.00   1.5223153e-17
      3597.00   1.5224669e-17
      3598.00   1.5226185e-17
      3599.00   1.5227702e-17
      3600.00   1.5229219e-17
      3601.00   1.5230736e-17
      3602.00   1.5232253e-17
      3603.00   1.5233771e-17
      3604.00   1.5235289e-17
      3605.00   1.5236808e-17
      3606.00   1.5238326e-17
      3607.00   1.5239845e-17
      3608.00   1.5241365e-17
      3609.00   1.5242884e-17
      3610.00   1.5244404e-17
      3611.00   1.5245924e-17
      3612.00   1.5247445e-17
      3613.00   1.5248966e-17
      3614.00   1.5250487e-17
      3615.00   1.5252009e-17
      3616.00   1.5253530e-17
      3617.00   1.5255052e-17
      3618.00   1.5256575e-17
      3619.00   1.5258098e-17
      3620.00   1.5259621e-17
      3621.00   1.5261144e-17
      3622.00   1.5262667e-17
      3623.00   1.5264191e-17
      3624.00   1.5265716e-17
      3625.00   1.5267240e-17
      3626.00   1.5268765e-17
      3627.00   1.5270290e-17
      3628.00   1.5271816e-17
      3629.00   1.5273342e-17
      3630.00   1.5274868e-17
      3631.00   1.5276394e-17
      3632.00   1.5277921e-17
      3633.00   1.5279448e-17
      3634.00   1.5280975e-17
      3635.00   1.5282503e-17
      3636.00   1.5284031e-17
      3637.00   1.5285559e-17
      3638.00   1.5287088e-17
      3639.00   1.5288616e-17
      3640.00   1.5290146e-17
      3641.00   1.5291675e-17
      3642.00   1.5293205e-17
      3643.00   1.5294735e-17
      3644.00   1.5296266e-17
      3645.00   1.5297796e-17
      3646.00   1.5299327e-17
      3647.00   1.5300859e-17
      3648.00   1.5302390e-17
      3649.00   1.5303922e-17
      3650.00   1.5305455e-17
      3651.00   1.5306987e-17
      3652.00   1.5308520e-17
      3653.00   1.5310053e-17
      3654.00   1.5311587e-17
      3655.00   1.5313121e-17
      3656.00   1.5314655e-17
      3657.00   1.5316189e-17
      3658.00   1.5317724e-17
      3659.00   1.5319259e-17
      3660.00   1.5320795e-17
      3661.00   1.5322331e-17
      3662.00   1.5323867e-17
      3663.00   1.5325403e-17
      3664.00   1.5326940e-17
      3665.00   1.5328477e-17
      3666.00   1.5330014e-17
      3667.00   1.5331551e-17
      3668.00   1.5333089e-17
      3669.00   1.5334628e-17
      3670.00   1.5336166e-17
      3671.00   1.5337705e-17
      3672.00   1.5339244e-17
      3673.00   1.5340784e-17
      3674.00   1.5342323e-17
      3675.00   1.5343863e-17
      3676.00   1.5345404e-17
      3677.00   1.5346945e-17
      3678.00   1.5348486e-17
      3679.00   1.5350027e-17
      3680.00   1.5351569e-17
      3681.00   1.5353111e-17
      3682.00   1.5354653e-17
      3683.00   1.5356196e-17
      3684.00   1.5357739e-17
      3685.00   1.5359282e-17
      3686.00   1.5360825e-17
      3687.00   1.5362369e-17
      3688.00   1.5363913e-17
      3689.00   1.5365458e-17
      3690.00   1.5367003e-17
      3691.00   1.5368548e-17
      3692.00   1.5370093e-17
      3693.00   1.5371639e-17
      3694.00   1.5373185e-17
      3695.00   1.5374731e-17
      3696.00   1.5376278e-17
      3697.00   1.5377825e-17
      3698.00   1.5379373e-17
      3699.00   1.5380920e-17
      3700.00   1.5382468e-17
      3701.00   1.5384016e-17
      3702.00   1.5385565e-17
      3703.00   1.5387114e-17
      3704.00   1.5388663e-17
      3705.00   1.5390213e-17
      3706.00   1.5391763e-17
      3707.00   1.5393313e-17
      3708.00   1.5394863e-17
      3709.00   1.5396414e-17
      3710.00   1.5397965e-17
      3711.00   1.5399517e-17
      3712.00   1.5401068e-17
      3713.00   1.5402620e-17
      3714.00   1.5404173e-17
      3715.00   1.5405725e-17
      3716.00   1.5407279e-17
      3717.00   1.5408832e-17
      3718.00   1.5410385e-17
      3719.00   1.5411939e-17
      3720.00   1.5413494e-17
      3721.00   1.5415048e-17
      3722.00   1.5416603e-17
      3723.00   1.5418159e-17
      3724.00   1.5419714e-17
      3725.00   1.5421270e-17
      3726.00   1.5422826e-17
      3727.00   1.5424383e-17
      3728.00   1.5425940e-17
      3729.00   1.5427497e-17
      3730.00   1.5429054e-17
      3731.00   1.5430612e-17
      3732.00   1.5432170e-17
      3733.00   1.5433728e-17
      3734.00   1.5435287e-17
      3735.00   1.5436846e-17
      3736.00   1.5438406e-17
      3737.00   1.5439965e-17
      3738.00   1.5441525e-17
      3739.00   1.5443086e-17
      3740.00   1.5444646e-17
      3741.00   1.5446207e-17
      3742.00   1.5447769e-17
      3743.00   1.5449330e-17
      3744.00   1.5450892e-17
      3745.00   1.5452454e-17
      3746.00   1.5454017e-17
      3747.00   1.5455580e-17
      3748.00   1.5457143e-17
      3749.00   1.5458707e-17
      3750.00   1.5460270e-17
      3751.00   1.5461835e-17
      3752.00   1.5463399e-17
      3753.00   1.5464964e-17
      3754.00   1.5466529e-17
      3755.00   1.5468095e-17
      3756.00   1.5469660e-17
      3757.00   1.5471226e-17
      3758.00   1.5472793e-17
      3759.00   1.5474360e-17
      3760.00   1.5475927e-17
      3761.00   1.5477494e-17
      3762.00   1.5479062e-17
      3763.00   1.5480630e-17
      3764.00   1.5482198e-17
      3765.00   1.5483767e-17
      3766.00   1.5485336e-17
      3767.00   1.5486905e-17
      3768.00   1.5488475e-17
      3769.00   1.5490045e-17
      3770.00   1.5491615e-17
      3771.00   1.5493185e-17
      3772.00   1.5494756e-17
      3773.00   1.5496327e-17
      3774.00   1.5497899e-17
      3775.00   1.5499471e-17
      3776.00   1.5501043e-17
      3777.00   1.5502616e-17
      3778.00   1.5504188e-17
      3779.00   1.5505762e-17
      3780.00   1.5507335e-17
      3781.00   1.5508909e-17
      3782.00   1.5510483e-17
      3783.00   1.5512057e-17
      3784.00   1.5513632e-17
      3785.00   1.5515207e-17
      3786.00   1.5516783e-17
      3787.00   1.5518359e-17
      3788.00   1.5519935e-17
      3789.00   1.5521511e-17
      3790.00   1.5523088e-17
      3791.00   1.5524665e-17
      3792.00   1.5526242e-17
      3793.00   1.5527820e-17
      3794.00   1.5529398e-17
      3795.00   1.5530976e-17
      3796.00   1.5532555e-17
      3797.00   1.5534134e-17
      3798.00   1.5535713e-17
      3799.00   1.5537293e-17
      3800.00   1.5538873e-17
      3801.00   1.5540453e-17
      3802.00   1.5542033e-17
      3803.00   1.5543614e-17
      3804.00   1.5545196e-17
      3805.00   1.5546777e-17
      3806.00   1.5548359e-17
      3807.00   1.5549941e-17
      3808.00   1.5551524e-17
      3809.00   1.5553107e-17
      3810.00   1.5554690e-17
      3811.00   1.5556273e-17
      3812.00   1.5557857e-17
      3813.00   1.5559441e-17
      3814.00   1.5561026e-17
      3815.00   1.5562611e-17
      3816.00   1.5564196e-17
      3817.00   1.5565781e-17
      3818.00   1.5567367e-17
      3819.00   1.5568953e-17
      3820.00   1.5570540e-17
      3821.00   1.5572126e-17
      3822.00   1.5573714e-17
      3823.00   1.5575301e-17
      3824.00   1.5576889e-17
      3825.00   1.5578477e-17
      3826.00   1.5580065e-17
      3827.00   1.5581654e-17
      3828.00   1.5583243e-17
      3829.00   1.5584832e-17
      3830.00   1.5586422e-17
      3831.00   1.5588012e-17
      3832.00   1.5589602e-17
      3833.00   1.5591193e-17
      3834.00   1.5592784e-17
      3835.00   1.5594375e-17
      3836.00   1.5595967e-17
      3837.00   1.5597559e-17
      3838.00   1.5599151e-17
      3839.00   1.5600744e-17
      3840.00   1.5602337e-17
      3841.00   1.5603930e-17
      3842.00   1.5605524e-17
      3843.00   1.5607118e-17
      3844.00   1.5608712e-17
      3845.00   1.5610307e-17
      3846.00   1.5611902e-17
      3847.00   1.5613497e-17
      3848.00   1.5615093e-17
      3849.00   1.5616688e-17
      3850.00   1.5618285e-17
      3851.00   1.5619881e-17
      3852.00   1.5621478e-17
      3853.00   1.5623075e-17
      3854.00   1.5624673e-17
      3855.00   1.5626271e-17
      3856.00   1.5627869e-17
      3857.00   1.5629468e-17
      3858.00   1.5631067e-17
      3859.00   1.5632666e-17
      3860.00   1.5634265e-17
      3861.00   1.5635865e-17
      3862.00   1.5637465e-17
      3863.00   1.5639066e-17
      3864.00   1.5640667e-17
      3865.00   1.5642268e-17
      3866.00   1.5643869e-17
      3867.00   1.5645471e-17
      3868.00   1.5647073e-17
      3869.00   1.5648676e-17
      3870.00   1.5650279e-17
      3871.00   1.5651882e-17
      3872.00   1.5653485e-17
      3873.00   1.5655089e-17
      3874.00   1.5656693e-17
      3875.00   1.5658298e-17
      3876.00   1.5659902e-17
      3877.00   1.5661508e-17
      3878.00   1.5663113e-17
      3879.00   1.5664719e-17
      3880.00   1.5666325e-17
      3881.00   1.5667931e-17
      3882.00   1.5669538e-17
      3883.00   1.5671145e-17
      3884.00   1.5672753e-17
      3885.00   1.5674360e-17
      3886.00   1.5675968e-17
      3887.00   1.5677577e-17
      3888.00   1.5679186e-17
      3889.00   1.5680795e-17
      3890.00   1.5682404e-17
      3891.00   1.5684014e-17
      3892.00   1.5685624e-17
      3893.00   1.5687234e-17
      3894.00   1.5688845e-17
      3895.00   1.5690456e-17
      3896.00   1.5692068e-17
      3897.00   1.5693679e-17
      3898.00   1.5695291e-17
      3899.00   1.5696904e-17
      3900.00   1.5698517e-17
      3901.00   1.5700130e-17
      3902.00   1.5701743e-17
      3903.00   1.5703357e-17
      3904.00   1.5704971e-17
      3905.00   1.5706585e-17
      3906.00   1.5708200e-17
      3907.00   1.5709815e-17
      3908.00   1.5711430e-17
      3909.00   1.5713046e-17
      3910.00   1.5714662e-17
      3911.00   1.5716278e-17
      3912.00   1.5717895e-17
      3913.00   1.5719512e-17
      3914.00   1.5721130e-17
      3915.00   1.5722747e-17
      3916.00   1.5724365e-17
      3917.00   1.5725984e-17
      3918.00   1.5727602e-17
      3919.00   1.5729221e-17
      3920.00   1.5730841e-17
      3921.00   1.5732461e-17
      3922.00   1.5734081e-17
      3923.00   1.5735701e-17
      3924.00   1.5737322e-17
      3925.00   1.5738943e-17
      3926.00   1.5740564e-17
      3927.00   1.5742186e-17
      3928.00   1.5743808e-17
      3929.00   1.5745430e-17
      3930.00   1.5747053e-17
      3931.00   1.5748676e-17
      3932.00   1.5750299e-17
      3933.00   1.5751923e-17
      3934.00   1.5753547e-17
      3935.00   1.5755171e-17
      3936.00   1.5756796e-17
      3937.00   1.5758421e-17
      3938.00   1.5760046e-17
      3939.00   1.5761672e-17
      3940.00   1.5763298e-17
      3941.00   1.5764925e-17
      3942.00   1.5766551e-17
      3943.00   1.5768178e-17
      3944.00   1.5769806e-17
      3945.00   1.5771433e-17
      3946.00   1.5773061e-17
      3947.00   1.5774690e-17
      3948.00   1.5776319e-17
      3949.00   1.5777948e-17
      3950.00   1.5779577e-17
      3951.00   1.5781207e-17
      3952.00   1.5782837e-17
      3953.00   1.5784467e-17
      3954.00   1.5786098e-17
      3955.00   1.5787729e-17
      3956.00   1.5789360e-17
      3957.00   1.5790992e-17
      3958.00   1.5792624e-17
      3959.00   1.5794257e-17
      3960.00   1.5795889e-17
      3961.00   1.5797522e-17
      3962.00   1.5799156e-17
      3963.00   1.5800790e-17
      3964.00   1.5802424e-17
      3965.00   1.5804058e-17
      3966.00   1.5805693e-17
      3967.00   1.5807328e-17
      3968.00   1.5808963e-17
      3969.00   1.5810599e-17
      3970.00   1.5812235e-17
      3971.00   1.5813872e-17
      3972.00   1.5815508e-17
      3973.00   1.5817146e-17
      3974.00   1.5818783e-17
      3975.00   1.5820421e-17
      3976.00   1.5822059e-17
      3977.00   1.5823697e-17
      3978.00   1.5825336e-17
      3979.00   1.5826975e-17
      3980.00   1.5828615e-17
      3981.00   1.5830254e-17
      3982.00   1.5831895e-17
      3983.00   1.5833535e-17
      3984.00   1.5835176e-17
      3985.00   1.5836817e-17
      3986.00   1.5838459e-17
      3987.00   1.5840100e-17
      3988.00   1.5841743e-17
      3989.00   1.5843385e-17
      3990.00   1.5845028e-17
      3991.00   1.5846671e-17
      3992.00   1.5848315e-17
      3993.00   1.5849958e-17
      3994.00   1.5851603e-17
      3995.00   1.5853247e-17
      3996.00   1.5854892e-17
      3997.00   1.5856537e-17
      3998.00   1.5858183e-17
      3999.00   1.5859829e-17
      4000.00   1.5861475e-17
      4001.00   1.5863121e-17
      4002.00   1.5864768e-17
      4003.00   1.5866415e-17
      4004.00   1.5868063e-17
      4005.00   1.5869711e-17
      4006.00   1.5871359e-17
      4007.00   1.5873008e-17
      4008.00   1.5874657e-17
      4009.00   1.5876306e-17
      4010.00   1.5877955e-17
      4011.00   1.5879605e-17
      4012.00   1.5881256e-17
      4013.00   1.5882906e-17
      4014.00   1.5884557e-17
      4015.00   1.5886209e-17
      4016.00   1.5887860e-17
      4017.00   1.5889512e-17
      4018.00   1.5891164e-17
      4019.00   1.5892817e-17
      4020.00   1.5894470e-17
      4021.00   1.5896123e-17
      4022.00   1.5897777e-17
      4023.00   1.5899431e-17
      4024.00   1.5901085e-17
      4025.00   1.5902740e-17
      4026.00   1.5904395e-17
      4027.00   1.5906050e-17
      4028.00   1.5907706e-17
      4029.00   1.5909362e-17
      4030.00   1.5911019e-17
      4031.00   1.5912675e-17
      4032.00   1.5914332e-17
      4033.00   1.5915990e-17
      4034.00   1.5917648e-17
      4035.00   1.5919306e-17
      4036.00   1.5920964e-17
      4037.00   1.5922623e-17
      4038.00   1.5924282e-17
      4039.00   1.5925941e-17
      4040.00   1.5927601e-17
      4041.00   1.5929261e-17
      4042.00   1.5930922e-17
      4043.00   1.5932583e-17
      4044.00   1.5934244e-17
      4045.00   1.5935905e-17
      4046.00   1.5937567e-17
      4047.00   1.5939229e-17
      4048.00   1.5940892e-17
      4049.00   1.5942554e-17
      4050.00   1.5944218e-17
      4051.00   1.5945881e-17
      4052.00   1.5947545e-17
      4053.00   1.5949209e-17
      4054.00   1.5950874e-17
      4055.00   1.5952539e-17
      4056.00   1.5954204e-17
      4057.00   1.5955870e-17
      4058.00   1.5957535e-17
      4059.00   1.5959202e-17
      4060.00   1.5960868e-17
      4061.00   1.5962535e-17
      4062.00   1.5964203e-17
      4063.00   1.5965870e-17
      4064.00   1.5967538e-17
      4065.00   1.5969206e-17
      4066.00   1.5970875e-17
      4067.00   1.5972544e-17
      4068.00   1.5974213e-17
      4069.00   1.5975883e-17
      4070.00   1.5977553e-17
      4071.00   1.5979224e-17
      4072.00   1.5980894e-17
      4073.00   1.5982565e-17
      4074.00   1.5984237e-17
      4075.00   1.5985908e-17
      4076.00   1.5987581e-17
      4077.00   1.5989253e-17
      4078.00   1.5990926e-17
      4079.00   1.5992599e-17
      4080.00   1.5994272e-17
      4081.00   1.5995946e-17
      4082.00   1.5997620e-17
      4083.00   1.5999295e-17
      4084.00   1.6000969e-17
      4085.00   1.6002645e-17
      4086.00   1.6004320e-17
      4087.00   1.6005996e-17
      4088.00   1.6007672e-17
      4089.00   1.6009349e-17
      4090.00   1.6011026e-17
      4091.00   1.6012703e-17
      4092.00   1.6014380e-17
      4093.00   1.6016058e-17
      4094.00   1.6017737e-17
      4095.00   1.6019415e-17
      4096.00   1.6021094e-17
      4097.00   1.6022773e-17
      4098.00   1.6024453e-17
      4099.00   1.6026133e-17
      4100.00   1.6027813e-17
      4101.00   1.6029494e-17
      4102.00   1.6031175e-17
      4103.00   1.6032856e-17
      4104.00   1.6034538e-17
      4105.00   1.6036220e-17
      4106.00   1.6037902e-17
      4107.00   1.6039585e-17
      4108.00   1.6041268e-17
      4109.00   1.6042952e-17
      4110.00   1.6044635e-17
      4111.00   1.6046319e-17
      4112.00   1.6048004e-17
      4113.00   1.6049689e-17
      4114.00   1.6051374e-17
      4115.00   1.6053059e-17
      4116.00   1.6054745e-17
      4117.00   1.6056431e-17
      4118.00   1.6058118e-17
      4119.00   1.6059805e-17
      4120.00   1.6061492e-17
      4121.00   1.6063179e-17
      4122.00   1.6064867e-17
      4123.00   1.6066555e-17
      4124.00   1.6068244e-17
      4125.00   1.6069933e-17
      4126.00   1.6071622e-17
      4127.00   1.6073312e-17
      4128.00   1.6075002e-17
      4129.00   1.6076692e-17
      4130.00   1.6078383e-17
      4131.00   1.6080074e-17
      4132.00   1.6081765e-17
      4133.00   1.6083457e-17
      4134.00   1.6085149e-17
      4135.00   1.6086841e-17
      4136.00   1.6088534e-17
      4137.00   1.6090227e-17
      4138.00   1.6091920e-17
      4139.00   1.6093614e-17
      4140.00   1.6095308e-17
      4141.00   1.6097003e-17
      4142.00   1.6098697e-17
      4143.00   1.6100393e-17
      4144.00   1.6102088e-17
      4145.00   1.6103784e-17
      4146.00   1.6105480e-17
      4147.00   1.6107177e-17
      4148.00   1.6108874e-17
      4149.00   1.6110571e-17
      4150.00   1.6112268e-17
      4151.00   1.6113966e-17
      4152.00   1.6115664e-17
      4153.00   1.6117363e-17
      4154.00   1.6119062e-17
      4155.00   1.6120761e-17
      4156.00   1.6122461e-17
      4157.00   1.6124161e-17
      4158.00   1.6125861e-17
      4159.00   1.6127562e-17
      4160.00   1.6129263e-17
      4161.00   1.6130964e-17
      4162.00   1.6132666e-17
      4163.00   1.6134368e-17
      4164.00   1.6136071e-17
      4165.00   1.6137773e-17
      4166.00   1.6139477e-17
      4167.00   1.6141180e-17
      4168.00   1.6142884e-17
      4169.00   1.6144588e-17
      4170.00   1.6146292e-17
      4171.00   1.6147997e-17
      4172.00   1.6149703e-17
      4173.00   1.6151408e-17
      4174.00   1.6153114e-17
      4175.00   1.6154820e-17
      4176.00   1.6156527e-17
      4177.00   1.6158234e-17
      4178.00   1.6159941e-17
      4179.00   1.6161649e-17
      4180.00   1.6163357e-17
      4181.00   1.6165065e-17
      4182.00   1.6166774e-17
      4183.00   1.6168483e-17
      4184.00   1.6170192e-17
      4185.00   1.6171902e-17
      4186.00   1.6173612e-17
      4187.00   1.6175322e-17
      4188.00   1.6177033e-17
      4189.00   1.6178744e-17
      4190.00   1.6180456e-17
      4191.00   1.6182167e-17
      4192.00   1.6183880e-17
      4193.00   1.6185592e-17
      4194.00   1.6187305e-17
      4195.00   1.6189018e-17
      4196.00   1.6190732e-17
      4197.00   1.6192446e-17
      4198.00   1.6194160e-17
      4199.00   1.6195874e-17
      4200.00   1.6197589e-17
      4201.00   1.6199305e-17
      4202.00   1.6201020e-17
      4203.00   1.6202736e-17
      4204.00   1.6204453e-17
      4205.00   1.6206169e-17
      4206.00   1.6207886e-17
      4207.00   1.6209604e-17
      4208.00   1.6211322e-17
      4209.00   1.6213040e-17
      4210.00   1.6214758e-17
      4211.00   1.6216477e-17
      4212.00   1.6218196e-17
      4213.00   1.6219915e-17
      4214.00   1.6221635e-17
      4215.00   1.6223355e-17
      4216.00   1.6225076e-17
      4217.00   1.6226797e-17
      4218.00   1.6228518e-17
      4219.00   1.6230240e-17
      4220.00   1.6231962e-17
      4221.00   1.6233684e-17
      4222.00   1.6235407e-17
      4223.00   1.6237130e-17
      4224.00   1.6238853e-17
      4225.00   1.6240577e-17
      4226.00   1.6242301e-17
      4227.00   1.6244025e-17
      4228.00   1.6245750e-17
      4229.00   1.6247475e-17
      4230.00   1.6249200e-17
      4231.00   1.6250926e-17
      4232.00   1.6252652e-17
      4233.00   1.6254379e-17
      4234.00   1.6256105e-17
      4235.00   1.6257833e-17
      4236.00   1.6259560e-17
      4237.00   1.6261288e-17
      4238.00   1.6263016e-17
      4239.00   1.6264745e-17
      4240.00   1.6266474e-17
      4241.00   1.6268203e-17
      4242.00   1.6269933e-17
      4243.00   1.6271663e-17
      4244.00   1.6273393e-17
      4245.00   1.6275124e-17
      4246.00   1.6276855e-17
      4247.00   1.6278586e-17
      4248.00   1.6280318e-17
      4249.00   1.6282050e-17
      4250.00   1.6283782e-17
      4251.00   1.6285515e-17
      4252.00   1.6287248e-17
      4253.00   1.6288982e-17
      4254.00   1.6290716e-17
      4255.00   1.6292450e-17
      4256.00   1.6294184e-17
      4257.00   1.6295919e-17
      4258.00   1.6297655e-17
      4259.00   1.6299390e-17
      4260.00   1.6301126e-17
      4261.00   1.6302862e-17
      4262.00   1.6304599e-17
      4263.00   1.6306336e-17
      4264.00   1.6308073e-17
      4265.00   1.6309811e-17
      4266.00   1.6311549e-17
      4267.00   1.6313288e-17
      4268.00   1.6315026e-17
      4269.00   1.6316765e-17
      4270.00   1.6318505e-17
      4271.00   1.6320245e-17
      4272.00   1.6321985e-17
      4273.00   1.6323725e-17
      4274.00   1.6325466e-17
      4275.00   1.6327208e-17
      4276.00   1.6328949e-17
      4277.00   1.6330691e-17
      4278.00   1.6332433e-17
      4279.00   1.6334176e-17
      4280.00   1.6335919e-17
      4281.00   1.6337662e-17
      4282.00   1.6339406e-17
      4283.00   1.6341150e-17
      4284.00   1.6342894e-17
      4285.00   1.6344639e-17
      4286.00   1.6346384e-17
      4287.00   1.6348130e-17
      4288.00   1.6349876e-17
      4289.00   1.6351622e-17
      4290.00   1.6353368e-17
      4291.00   1.6355115e-17
      4292.00   1.6356862e-17
      4293.00   1.6358610e-17
      4294.00   1.6360358e-17
      4295.00   1.6362106e-17
      4296.00   1.6363855e-17
      4297.00   1.6365604e-17
      4298.00   1.6367353e-17
      4299.00   1.6369103e-17
      4300.00   1.6370853e-17
      4301.00   1.6372603e-17
      4302.00   1.6374354e-17
      4303.00   1.6376105e-17
      4304.00   1.6377856e-17
      4305.00   1.6379608e-17
      4306.00   1.6381360e-17
      4307.00   1.6383113e-17
      4308.00   1.6384866e-17
      4309.00   1.6386619e-17
      4310.00   1.6388373e-17
      4311.00   1.6390126e-17
      4312.00   1.6391881e-17
      4313.00   1.6393635e-17
      4314.00   1.6395390e-17
      4315.00   1.6397146e-17
      4316.00   1.6398901e-17
      4317.00   1.6400657e-17
      4318.00   1.6402414e-17
      4319.00   1.6404171e-17
      4320.00   1.6405928e-17
      4321.00   1.6407685e-17
      4322.00   1.6409443e-17
      4323.00   1.6411201e-17
      4324.00   1.6412960e-17
      4325.00   1.6414719e-17
      4326.00   1.6416478e-17
      4327.00   1.6418237e-17
      4328.00   1.6419997e-17
      4329.00   1.6421758e-17
      4330.00   1.6423518e-17
      4331.00   1.6425279e-17
      4332.00   1.6427041e-17
      4333.00   1.6428802e-17
      4334.00   1.6430564e-17
      4335.00   1.6432327e-17
      4336.00   1.6434090e-17
      4337.00   1.6435853e-17
      4338.00   1.6437616e-17
      4339.00   1.6439380e-17
      4340.00   1.6441144e-17
      4341.00   1.6442909e-17
      4342.00   1.6444674e-17
      4343.00   1.6446439e-17
      4344.00   1.6448205e-17
      4345.00   1.6449970e-17
      4346.00   1.6451737e-17
      4347.00   1.6453503e-17
      4348.00   1.6455270e-17
      4349.00   1.6457038e-17
      4350.00   1.6458806e-17
      4351.00   1.6460574e-17
      4352.00   1.6462342e-17
      4353.00   1.6464111e-17
      4354.00   1.6465880e-17
      4355.00   1.6467650e-17
      4356.00   1.6469419e-17
      4357.00   1.6471190e-17
      4358.00   1.6472960e-17
      4359.00   1.6474731e-17
      4360.00   1.6476502e-17
      4361.00   1.6478274e-17
      4362.00   1.6480046e-17
      4363.00   1.6481818e-17
      4364.00   1.6483591e-17
      4365.00   1.6485364e-17
      4366.00   1.6487138e-17
      4367.00   1.6488911e-17
      4368.00   1.6490686e-17
      4369.00   1.6492460e-17
      4370.00   1.6494235e-17
      4371.00   1.6496010e-17
      4372.00   1.6497786e-17
      4373.00   1.6499562e-17
      4374.00   1.6501338e-17
      4375.00   1.6503114e-17
      4376.00   1.6504891e-17
      4377.00   1.6506669e-17
      4378.00   1.6508446e-17
      4379.00   1.6510224e-17
      4380.00   1.6512003e-17
      4381.00   1.6513782e-17
      4382.00   1.6515561e-17
      4383.00   1.6517340e-17
      4384.00   1.6519120e-17
      4385.00   1.6520900e-17
      4386.00   1.6522681e-17
      4387.00   1.6524462e-17
      4388.00   1.6526243e-17
      4389.00   1.6528024e-17
      4390.00   1.6529806e-17
      4391.00   1.6531589e-17
      4392.00   1.6533371e-17
      4393.00   1.6535154e-17
      4394.00   1.6536938e-17
      4395.00   1.6538721e-17
      4396.00   1.6540506e-17
      4397.00   1.6542290e-17
      4398.00   1.6544075e-17
      4399.00   1.6545860e-17
      4400.00   1.6547645e-17
      4401.00   1.6549431e-17
      4402.00   1.6551218e-17
      4403.00   1.6553004e-17
      4404.00   1.6554791e-17
      4405.00   1.6556578e-17
      4406.00   1.6558366e-17
      4407.00   1.6560154e-17
      4408.00   1.6561942e-17
      4409.00   1.6563731e-17
      4410.00   1.6565520e-17
      4411.00   1.6567310e-17
      4412.00   1.6569100e-17
      4413.00   1.6570890e-17
      4414.00   1.6572680e-17
      4415.00   1.6574471e-17
      4416.00   1.6576262e-17
      4417.00   1.6578054e-17
      4418.00   1.6579846e-17
      4419.00   1.6581638e-17
      4420.00   1.6583431e-17
      4421.00   1.6585224e-17
      4422.00   1.6587017e-17
      4423.00   1.6588811e-17
      4424.00   1.6590605e-17
      4425.00   1.6592399e-17
      4426.00   1.6594194e-17
      4427.00   1.6595989e-17
      4428.00   1.6597785e-17
      4429.00   1.6599581e-17
      4430.00   1.6601377e-17
      4431.00   1.6603174e-17
      4432.00   1.6604971e-17
      4433.00   1.6606768e-17
      4434.00   1.6608565e-17
      4435.00   1.6610363e-17
      4436.00   1.6612162e-17
      4437.00   1.6613961e-17
      4438.00   1.6615760e-17
      4439.00   1.6617559e-17
      4440.00   1.6619359e-17
      4441.00   1.6621159e-17
      4442.00   1.6622960e-17
      4443.00   1.6624760e-17
      4444.00   1.6626562e-17
      4445.00   1.6628363e-17
      4446.00   1.6630165e-17
      4447.00   1.6631968e-17
      4448.00   1.6633770e-17
      4449.00   1.6635573e-17
      4450.00   1.6637377e-17
      4451.00   1.6639180e-17
      4452.00   1.6640984e-17
      4453.00   1.6642789e-17
      4454.00   1.6644594e-17
      4455.00   1.6646399e-17
      4456.00   1.6648204e-17
      4457.00   1.6650010e-17
      4458.00   1.6651817e-17
      4459.00   1.6653623e-17
      4460.00   1.6655430e-17
      4461.00   1.6657237e-17
      4462.00   1.6659045e-17
      4463.00   1.6660853e-17
      4464.00   1.6662662e-17
      4465.00   1.6664470e-17
      4466.00   1.6666279e-17
      4467.00   1.6668089e-17
      4468.00   1.6669899e-17
      4469.00   1.6671709e-17
      4470.00   1.6673520e-17
      4471.00   1.6675330e-17
      4472.00   1.6677142e-17
      4473.00   1.6678953e-17
      4474.00   1.6680765e-17
      4475.00   1.6682578e-17
      4476.00   1.6684390e-17
      4477.00   1.6686203e-17
      4478.00   1.6688017e-17
      4479.00   1.6689831e-17
      4480.00   1.6691645e-17
      4481.00   1.6693459e-17
      4482.00   1.6695274e-17
      4483.00   1.6697089e-17
      4484.00   1.6698905e-17
      4485.00   1.6700721e-17
      4486.00   1.6702537e-17
      4487.00   1.6704354e-17
      4488.00   1.6706171e-17
      4489.00   1.6707988e-17
      4490.00   1.6709806e-17
      4491.00   1.6711624e-17
      4492.00   1.6713442e-17
      4493.00   1.6715261e-17
      4494.00   1.6717080e-17
      4495.00   1.6718900e-17
      4496.00   1.6720720e-17
      4497.00   1.6722540e-17
      4498.00   1.6724361e-17
      4499.00   1.6726182e-17
      4500.00   1.6728003e-17
      4501.00   1.6729825e-17
      4502.00   1.6731647e-17
      4503.00   1.6733469e-17
      4504.00   1.6735292e-17
      4505.00   1.6737115e-17
      4506.00   1.6738938e-17
      4507.00   1.6740762e-17
      4508.00   1.6742586e-17
      4509.00   1.6744411e-17
      4510.00   1.6746236e-17
      4511.00   1.6748061e-17
      4512.00   1.6749887e-17
      4513.00   1.6751713e-17
      4514.00   1.6753539e-17
      4515.00   1.6755366e-17
      4516.00   1.6757193e-17
      4517.00   1.6759020e-17
      4518.00   1.6760848e-17
      4519.00   1.6762676e-17
      4520.00   1.6764505e-17
      4521.00   1.6766334e-17
      4522.00   1.6768163e-17
      4523.00   1.6769992e-17
      4524.00   1.6771822e-17
      4525.00   1.6773653e-17
      4526.00   1.6775483e-17
      4527.00   1.6777314e-17
      4528.00   1.6779146e-17
      4529.00   1.6780978e-17
      4530.00   1.6782810e-17
      4531.00   1.6784642e-17
      4532.00   1.6786475e-17
      4533.00   1.6788308e-17
      4534.00   1.6790142e-17
      4535.00   1.6791976e-17
      4536.00   1.6793810e-17
      4537.00   1.6795644e-17
      4538.00   1.6797479e-17
      4539.00   1.6799315e-17
      4540.00   1.6801151e-17
      4541.00   1.6802987e-17
      4542.00   1.6804823e-17
      4543.00   1.6806660e-17
      4544.00   1.6808497e-17
      4545.00   1.6810335e-17
      4546.00   1.6812172e-17
      4547.00   1.6814011e-17
      4548.00   1.6815849e-17
      4549.00   1.6817688e-17
      4550.00   1.6819527e-17
      4551.00   1.6821367e-17
      4552.00   1.6823207e-17
      4553.00   1.6825048e-17
      4554.00   1.6826888e-17
      4555.00   1.6828729e-17
      4556.00   1.6830571e-17
      4557.00   1.6832413e-17
      4558.00   1.6834255e-17
      4559.00   1.6836098e-17
      4560.00   1.6837941e-17
      4561.00   1.6839784e-17
      4562.00   1.6841627e-17
      4563.00   1.6843471e-17
      4564.00   1.6845316e-17
      4565.00   1.6847161e-17
      4566.00   1.6849006e-17
      4567.00   1.6850851e-17
      4568.00   1.6852697e-17
      4569.00   1.6854543e-17
      4570.00   1.6856390e-17
      4571.00   1.6858237e-17
      4572.00   1.6860084e-17
      4573.00   1.6861931e-17
      4574.00   1.6863779e-17
      4575.00   1.6865628e-17
      4576.00   1.6867476e-17
      4577.00   1.6869325e-17
      4578.00   1.6871175e-17
      4579.00   1.6873025e-17
      4580.00   1.6874875e-17
      4581.00   1.6876725e-17
      4582.00   1.6878576e-17
      4583.00   1.6880427e-17
      4584.00   1.6882279e-17
      4585.00   1.6884131e-17
      4586.00   1.6885983e-17
      4587.00   1.6887836e-17
      4588.00   1.6889689e-17
      4589.00   1.6891542e-17
      4590.00   1.6893396e-17
      4591.00   1.6895250e-17
      4592.00   1.6897105e-17
      4593.00   1.6898960e-17
      4594.00   1.6900815e-17
      4595.00   1.6902670e-17
      4596.00   1.6904526e-17
      4597.00   1.6906383e-17
      4598.00   1.6908239e-17
      4599.00   1.6910096e-17
      4600.00   1.6911954e-17
      4601.00   1.6913811e-17
      4602.00   1.6915669e-17
      4603.00   1.6917528e-17
      4604.00   1.6919387e-17
      4605.00   1.6921246e-17
      4606.00   1.6923105e-17
      4607.00   1.6924965e-17
      4608.00   1.6926826e-17
      4609.00   1.6928686e-17
      4610.00   1.6930547e-17
      4611.00   1.6932409e-17
      4612.00   1.6934270e-17
      4613.00   1.6936132e-17
      4614.00   1.6937995e-17
      4615.00   1.6939858e-17
      4616.00   1.6941721e-17
      4617.00   1.6943584e-17
      4618.00   1.6945448e-17
      4619.00   1.6947312e-17
      4620.00   1.6949177e-17
      4621.00   1.6951042e-17
      4622.00   1.6952907e-17
      4623.00   1.6954773e-17
      4624.00   1.6956639e-17
      4625.00   1.6958506e-17
      4626.00   1.6960372e-17
      4627.00   1.6962240e-17
      4628.00   1.6964107e-17
      4629.00   1.6965975e-17
      4630.00   1.6967843e-17
      4631.00   1.6969712e-17
      4632.00   1.6971581e-17
      4633.00   1.6973450e-17
      4634.00   1.6975320e-17
      4635.00   1.6977190e-17
      4636.00   1.6979060e-17
      4637.00   1.6980931e-17
      4638.00   1.6982802e-17
      4639.00   1.6984674e-17
      4640.00   1.6986545e-17
      4641.00   1.6988418e-17
      4642.00   1.6990290e-17
      4643.00   1.6992163e-17
      4644.00   1.6994036e-17
      4645.00   1.6995910e-17
      4646.00   1.6997784e-17
      4647.00   1.6999659e-17
      4648.00   1.7001533e-17
      4649.00   1.7003408e-17
      4650.00   1.7005284e-17
      4651.00   1.7007160e-17
      4652.00   1.7009036e-17
      4653.00   1.7010913e-17
      4654.00   1.7012789e-17
      4655.00   1.7014667e-17
      4656.00   1.7016544e-17
      4657.00   1.7018422e-17
      4658.00   1.7020301e-17
      4659.00   1.7022180e-17
      4660.00   1.7024059e-17
      4661.00   1.7025938e-17
      4662.00   1.7027818e-17
      4663.00   1.7029698e-17
      4664.00   1.7031579e-17
      4665.00   1.7033460e-17
      4666.00   1.7035341e-17
      4667.00   1.7037223e-17
      4668.00   1.7039105e-17
      4669.00   1.7040987e-17
      4670.00   1.7042870e-17
      4671.00   1.7044753e-17
      4672.00   1.7046636e-17
      4673.00   1.7048520e-17
      4674.00   1.7050404e-17
      4675.00   1.7052289e-17
      4676.00   1.7054174e-17
      4677.00   1.7056059e-17
      4678.00   1.7057945e-17
      4679.00   1.7059831e-17
      4680.00   1.7061717e-17
      4681.00   1.7063604e-17
      4682.00   1.7065491e-17
      4683.00   1.7067378e-17
      4684.00   1.7069266e-17
      4685.00   1.7071154e-17
      4686.00   1.7073043e-17
      4687.00   1.7074932e-17
      4688.00   1.7076821e-17
      4689.00   1.7078711e-17
      4690.00   1.7080601e-17
      4691.00   1.7082491e-17
      4692.00   1.7084382e-17
      4693.00   1.7086273e-17
      4694.00   1.7088164e-17
      4695.00   1.7090056e-17
      4696.00   1.7091948e-17
      4697.00   1.7093841e-17
      4698.00   1.7095734e-17
      4699.00   1.7097627e-17
      4700.00   1.7099521e-17
      4701.00   1.7101415e-17
      4702.00   1.7103309e-17
      4703.00   1.7105204e-17
      4704.00   1.7107099e-17
      4705.00   1.7108994e-17
      4706.00   1.7110890e-17
      4707.00   1.7112786e-17
      4708.00   1.7114683e-17
      4709.00   1.7116580e-17
      4710.00   1.7118477e-17
      4711.00   1.7120375e-17
      4712.00   1.7122273e-17
      4713.00   1.7124171e-17
      4714.00   1.7126070e-17
      4715.00   1.7127969e-17
      4716.00   1.7129868e-17
      4717.00   1.7131768e-17
      4718.00   1.7133668e-17
      4719.00   1.7135569e-17
      4720.00   1.7137470e-17
      4721.00   1.7139371e-17
      4722.00   1.7141273e-17
      4723.00   1.7143175e-17
      4724.00   1.7145077e-17
      4725.00   1.7146980e-17
      4726.00   1.7148883e-17
      4727.00   1.7150786e-17
      4728.00   1.7152690e-17
      4729.00   1.7154594e-17
      4730.00   1.7156499e-17
      4731.00   1.7158404e-17
      4732.00   1.7160309e-17
      4733.00   1.7162215e-17
      4734.00   1.7164121e-17
      4735.00   1.7166027e-17
      4736.00   1.7167934e-17
      4737.00   1.7169841e-17
      4738.00   1.7171748e-17
      4739.00   1.7173656e-17
      4740.00   1.7175564e-17
      4741.00   1.7177473e-17
      4742.00   1.7179382e-17
      4743.00   1.7181291e-17
      4744.00   1.7183201e-17
      4745.00   1.7185111e-17
      4746.00   1.7187021e-17
      4747.00   1.7188932e-17
      4748.00   1.7190843e-17
      4749.00   1.7192754e-17
      4750.00   1.7194666e-17
      4751.00   1.7196578e-17
      4752.00   1.7198491e-17
      4753.00   1.7200404e-17
      4754.00   1.7202317e-17
      4755.00   1.7204231e-17
      4756.00   1.7206145e-17
      4757.00   1.7208059e-17
      4758.00   1.7209974e-17
      4759.00   1.7211889e-17
      4760.00   1.7213804e-17
      4761.00   1.7215720e-17
      4762.00   1.7217636e-17
      4763.00   1.7219553e-17
      4764.00   1.7221470e-17
      4765.00   1.7223387e-17
      4766.00   1.7225305e-17
      4767.00   1.7227223e-17
      4768.00   1.7229141e-17
      4769.00   1.7231060e-17
      4770.00   1.7232979e-17
      4771.00   1.7234899e-17
      4772.00   1.7236818e-17
      4773.00   1.7238739e-17
      4774.00   1.7240659e-17
      4775.00   1.7242580e-17
      4776.00   1.7244501e-17
      4777.00   1.7246423e-17
      4778.00   1.7248345e-17
      4779.00   1.7250267e-17
      4780.00   1.7252190e-17
      4781.00   1.7254113e-17
      4782.00   1.7256037e-17
      4783.00   1.7257961e-17
      4784.00   1.7259885e-17
      4785.00   1.7261809e-17
      4786.00   1.7263734e-17
      4787.00   1.7265660e-17
      4788.00   1.7267585e-17
      4789.00   1.7269511e-17
      4790.00   1.7271438e-17
      4791.00   1.7273365e-17
      4792.00   1.7275292e-17
      4793.00   1.7277219e-17
      4794.00   1.7279147e-17
      4795.00   1.7281075e-17
      4796.00   1.7283004e-17
      4797.00   1.7284933e-17
      4798.00   1.7286862e-17
      4799.00   1.7288792e-17
      4800.00   1.7290722e-17
      4801.00   1.7292652e-17
      4802.00   1.7294583e-17
      4803.00   1.7296514e-17
      4804.00   1.7298446e-17
      4805.00   1.7300377e-17
      4806.00   1.7302310e-17
      4807.00   1.7304242e-17
      4808.00   1.7306175e-17
      4809.00   1.7308109e-17
      4810.00   1.7310042e-17
      4811.00   1.7311976e-17
      4812.00   1.7313911e-17
      4813.00   1.7315846e-17
      4814.00   1.7317781e-17
      4815.00   1.7319716e-17
      4816.00   1.7321652e-17
      4817.00   1.7323588e-17
      4818.00   1.7325525e-17
      4819.00   1.7327462e-17
      4820.00   1.7329399e-17
      4821.00   1.7331337e-17
      4822.00   1.7333275e-17
      4823.00   1.7335213e-17
      4824.00   1.7337152e-17
      4825.00   1.7339091e-17
      4826.00   1.7341031e-17
      4827.00   1.7342971e-17
      4828.00   1.7344911e-17
      4829.00   1.7346852e-17
      4830.00   1.7348793e-17
      4831.00   1.7350734e-17
      4832.00   1.7352676e-17
      4833.00   1.7354618e-17
      4834.00   1.7356560e-17
      4835.00   1.7358503e-17
      4836.00   1.7360446e-17
      4837.00   1.7362390e-17
      4838.00   1.7364334e-17
      4839.00   1.7366278e-17
      4840.00   1.7368223e-17
      4841.00   1.7370168e-17
      4842.00   1.7372113e-17
      4843.00   1.7374059e-17
      4844.00   1.7376005e-17
      4845.00   1.7377951e-17
      4846.00   1.7379898e-17
      4847.00   1.7381845e-17
      4848.00   1.7383793e-17
      4849.00   1.7385741e-17
      4850.00   1.7387689e-17
      4851.00   1.7389638e-17
      4852.00   1.7391587e-17
      4853.00   1.7393536e-17
      4854.00   1.7395486e-17
      4855.00   1.7397436e-17
      4856.00   1.7399386e-17
      4857.00   1.7401337e-17
      4858.00   1.7403289e-17
      4859.00   1.7405240e-17
      4860.00   1.7407192e-17
      4861.00   1.7409144e-17
      4862.00   1.7411097e-17
      4863.00   1.7413050e-17
      4864.00   1.7415003e-17
      4865.00   1.7416957e-17
      4866.00   1.7418911e-17
      4867.00   1.7420866e-17
      4868.00   1.7422821e-17
      4869.00   1.7424776e-17
      4870.00   1.7426732e-17
      4871.00   1.7428688e-17
      4872.00   1.7430644e-17
      4873.00   1.7432601e-17
      4874.00   1.7434558e-17
      4875.00   1.7436515e-17
      4876.00   1.7438473e-17
      4877.00   1.7440431e-17
      4878.00   1.7442389e-17
      4879.00   1.7444348e-17
      4880.00   1.7446308e-17
      4881.00   1.7448267e-17
      4882.00   1.7450227e-17
      4883.00   1.7452187e-17
      4884.00   1.7454148e-17
      4885.00   1.7456109e-17
      4886.00   1.7458071e-17
      4887.00   1.7460033e-17
      4888.00   1.7461995e-17
      4889.00   1.7463957e-17
      4890.00   1.7465920e-17
      4891.00   1.7467883e-17
      4892.00   1.7469847e-17
      4893.00   1.7471811e-17
      4894.00   1.7473775e-17
      4895.00   1.7475740e-17
      4896.00   1.7477705e-17
      4897.00   1.7479671e-17
      4898.00   1.7481636e-17
      4899.00   1.7483603e-17
      4900.00   1.7485569e-17
      4901.00   1.7487536e-17
      4902.00   1.7489503e-17
      4903.00   1.7491471e-17
      4904.00   1.7493439e-17
      4905.00   1.7495407e-17
      4906.00   1.7497376e-17
      4907.00   1.7499345e-17
      4908.00   1.7501315e-17
      4909.00   1.7503285e-17
      4910.00   1.7505255e-17
      4911.00   1.7507225e-17
      4912.00   1.7509196e-17
      4913.00   1.7511168e-17
      4914.00   1.7513139e-17
      4915.00   1.7515111e-17
      4916.00   1.7517084e-17
      4917.00   1.7519057e-17
      4918.00   1.7521030e-17
      4919.00   1.7523003e-17
      4920.00   1.7524977e-17
      4921.00   1.7526951e-17
      4922.00   1.7528926e-17
      4923.00   1.7530901e-17
      4924.00   1.7532876e-17
      4925.00   1.7534852e-17
      4926.00   1.7536828e-17
      4927.00   1.7538804e-17
      4928.00   1.7540781e-17
      4929.00   1.7542758e-17
      4930.00   1.7544736e-17
      4931.00   1.7546714e-17
      4932.00   1.7548692e-17
      4933.00   1.7550671e-17
      4934.00   1.7552650e-17
      4935.00   1.7554629e-17
      4936.00   1.7556609e-17
      4937.00   1.7558589e-17
      4938.00   1.7560569e-17
      4939.00   1.7562550e-17
      4940.00   1.7564531e-17
      4941.00   1.7566513e-17
      4942.00   1.7568495e-17
      4943.00   1.7570477e-17
      4944.00   1.7572459e-17
      4945.00   1.7574442e-17
      4946.00   1.7576426e-17
      4947.00   1.7578410e-17
      4948.00   1.7580394e-17
      4949.00   1.7582378e-17
      4950.00   1.7584363e-17
      4951.00   1.7586348e-17
      4952.00   1.7588334e-17
      4953.00   1.7590320e-17
      4954.00   1.7592306e-17
      4955.00   1.7594293e-17
      4956.00   1.7596280e-17
      4957.00   1.7598267e-17
      4958.00   1.7600255e-17
      4959.00   1.7602243e-17
      4960.00   1.7604231e-17
      4961.00   1.7606220e-17
      4962.00   1.7608210e-17
      4963.00   1.7610199e-17
      4964.00   1.7612189e-17
      4965.00   1.7614179e-17
      4966.00   1.7616170e-17
      4967.00   1.7618161e-17
      4968.00   1.7620153e-17
      4969.00   1.7622144e-17
      4970.00   1.7624136e-17
      4971.00   1.7626129e-17
      4972.00   1.7628122e-17
      4973.00   1.7630115e-17
      4974.00   1.7632109e-17
      4975.00   1.7634103e-17
      4976.00   1.7636097e-17
      4977.00   1.7638092e-17
      4978.00   1.7640087e-17
      4979.00   1.7642082e-17
      4980.00   1.7644078e-17
      4981.00   1.7646074e-17
      4982.00   1.7648071e-17
      4983.00   1.7650068e-17
      4984.00   1.7652065e-17
      4985.00   1.7654063e-17
      4986.00   1.7656061e-17
      4987.00   1.7658059e-17
      4988.00   1.7660058e-17
      4989.00   1.7662057e-17
      4990.00   1.7664056e-17
      4991.00   1.7666056e-17
      4992.00   1.7668056e-17
      4993.00   1.7670057e-17
      4994.00   1.7672058e-17
      4995.00   1.7674059e-17
      4996.00   1.7676061e-17
      4997.00   1.7678063e-17
      4998.00   1.7680065e-17
      4999.00   1.7682068e-17
      5000.00   1.7684071e-17
      5001.00   1.7686075e-17
      5002.00   1.7688078e-17
      5003.00   1.7690083e-17
      5004.00   1.7692087e-17
      5005.00   1.7694092e-17
      5006.00   1.7696098e-17
      5007.00   1.7698103e-17
      5008.00   1.7700109e-17
      5009.00   1.7702116e-17
      5010.00   1.7704122e-17
      5011.00   1.7706130e-17
      5012.00   1.7708137e-17
      5013.00   1.7710145e-17
      5014.00   1.7712153e-17
      5015.00   1.7714162e-17
      5016.00   1.7716171e-17
      5017.00   1.7718180e-17
      5018.00   1.7720190e-17
      5019.00   1.7722200e-17
      5020.00   1.7724210e-17
      5021.00   1.7726221e-17
      5022.00   1.7728232e-17
      5023.00   1.7730244e-17
      5024.00   1.7732256e-17
      5025.00   1.7734268e-17
      5026.00   1.7736281e-17
      5027.00   1.7738294e-17
      5028.00   1.7740307e-17
      5029.00   1.7742321e-17
      5030.00   1.7744335e-17
      5031.00   1.7746349e-17
      5032.00   1.7748364e-17
      5033.00   1.7750379e-17
      5034.00   1.7752395e-17
      5035.00   1.7754411e-17
      5036.00   1.7756427e-17
      5037.00   1.7758444e-17
      5038.00   1.7760461e-17
      5039.00   1.7762478e-17
      5040.00   1.7764496e-17
      5041.00   1.7766514e-17
      5042.00   1.7768533e-17
      5043.00   1.7770552e-17
      5044.00   1.7772571e-17
      5045.00   1.7774590e-17
      5046.00   1.7776610e-17
      5047.00   1.7778631e-17
      5048.00   1.7780651e-17
      5049.00   1.7782672e-17
      5050.00   1.7784694e-17
      5051.00   1.7786716e-17
      5052.00   1.7788738e-17
      5053.00   1.7790760e-17
      5054.00   1.7792783e-17
      5055.00   1.7794806e-17
      5056.00   1.7796830e-17
      5057.00   1.7798854e-17
      5058.00   1.7800878e-17
      5059.00   1.7802903e-17
      5060.00   1.7804928e-17
      5061.00   1.7806954e-17
      5062.00   1.7808979e-17
      5063.00   1.7811006e-17
      5064.00   1.7813032e-17
      5065.00   1.7815059e-17
      5066.00   1.7817086e-17
      5067.00   1.7819114e-17
      5068.00   1.7821142e-17
      5069.00   1.7823170e-17
      5070.00   1.7825199e-17
      5071.00   1.7827228e-17
      5072.00   1.7829258e-17
      5073.00   1.7831288e-17
      5074.00   1.7833318e-17
      5075.00   1.7835348e-17
      5076.00   1.7837379e-17
      5077.00   1.7839411e-17
      5078.00   1.7841442e-17
      5079.00   1.7843474e-17
      5080.00   1.7845507e-17
      5081.00   1.7847539e-17
      5082.00   1.7849572e-17
      5083.00   1.7851606e-17
      5084.00   1.7853640e-17
      5085.00   1.7855674e-17
      5086.00   1.7857709e-17
      5087.00   1.7859744e-17
      5088.00   1.7861779e-17
      5089.00   1.7863815e-17
      5090.00   1.7865851e-17
      5091.00   1.7867887e-17
      5092.00   1.7869924e-17
      5093.00   1.7871961e-17
      5094.00   1.7873999e-17
      5095.00   1.7876036e-17
      5096.00   1.7878075e-17
      5097.00   1.7880113e-17
      5098.00   1.7882152e-17
      5099.00   1.7884192e-17
      5100.00   1.7886231e-17
      5101.00   1.7888271e-17
      5102.00   1.7890312e-17
      5103.00   1.7892353e-17
      5104.00   1.7894394e-17
      5105.00   1.7896435e-17
      5106.00   1.7898477e-17
      5107.00   1.7900520e-17
      5108.00   1.7902562e-17
      5109.00   1.7904605e-17
      5110.00   1.7906649e-17
      5111.00   1.7908692e-17
      5112.00   1.7910737e-17
      5113.00   1.7912781e-17
      5114.00   1.7914826e-17
      5115.00   1.7916871e-17
      5116.00   1.7918917e-17
      5117.00   1.7920963e-17
      5118.00   1.7923009e-17
      5119.00   1.7925056e-17
      5120.00   1.7927103e-17
      5121.00   1.7929150e-17
      5122.00   1.7931198e-17
      5123.00   1.7933246e-17
      5124.00   1.7935294e-17
      5125.00   1.7937343e-17
      5126.00   1.7939392e-17
      5127.00   1.7941442e-17
      5128.00   1.7943492e-17
      5129.00   1.7945542e-17
      5130.00   1.7947593e-17
      5131.00   1.7949644e-17
      5132.00   1.7951696e-17
      5133.00   1.7953747e-17
      5134.00   1.7955799e-17
      5135.00   1.7957852e-17
      5136.00   1.7959905e-17
      5137.00   1.7961958e-17
      5138.00   1.7964012e-17
      5139.00   1.7966066e-17
      5140.00   1.7968120e-17
      5141.00   1.7970175e-17
      5142.00   1.7972230e-17
      5143.00   1.7974285e-17
      5144.00   1.7976341e-17
      5145.00   1.7978397e-17
      5146.00   1.7980454e-17
      5147.00   1.7982511e-17
      5148.00   1.7984568e-17
      5149.00   1.7986626e-17
      5150.00   1.7988684e-17
      5151.00   1.7990742e-17
      5152.00   1.7992801e-17
      5153.00   1.7994860e-17
      5154.00   1.7996919e-17
      5155.00   1.7998979e-17
      5156.00   1.8001039e-17
      5157.00   1.8003100e-17
      5158.00   1.8005161e-17
      5159.00   1.8007222e-17
      5160.00   1.8009284e-17
      5161.00   1.8011346e-17
      5162.00   1.8013408e-17
      5163.00   1.8015471e-17
      5164.00   1.8017534e-17
      5165.00   1.8019598e-17
      5166.00   1.8021662e-17
      5167.00   1.8023726e-17
      5168.00   1.8025790e-17
      5169.00   1.8027855e-17
      5170.00   1.8029921e-17
      5171.00   1.8031986e-17
      5172.00   1.8034052e-17
      5173.00   1.8036119e-17
      5174.00   1.8038186e-17
      5175.00   1.8040253e-17
      5176.00   1.8042320e-17
      5177.00   1.8044388e-17
      5178.00   1.8046456e-17
      5179.00   1.8048525e-17
      5180.00   1.8050594e-17
      5181.00   1.8052663e-17
      5182.00   1.8054733e-17
      5183.00   1.8056803e-17
      5184.00   1.8058874e-17
      5185.00   1.8060944e-17
      5186.00   1.8063016e-17
      5187.00   1.8065087e-17
      5188.00   1.8067159e-17
      5189.00   1.8069231e-17
      5190.00   1.8071304e-17
      5191.00   1.8073377e-17
      5192.00   1.8075450e-17
      5193.00   1.8077524e-17
      5194.00   1.8079598e-17
      5195.00   1.8081673e-17
      5196.00   1.8083747e-17
      5197.00   1.8085823e-17
      5198.00   1.8087898e-17
      5199.00   1.8089974e-17
      5200.00   1.8092050e-17
      5201.00   1.8094127e-17
      5202.00   1.8096204e-17
      5203.00   1.8098282e-17
      5204.00   1.8100359e-17
      5205.00   1.8102437e-17
      5206.00   1.8104516e-17
      5207.00   1.8106595e-17
      5208.00   1.8108674e-17
      5209.00   1.8110754e-17
      5210.00   1.8112834e-17
      5211.00   1.8114914e-17
      5212.00   1.8116995e-17
      5213.00   1.8119076e-17
      5214.00   1.8121157e-17
      5215.00   1.8123239e-17
      5216.00   1.8125321e-17
      5217.00   1.8127403e-17
      5218.00   1.8129486e-17
      5219.00   1.8131570e-17
      5220.00   1.8133653e-17
      5221.00   1.8135737e-17
      5222.00   1.8137821e-17
      5223.00   1.8139906e-17
      5224.00   1.8141991e-17
      5225.00   1.8144077e-17
      5226.00   1.8146162e-17
      5227.00   1.8148249e-17
      5228.00   1.8150335e-17
      5229.00   1.8152422e-17
      5230.00   1.8154509e-17
      5231.00   1.8156597e-17
      5232.00   1.8158685e-17
      5233.00   1.8160773e-17
      5234.00   1.8162862e-17
      5235.00   1.8164951e-17
      5236.00   1.8167041e-17
      5237.00   1.8169130e-17
      5238.00   1.8171221e-17
      5239.00   1.8173311e-17
      5240.00   1.8175402e-17
      5241.00   1.8177493e-17
      5242.00   1.8179585e-17
      5243.00   1.8181677e-17
      5244.00   1.8183769e-17
      5245.00   1.8185862e-17
      5246.00   1.8187955e-17
      5247.00   1.8190049e-17
      5248.00   1.8192142e-17
      5249.00   1.8194237e-17
      5250.00   1.8196331e-17
      5251.00   1.8198426e-17
      5252.00   1.8200521e-17
      5253.00   1.8202617e-17
      5254.00   1.8204713e-17
      5255.00   1.8206810e-17
      5256.00   1.8208906e-17
      5257.00   1.8211003e-17
      5258.00   1.8213101e-17
      5259.00   1.8215199e-17
      5260.00   1.8217297e-17
      5261.00   1.8219396e-17
      5262.00   1.8221495e-17
      5263.00   1.8223594e-17
      5264.00   1.8225694e-17
      5265.00   1.8227794e-17
      5266.00   1.8229894e-17
      5267.00   1.8231995e-17
      5268.00   1.8234096e-17
      5269.00   1.8236197e-17
      5270.00   1.8238299e-17
      5271.00   1.8240402e-17
      5272.00   1.8242504e-17
      5273.00   1.8244607e-17
      5274.00   1.8246710e-17
      5275.00   1.8248814e-17
      5276.00   1.8250918e-17
      5277.00   1.8253023e-17
      5278.00   1.8255127e-17
      5279.00   1.8257233e-17
      5280.00   1.8259338e-17
      5281.00   1.8261444e-17
      5282.00   1.8263550e-17
      5283.00   1.8265657e-17
      5284.00   1.8267764e-17
      5285.00   1.8269871e-17
      5286.00   1.8271979e-17
      5287.00   1.8274087e-17
      5288.00   1.8276196e-17
      5289.00   1.8278304e-17
      5290.00   1.8280414e-17
      5291.00   1.8282523e-17
      5292.00   1.8284633e-17
      5293.00   1.8286743e-17
      5294.00   1.8288854e-17
      5295.00   1.8290965e-17
      5296.00   1.8293076e-17
      5297.00   1.8295188e-17
      5298.00   1.8297300e-17
      5299.00   1.8299413e-17
      5300.00   1.8301525e-17
      5301.00   1.8303639e-17
      5302.00   1.8305752e-17
      5303.00   1.8307866e-17
      5304.00   1.8309980e-17
      5305.00   1.8312095e-17
      5306.00   1.8314210e-17
      5307.00   1.8316325e-17
      5308.00   1.8318441e-17
      5309.00   1.8320557e-17
      5310.00   1.8322674e-17
      5311.00   1.8324791e-17
      5312.00   1.8326908e-17
      5313.00   1.8329025e-17
      5314.00   1.8331143e-17
      5315.00   1.8333262e-17
      5316.00   1.8335380e-17
      5317.00   1.8337499e-17
      5318.00   1.8339619e-17
      5319.00   1.8341738e-17
      5320.00   1.8343859e-17
      5321.00   1.8345979e-17
      5322.00   1.8348100e-17
      5323.00   1.8350221e-17
      5324.00   1.8352343e-17
      5325.00   1.8354465e-17
      5326.00   1.8356587e-17
      5327.00   1.8358710e-17
      5328.00   1.8360833e-17
      5329.00   1.8362956e-17
      5330.00   1.8365080e-17
      5331.00   1.8367204e-17
      5332.00   1.8369329e-17
      5333.00   1.8371453e-17
      5334.00   1.8373579e-17
      5335.00   1.8375704e-17
      5336.00   1.8377830e-17
      5337.00   1.8379957e-17
      5338.00   1.8382083e-17
      5339.00   1.8384210e-17
      5340.00   1.8386338e-17
      5341.00   1.8388466e-17
      5342.00   1.8390594e-17
      5343.00   1.8392722e-17
      5344.00   1.8394851e-17
      5345.00   1.8396980e-17
      5346.00   1.8399110e-17
      5347.00   1.8401240e-17
      5348.00   1.8403370e-17
      5349.00   1.8405501e-17
      5350.00   1.8407632e-17
      5351.00   1.8409763e-17
      5352.00   1.8411895e-17
      5353.00   1.8414027e-17
      5354.00   1.8416160e-17
      5355.00   1.8418293e-17
      5356.00   1.8420426e-17
      5357.00   1.8422560e-17
      5358.00   1.8424694e-17
      5359.00   1.8426828e-17
      5360.00   1.8428963e-17
      5361.00   1.8431098e-17
      5362.00   1.8433233e-17
      5363.00   1.8435369e-17
      5364.00   1.8437505e-17
      5365.00   1.8439642e-17
      5366.00   1.8441779e-17
      5367.00   1.8443916e-17
      5368.00   1.8446054e-17
      5369.00   1.8448192e-17
      5370.00   1.8450330e-17
      5371.00   1.8452469e-17
      5372.00   1.8454608e-17
      5373.00   1.8456747e-17
      5374.00   1.8458887e-17
      5375.00   1.8461027e-17
      5376.00   1.8463168e-17
      5377.00   1.8465309e-17
      5378.00   1.8467450e-17
      5379.00   1.8469592e-17
      5380.00   1.8471734e-17
      5381.00   1.8473876e-17
      5382.00   1.8476019e-17
      5383.00   1.8478162e-17
      5384.00   1.8480305e-17
      5385.00   1.8482449e-17
      5386.00   1.8484593e-17
      5387.00   1.8486738e-17
      5388.00   1.8488883e-17
      5389.00   1.8491028e-17
      5390.00   1.8493174e-17
      5391.00   1.8495320e-17
      5392.00   1.8497466e-17
      5393.00   1.8499613e-17
      5394.00   1.8501760e-17
      5395.00   1.8503907e-17
      5396.00   1.8506055e-17
      5397.00   1.8508203e-17
      5398.00   1.8510352e-17
      5399.00   1.8512501e-17
      5400.00   1.8514650e-17
      5401.00   1.8516800e-17
      5402.00   1.8518950e-17
      5403.00   1.8521100e-17
      5404.00   1.8523251e-17
      5405.00   1.8525402e-17
      5406.00   1.8527554e-17
      5407.00   1.8529705e-17
      5408.00   1.8531858e-17
      5409.00   1.8534010e-17
      5410.00   1.8536163e-17
      5411.00   1.8538316e-17
      5412.00   1.8540470e-17
      5413.00   1.8542624e-17
      5414.00   1.8544779e-17
      5415.00   1.8546933e-17
      5416.00   1.8549088e-17
      5417.00   1.8551244e-17
      5418.00   1.8553400e-17
      5419.00   1.8555556e-17
      5420.00   1.8557712e-17
      5421.00   1.8559869e-17
      5422.00   1.8562027e-17
      5423.00   1.8564184e-17
      5424.00   1.8566342e-17
      5425.00   1.8568501e-17
      5426.00   1.8570660e-17
      5427.00   1.8572819e-17
      5428.00   1.8574978e-17
      5429.00   1.8577138e-17
      5430.00   1.8579298e-17
      5431.00   1.8581459e-17
      5432.00   1.8583620e-17
      5433.00   1.8585781e-17
      5434.00   1.8587943e-17
      5435.00   1.8590105e-17
      5436.00   1.8592267e-17
      5437.00   1.8594430e-17
      5438.00   1.8596593e-17
      5439.00   1.8598756e-17
      5440.00   1.8600920e-17
      5441.00   1.8603085e-17
      5442.00   1.8605249e-17
      5443.00   1.8607414e-17
      5444.00   1.8609579e-17
      5445.00   1.8611745e-17
      5446.00   1.8613911e-17
      5447.00   1.8616077e-17
      5448.00   1.8618244e-17
      5449.00   1.8620411e-17
      5450.00   1.8622579e-17
      5451.00   1.8624747e-17
      5452.00   1.8626915e-17
      5453.00   1.8629083e-17
      5454.00   1.8631252e-17
      5455.00   1.8633422e-17
      5456.00   1.8635591e-17
      5457.00   1.8637761e-17
      5458.00   1.8639932e-17
      5459.00   1.8642103e-17
      5460.00   1.8644274e-17
      5461.00   1.8646445e-17
      5462.00   1.8648617e-17
      5463.00   1.8650789e-17
      5464.00   1.8652962e-17
      5465.00   1.8655135e-17
      5466.00   1.8657308e-17
      5467.00   1.8659482e-17
      5468.00   1.8661656e-17
      5469.00   1.8663830e-17
      5470.00   1.8666005e-17
      5471.00   1.8668180e-17
      5472.00   1.8670356e-17
      5473.00   1.8672531e-17
      5474.00   1.8674708e-17
      5475.00   1.8676884e-17
      5476.00   1.8679061e-17
      5477.00   1.8681238e-17
      5478.00   1.8683416e-17
      5479.00   1.8685594e-17
      5480.00   1.8687772e-17
      5481.00   1.8689951e-17
      5482.00   1.8692130e-17
      5483.00   1.8694310e-17
      5484.00   1.8696490e-17
      5485.00   1.8698670e-17
      5486.00   1.8700850e-17
      5487.00   1.8703031e-17
      5488.00   1.8705213e-17
      5489.00   1.8707394e-17
      5490.00   1.8709576e-17
      5491.00   1.8711759e-17
      5492.00   1.8713942e-17
      5493.00   1.8716125e-17
      5494.00   1.8718308e-17
      5495.00   1.8720492e-17
      5496.00   1.8722676e-17
      5497.00   1.8724861e-17
      5498.00   1.8727046e-17
      5499.00   1.8729231e-17
      5500.00   1.8731417e-17
      5501.00   1.8733603e-17
      5502.00   1.8735789e-17
      5503.00   1.8737976e-17
      5504.00   1.8740163e-17
      5505.00   1.8742350e-17
      5506.00   1.8744538e-17
      5507.00   1.8746726e-17
      5508.00   1.8748915e-17
      5509.00   1.8751104e-17
      5510.00   1.8753293e-17
      5511.00   1.8755483e-17
      5512.00   1.8757673e-17
      5513.00   1.8759863e-17
      5514.00   1.8762054e-17
      5515.00   1.8764245e-17
      5516.00   1.8766437e-17
      5517.00   1.8768628e-17
      5518.00   1.8770821e-17
      5519.00   1.8773013e-17
      5520.00   1.8775206e-17
      5521.00   1.8777399e-17
      5522.00   1.8779593e-17
      5523.00   1.8781787e-17
      5524.00   1.8783981e-17
      5525.00   1.8786176e-17
      5526.00   1.8788371e-17
      5527.00   1.8790567e-17
      5528.00   1.8792762e-17
      5529.00   1.8794959e-17
      5530.00   1.8797155e-17
      5531.00   1.8799352e-17
      5532.00   1.8801549e-17
      5533.00   1.8803747e-17
      5534.00   1.8805945e-17
      5535.00   1.8808143e-17
      5536.00   1.8810342e-17
      5537.00   1.8812541e-17
      5538.00   1.8814741e-17
      5539.00   1.8816940e-17
      5540.00   1.8819141e-17
      5541.00   1.8821341e-17
      5542.00   1.8823542e-17
      5543.00   1.8825743e-17
      5544.00   1.8827945e-17
      5545.00   1.8830147e-17
      5546.00   1.8832349e-17
      5547.00   1.8834552e-17
      5548.00   1.8836755e-17
      5549.00   1.8838958e-17
      5550.00   1.8841162e-17
      5551.00   1.8843366e-17
      5552.00   1.8845571e-17
      5553.00   1.8847776e-17
      5554.00   1.8849981e-17
      5555.00   1.8852187e-17
      5556.00   1.8854393e-17
      5557.00   1.8856599e-17
      5558.00   1.8858806e-17
      5559.00   1.8861013e-17
      5560.00   1.8863220e-17
      5561.00   1.8865428e-17
      5562.00   1.8867636e-17
      5563.00   1.8869845e-17
      5564.00   1.8872053e-17
      5565.00   1.8874263e-17
      5566.00   1.8876472e-17
      5567.00   1.8878682e-17
      5568.00   1.8880893e-17
      5569.00   1.8883103e-17
      5570.00   1.8885314e-17
      5571.00   1.8887526e-17
      5572.00   1.8889737e-17
      5573.00   1.8891950e-17
      5574.00   1.8894162e-17
      5575.00   1.8896375e-17
      5576.00   1.8898588e-17
      5577.00   1.8900802e-17
      5578.00   1.8903016e-17
      5579.00   1.8905230e-17
      5580.00   1.8907445e-17
      5581.00   1.8909660e-17
      5582.00   1.8911875e-17
      5583.00   1.8914091e-17
      5584.00   1.8916307e-17
      5585.00   1.8918523e-17
      5586.00   1.8920740e-17
      5587.00   1.8922957e-17
      5588.00   1.8925175e-17
      5589.00   1.8927393e-17
      5590.00   1.8929611e-17
      5591.00   1.8931830e-17
      5592.00   1.8934049e-17
      5593.00   1.8936268e-17
      5594.00   1.8938488e-17
      5595.00   1.8940708e-17
      5596.00   1.8942929e-17
      5597.00   1.8945149e-17
      5598.00   1.8947371e-17
      5599.00   1.8949592e-17
      5600.00   1.8951814e-17
      5601.00   1.8954036e-17
      5602.00   1.8956259e-17
      5603.00   1.8958482e-17
      5604.00   1.8960705e-17
      5605.00   1.8962929e-17
      5606.00   1.8965153e-17
      5607.00   1.8967377e-17
      5608.00   1.8969602e-17
      5609.00   1.8971827e-17
      5610.00   1.8974053e-17
      5611.00   1.8976279e-17
      5612.00   1.8978505e-17
      5613.00   1.8980732e-17
      5614.00   1.8982959e-17
      5615.00   1.8985186e-17
      5616.00   1.8987414e-17
      5617.00   1.8989642e-17
      5618.00   1.8991870e-17
      5619.00   1.8994099e-17
      5620.00   1.8996328e-17
      5621.00   1.8998558e-17
      5622.00   1.9000787e-17
      5623.00   1.9003018e-17
      5624.00   1.9005248e-17
      5625.00   1.9007479e-17
      5626.00   1.9009711e-17
      5627.00   1.9011942e-17
      5628.00   1.9014174e-17
      5629.00   1.9016407e-17
      5630.00   1.9018639e-17
      5631.00   1.9020873e-17
      5632.00   1.9023106e-17
      5633.00   1.9025340e-17
      5634.00   1.9027574e-17
      5635.00   1.9029809e-17
      5636.00   1.9032044e-17
      5637.00   1.9034279e-17
      5638.00   1.9036514e-17
      5639.00   1.9038750e-17
      5640.00   1.9040987e-17
      5641.00   1.9043224e-17
      5642.00   1.9045461e-17
      5643.00   1.9047698e-17
      5644.00   1.9049936e-17
      5645.00   1.9052174e-17
      5646.00   1.9054413e-17
      5647.00   1.9056652e-17
      5648.00   1.9058891e-17
      5649.00   1.9061130e-17
      5650.00   1.9063370e-17
      5651.00   1.9065611e-17
      5652.00   1.9067851e-17
      5653.00   1.9070093e-17
      5654.00   1.9072334e-17
      5655.00   1.9074576e-17
      5656.00   1.9076818e-17
      5657.00   1.9079060e-17
      5658.00   1.9081303e-17
      5659.00   1.9083547e-17
      5660.00   1.9085790e-17
      5661.00   1.9088034e-17
      5662.00   1.9090278e-17
      5663.00   1.9092523e-17
      5664.00   1.9094768e-17
      5665.00   1.9097013e-17
      5666.00   1.9099259e-17
      5667.00   1.9101505e-17
      5668.00   1.9103752e-17
      5669.00   1.9105999e-17
      5670.00   1.9108246e-17
      5671.00   1.9110493e-17
      5672.00   1.9112741e-17
      5673.00   1.9114990e-17
      5674.00   1.9117238e-17
      5675.00   1.9119487e-17
      5676.00   1.9121737e-17
      5677.00   1.9123986e-17
      5678.00   1.9126236e-17
      5679.00   1.9128487e-17
      5680.00   1.9130738e-17
      5681.00   1.9132989e-17
      5682.00   1.9135240e-17
      5683.00   1.9137492e-17
      5684.00   1.9139745e-17
      5685.00   1.9141997e-17
      5686.00   1.9144250e-17
      5687.00   1.9146504e-17
      5688.00   1.9148757e-17
      5689.00   1.9151011e-17
      5690.00   1.9153266e-17
      5691.00   1.9155520e-17
      5692.00   1.9157776e-17
      5693.00   1.9160031e-17
      5694.00   1.9162287e-17
      5695.00   1.9164543e-17
      5696.00   1.9166800e-17
      5697.00   1.9169057e-17
      5698.00   1.9171314e-17
      5699.00   1.9173572e-17
      5700.00   1.9175830e-17
      5701.00   1.9178088e-17
      5702.00   1.9180347e-17
      5703.00   1.9182606e-17
      5704.00   1.9184865e-17
      5705.00   1.9187125e-17
      5706.00   1.9189385e-17
      5707.00   1.9191646e-17
      5708.00   1.9193907e-17
      5709.00   1.9196168e-17
      5710.00   1.9198430e-17
      5711.00   1.9200692e-17
      5712.00   1.9202954e-17
      5713.00   1.9205217e-17
      5714.00   1.9207480e-17
      5715.00   1.9209743e-17
      5716.00   1.9212007e-17
      5717.00   1.9214271e-17
      5718.00   1.9216536e-17
      5719.00   1.9218801e-17
      5720.00   1.9221066e-17
      5721.00   1.9223331e-17
      5722.00   1.9225597e-17
      5723.00   1.9227864e-17
      5724.00   1.9230130e-17
      5725.00   1.9232397e-17
      5726.00   1.9234665e-17
      5727.00   1.9236933e-17
      5728.00   1.9239201e-17
      5729.00   1.9241469e-17
      5730.00   1.9243738e-17
      5731.00   1.9246007e-17
      5732.00   1.9248277e-17
      5733.00   1.9250547e-17
      5734.00   1.9252817e-17
      5735.00   1.9255087e-17
      5736.00   1.9257358e-17
      5737.00   1.9259630e-17
      5738.00   1.9261902e-17
      5739.00   1.9264174e-17
      5740.00   1.9266446e-17
      5741.00   1.9268719e-17
      5742.00   1.9270992e-17
      5743.00   1.9273265e-17
      5744.00   1.9275539e-17
      5745.00   1.9277814e-17
      5746.00   1.9280088e-17
      5747.00   1.9282363e-17
      5748.00   1.9284638e-17
      5749.00   1.9286914e-17
      5750.00   1.9289190e-17
      5751.00   1.9291466e-17
      5752.00   1.9293743e-17
      5753.00   1.9296020e-17
      5754.00   1.9298298e-17
      5755.00   1.9300576e-17
      5756.00   1.9302854e-17
      5757.00   1.9305132e-17
      5758.00   1.9307411e-17
      5759.00   1.9309690e-17
      5760.00   1.9311970e-17
      5761.00   1.9314250e-17
      5762.00   1.9316530e-17
      5763.00   1.9318811e-17
      5764.00   1.9321092e-17
      5765.00   1.9323374e-17
      5766.00   1.9325655e-17
      5767.00   1.9327938e-17
      5768.00   1.9330220e-17
      5769.00   1.9332503e-17
      5770.00   1.9334786e-17
      5771.00   1.9337070e-17
      5772.00   1.9339354e-17
      5773.00   1.9341638e-17
      5774.00   1.9343923e-17
      5775.00   1.9346208e-17
      5776.00   1.9348493e-17
      5777.00   1.9350779e-17
      5778.00   1.9353065e-17
      5779.00   1.9355351e-17
      5780.00   1.9357638e-17
      5781.00   1.9359925e-17
      5782.00   1.9362213e-17
      5783.00   1.9364501e-17
      5784.00   1.9366789e-17
      5785.00   1.9369077e-17
      5786.00   1.9371366e-17
      5787.00   1.9373656e-17
      5788.00   1.9375945e-17
      5789.00   1.9378235e-17
      5790.00   1.9380526e-17
      5791.00   1.9382817e-17
      5792.00   1.9385108e-17
      5793.00   1.9387399e-17
      5794.00   1.9389691e-17
      5795.00   1.9391983e-17
      5796.00   1.9394276e-17
      5797.00   1.9396569e-17
      5798.00   1.9398862e-17
      5799.00   1.9401156e-17
      5800.00   1.9403450e-17
      5801.00   1.9405744e-17
      5802.00   1.9408039e-17
      5803.00   1.9410334e-17
      5804.00   1.9412629e-17
      5805.00   1.9414925e-17
      5806.00   1.9417221e-17
      5807.00   1.9419518e-17
      5808.00   1.9421814e-17
      5809.00   1.9424112e-17
      5810.00   1.9426409e-17
      5811.00   1.9428707e-17
      5812.00   1.9431005e-17
      5813.00   1.9433304e-17
      5814.00   1.9435603e-17
      5815.00   1.9437902e-17
      5816.00   1.9440202e-17
      5817.00   1.9442502e-17
      5818.00   1.9444803e-17
      5819.00   1.9447104e-17
      5820.00   1.9449405e-17
      5821.00   1.9451706e-17
      5822.00   1.9454008e-17
      5823.00   1.9456310e-17
      5824.00   1.9458613e-17
      5825.00   1.9460916e-17
      5826.00   1.9463219e-17
      5827.00   1.9465523e-17
      5828.00   1.9467827e-17
      5829.00   1.9470131e-17
      5830.00   1.9472436e-17
      5831.00   1.9474741e-17
      5832.00   1.9477047e-17
      5833.00   1.9479352e-17
      5834.00   1.9481659e-17
      5835.00   1.9483965e-17
      5836.00   1.9486272e-17
      5837.00   1.9488579e-17
      5838.00   1.9490887e-17
      5839.00   1.9493195e-17
      5840.00   1.9495503e-17
      5841.00   1.9497812e-17
      5842.00   1.9500121e-17
      5843.00   1.9502430e-17
      5844.00   1.9504740e-17
      5845.00   1.9507050e-17
      5846.00   1.9509361e-17
      5847.00   1.9511672e-17
      5848.00   1.9513983e-17
      5849.00   1.9516294e-17
      5850.00   1.9518606e-17
      5851.00   1.9520918e-17
      5852.00   1.9523231e-17
      5853.00   1.9525544e-17
      5854.00   1.9527857e-17
      5855.00   1.9530171e-17
      5856.00   1.9532485e-17
      5857.00   1.9534800e-17
      5858.00   1.9537114e-17
      5859.00   1.9539430e-17
      5860.00   1.9541745e-17
      5861.00   1.9544061e-17
      5862.00   1.9546377e-17
      5863.00   1.9548694e-17
      5864.00   1.9551011e-17
      5865.00   1.9553328e-17
      5866.00   1.9555645e-17
      5867.00   1.9557963e-17
      5868.00   1.9560282e-17
      5869.00   1.9562601e-17
      5870.00   1.9564920e-17
      5871.00   1.9567239e-17
      5872.00   1.9569559e-17
      5873.00   1.9571879e-17
      5874.00   1.9574199e-17
      5875.00   1.9576520e-17
      5876.00   1.9578842e-17
      5877.00   1.9581163e-17
      5878.00   1.9583485e-17
      5879.00   1.9585807e-17
      5880.00   1.9588130e-17
      5881.00   1.9590453e-17
      5882.00   1.9592776e-17
      5883.00   1.9595100e-17
      5884.00   1.9597424e-17
      5885.00   1.9599749e-17
      5886.00   1.9602073e-17
      5887.00   1.9604398e-17
      5888.00   1.9606724e-17
      5889.00   1.9609050e-17
      5890.00   1.9611376e-17
      5891.00   1.9613703e-17
      5892.00   1.9616030e-17
      5893.00   1.9618357e-17
      5894.00   1.9620684e-17
      5895.00   1.9623013e-17
      5896.00   1.9625341e-17
      5897.00   1.9627670e-17
      5898.00   1.9629999e-17
      5899.00   1.9632328e-17
      5900.00   1.9634658e-17
      5901.00   1.9636988e-17
      5902.00   1.9639319e-17
      5903.00   1.9641649e-17
      5904.00   1.9643981e-17
      5905.00   1.9646312e-17
      5906.00   1.9648644e-17
      5907.00   1.9650976e-17
      5908.00   1.9653309e-17
      5909.00   1.9655642e-17
      5910.00   1.9657975e-17
      5911.00   1.9660309e-17
      5912.00   1.9662643e-17
      5913.00   1.9664978e-17
      5914.00   1.9667312e-17
      5915.00   1.9669648e-17
      5916.00   1.9671983e-17
      5917.00   1.9674319e-17
      5918.00   1.9676655e-17
      5919.00   1.9678992e-17
      5920.00   1.9681329e-17
      5921.00   1.9683666e-17
      5922.00   1.9686004e-17
      5923.00   1.9688342e-17
      5924.00   1.9690680e-17
      5925.00   1.9693019e-17
      5926.00   1.9695358e-17
      5927.00   1.9697697e-17
      5928.00   1.9700037e-17
      5929.00   1.9702377e-17
      5930.00   1.9704718e-17
      5931.00   1.9707058e-17
      5932.00   1.9709400e-17
      5933.00   1.9711741e-17
      5934.00   1.9714083e-17
      5935.00   1.9716425e-17
      5936.00   1.9718768e-17
      5937.00   1.9721111e-17
      5938.00   1.9723454e-17
      5939.00   1.9725798e-17
      5940.00   1.9728142e-17
      5941.00   1.9730487e-17
      5942.00   1.9732831e-17
      5943.00   1.9735177e-17
      5944.00   1.9737522e-17
      5945.00   1.9739868e-17
      5946.00   1.9742214e-17
      5947.00   1.9744561e-17
      5948.00   1.9746908e-17
      5949.00   1.9749255e-17
      5950.00   1.9751602e-17
      5951.00   1.9753950e-17
      5952.00   1.9756299e-17
      5953.00   1.9758648e-17
      5954.00   1.9760997e-17
      5955.00   1.9763346e-17
      5956.00   1.9765696e-17
      5957.00   1.9768046e-17
      5958.00   1.9770396e-17
      5959.00   1.9772747e-17
      5960.00   1.9775098e-17
      5961.00   1.9777450e-17
      5962.00   1.9779802e-17
      5963.00   1.9782154e-17
      5964.00   1.9784507e-17
      5965.00   1.9786860e-17
      5966.00   1.9789213e-17
      5967.00   1.9791567e-17
      5968.00   1.9793921e-17
      5969.00   1.9796275e-17
      5970.00   1.9798630e-17
      5971.00   1.9800985e-17
      5972.00   1.9803340e-17
      5973.00   1.9805696e-17
      5974.00   1.9808052e-17
      5975.00   1.9810409e-17
      5976.00   1.9812766e-17
      5977.00   1.9815123e-17
      5978.00   1.9817481e-17
      5979.00   1.9819839e-17
      5980.00   1.9822197e-17
      5981.00   1.9824556e-17
      5982.00   1.9826915e-17
      5983.00   1.9829274e-17
      5984.00   1.9831634e-17
      5985.00   1.9833994e-17
      5986.00   1.9836354e-17
      5987.00   1.9838715e-17
      5988.00   1.9841076e-17
      5989.00   1.9843438e-17
      5990.00   1.9845800e-17
      5991.00   1.9848162e-17
      5992.00   1.9850524e-17
      5993.00   1.9852887e-17
      5994.00   1.9855251e-17
      5995.00   1.9857614e-17
      5996.00   1.9859978e-17
      5997.00   1.9862343e-17
      5998.00   1.9864707e-17
      5999.00   1.9867072e-17
      6000.00   1.9869438e-17
      6001.00   1.9871804e-17
      6002.00   1.9874170e-17
      6003.00   1.9876536e-17
      6004.00   1.9878903e-17
      6005.00   1.9881270e-17
      6006.00   1.9883638e-17
      6007.00   1.9886006e-17
      6008.00   1.9888374e-17
      6009.00   1.9890743e-17
      6010.00   1.9893112e-17
      6011.00   1.9895481e-17
      6012.00   1.9897851e-17
      6013.00   1.9900221e-17
      6014.00   1.9902591e-17
      6015.00   1.9904962e-17
      6016.00   1.9907333e-17
      6017.00   1.9909704e-17
      6018.00   1.9912076e-17
      6019.00   1.9914448e-17
      6020.00   1.9916821e-17
      6021.00   1.9919194e-17
      6022.00   1.9921567e-17
      6023.00   1.9923941e-17
      6024.00   1.9926314e-17
      6025.00   1.9928689e-17
      6026.00   1.9931063e-17
      6027.00   1.9933438e-17
      6028.00   1.9935814e-17
      6029.00   1.9938190e-17
      6030.00   1.9940566e-17
      6031.00   1.9942942e-17
      6032.00   1.9945319e-17
      6033.00   1.9947696e-17
      6034.00   1.9950073e-17
      6035.00   1.9952451e-17
      6036.00   1.9954829e-17
      6037.00   1.9957208e-17
      6038.00   1.9959587e-17
      6039.00   1.9961966e-17
      6040.00   1.9964346e-17
      6041.00   1.9966726e-17
      6042.00   1.9969106e-17
      6043.00   1.9971487e-17
      6044.00   1.9973868e-17
      6045.00   1.9976249e-17
      6046.00   1.9978631e-17
      6047.00   1.9981013e-17
      6048.00   1.9983396e-17
      6049.00   1.9985778e-17
      6050.00   1.9988162e-17
      6051.00   1.9990545e-17
      6052.00   1.9992929e-17
      6053.00   1.9995313e-17
      6054.00   1.9997698e-17
      6055.00   2.0000083e-17
      6056.00   2.0002468e-17
      6057.00   2.0004854e-17
      6058.00   2.0007240e-17
      6059.00   2.0009626e-17
      6060.00   2.0012013e-17
      6061.00   2.0014400e-17
      6062.00   2.0016787e-17
      6063.00   2.0019175e-17
      6064.00   2.0021563e-17
      6065.00   2.0023952e-17
      6066.00   2.0026340e-17
      6067.00   2.0028730e-17
      6068.00   2.0031119e-17
      6069.00   2.0033509e-17
      6070.00   2.0035899e-17
      6071.00   2.0038290e-17
      6072.00   2.0040681e-17
      6073.00   2.0043072e-17
      6074.00   2.0045464e-17
      6075.00   2.0047856e-17
      6076.00   2.0050248e-17
      6077.00   2.0052641e-17
      6078.00   2.0055034e-17
      6079.00   2.0057428e-17
      6080.00   2.0059821e-17
      6081.00   2.0062215e-17
      6082.00   2.0064610e-17
      6083.00   2.0067005e-17
      6084.00   2.0069400e-17
      6085.00   2.0071796e-17
      6086.00   2.0074192e-17
      6087.00   2.0076588e-17
      6088.00   2.0078984e-17
      6089.00   2.0081381e-17
      6090.00   2.0083779e-17
      6091.00   2.0086176e-17
      6092.00   2.0088574e-17
      6093.00   2.0090973e-17
      6094.00   2.0093372e-17
      6095.00   2.0095771e-17
      6096.00   2.0098170e-17
      6097.00   2.0100570e-17
      6098.00   2.0102970e-17
      6099.00   2.0105371e-17
      6100.00   2.0107771e-17
      6101.00   2.0110173e-17
      6102.00   2.0112574e-17
      6103.00   2.0114976e-17
      6104.00   2.0117378e-17
      6105.00   2.0119781e-17
      6106.00   2.0122184e-17
      6107.00   2.0124587e-17
      6108.00   2.0126991e-17
      6109.00   2.0129395e-17
      6110.00   2.0131800e-17
      6111.00   2.0134204e-17
      6112.00   2.0136609e-17
      6113.00   2.0139015e-17
      6114.00   2.0141421e-17
      6115.00   2.0143827e-17
      6116.00   2.0146233e-17
      6117.00   2.0148640e-17
      6118.00   2.0151047e-17
      6119.00   2.0153455e-17
      6120.00   2.0155863e-17
      6121.00   2.0158271e-17
      6122.00   2.0160680e-17
      6123.00   2.0163089e-17
      6124.00   2.0165498e-17
      6125.00   2.0167908e-17
      6126.00   2.0170318e-17
      6127.00   2.0172728e-17
      6128.00   2.0175139e-17
      6129.00   2.0177550e-17
      6130.00   2.0179962e-17
      6131.00   2.0182374e-17
      6132.00   2.0184786e-17
      6133.00   2.0187198e-17
      6134.00   2.0189611e-17
      6135.00   2.0192024e-17
      6136.00   2.0194438e-17
      6137.00   2.0196852e-17
      6138.00   2.0199266e-17
      6139.00   2.0201681e-17
      6140.00   2.0204096e-17
      6141.00   2.0206511e-17
      6142.00   2.0208927e-17
      6143.00   2.0211343e-17
      6144.00   2.0213759e-17
      6145.00   2.0216176e-17
      6146.00   2.0218593e-17
      6147.00   2.0221011e-17
      6148.00   2.0223428e-17
      6149.00   2.0225847e-17
      6150.00   2.0228265e-17
      6151.00   2.0230684e-17
      6152.00   2.0233103e-17
      6153.00   2.0235523e-17
      6154.00   2.0237943e-17
      6155.00   2.0240363e-17
      6156.00   2.0242784e-17
      6157.00   2.0245205e-17
      6158.00   2.0247626e-17
      6159.00   2.0250048e-17
      6160.00   2.0252470e-17
      6161.00   2.0254892e-17
      6162.00   2.0257315e-17
      6163.00   2.0259738e-17
      6164.00   2.0262161e-17
      6165.00   2.0264585e-17
      6166.00   2.0267009e-17
      6167.00   2.0269434e-17
      6168.00   2.0271859e-17
      6169.00   2.0274284e-17
      6170.00   2.0276710e-17
      6171.00   2.0279135e-17
      6172.00   2.0281562e-17
      6173.00   2.0283988e-17
      6174.00   2.0286415e-17
      6175.00   2.0288843e-17
      6176.00   2.0291270e-17
      6177.00   2.0293698e-17
      6178.00   2.0296127e-17
      6179.00   2.0298555e-17
      6180.00   2.0300985e-17
      6181.00   2.0303414e-17
      6182.00   2.0305844e-17
      6183.00   2.0308274e-17
      6184.00   2.0310704e-17
      6185.00   2.0313135e-17
      6186.00   2.0315566e-17
      6187.00   2.0317998e-17
      6188.00   2.0320430e-17
      6189.00   2.0322862e-17
      6190.00   2.0325295e-17
      6191.00   2.0327728e-17
      6192.00   2.0330161e-17
      6193.00   2.0332595e-17
      6194.00   2.0335029e-17
      6195.00   2.0337463e-17
      6196.00   2.0339898e-17
      6197.00   2.0342333e-17
      6198.00   2.0344768e-17
      6199.00   2.0347204e-17
      6200.00   2.0349640e-17
      6201.00   2.0352077e-17
      6202.00   2.0354513e-17
      6203.00   2.0356951e-17
      6204.00   2.0359388e-17
      6205.00   2.0361826e-17
      6206.00   2.0364264e-17
      6207.00   2.0366703e-17
      6208.00   2.0369142e-17
      6209.00   2.0371581e-17
      6210.00   2.0374021e-17
      6211.00   2.0376461e-17
      6212.00   2.0378901e-17
      6213.00   2.0381342e-17
      6214.00   2.0383783e-17
      6215.00   2.0386224e-17
      6216.00   2.0388666e-17
      6217.00   2.0391108e-17
      6218.00   2.0393550e-17
      6219.00   2.0395993e-17
      6220.00   2.0398436e-17
      6221.00   2.0400880e-17
      6222.00   2.0403324e-17
      6223.00   2.0405768e-17
      6224.00   2.0408213e-17
      6225.00   2.0410657e-17
      6226.00   2.0413103e-17
      6227.00   2.0415548e-17
      6228.00   2.0417994e-17
      6229.00   2.0420441e-17
      6230.00   2.0422887e-17
      6231.00   2.0425334e-17
      6232.00   2.0427782e-17
      6233.00   2.0430229e-17
      6234.00   2.0432677e-17
      6235.00   2.0435126e-17
      6236.00   2.0437575e-17
      6237.00   2.0440024e-17
      6238.00   2.0442473e-17
      6239.00   2.0444923e-17
      6240.00   2.0447373e-17
      6241.00   2.0449824e-17
      6242.00   2.0452275e-17
      6243.00   2.0454726e-17
      6244.00   2.0457177e-17
      6245.00   2.0459629e-17
      6246.00   2.0462082e-17
      6247.00   2.0464534e-17
      6248.00   2.0466987e-17
      6249.00   2.0469440e-17
      6250.00   2.0471894e-17
      6251.00   2.0474348e-17
      6252.00   2.0476803e-17
      6253.00   2.0479257e-17
      6254.00   2.0481712e-17
      6255.00   2.0484168e-17
      6256.00   2.0486624e-17
      6257.00   2.0489080e-17
      6258.00   2.0491536e-17
      6259.00   2.0493993e-17
      6260.00   2.0496450e-17
      6261.00   2.0498908e-17
      6262.00   2.0501366e-17
      6263.00   2.0503824e-17
      6264.00   2.0506282e-17
      6265.00   2.0508741e-17
      6266.00   2.0511201e-17
      6267.00   2.0513660e-17
      6268.00   2.0516120e-17
      6269.00   2.0518581e-17
      6270.00   2.0521041e-17
      6271.00   2.0523502e-17
      6272.00   2.0525964e-17
      6273.00   2.0528425e-17
      6274.00   2.0530887e-17
      6275.00   2.0533350e-17
      6276.00   2.0535813e-17
      6277.00   2.0538276e-17
      6278.00   2.0540739e-17
      6279.00   2.0543203e-17
      6280.00   2.0545667e-17
      6281.00   2.0548132e-17
      6282.00   2.0550597e-17
      6283.00   2.0553062e-17
      6284.00   2.0555528e-17
      6285.00   2.0557994e-17
      6286.00   2.0560460e-17
      6287.00   2.0562926e-17
      6288.00   2.0565393e-17
      6289.00   2.0567861e-17
      6290.00   2.0570328e-17
      6291.00   2.0572796e-17
      6292.00   2.0575265e-17
      6293.00   2.0577734e-17
      6294.00   2.0580203e-17
      6295.00   2.0582672e-17
      6296.00   2.0585142e-17
      6297.00   2.0587612e-17
      6298.00   2.0590083e-17
      6299.00   2.0592553e-17
      6300.00   2.0595025e-17
      6301.00   2.0597496e-17
      6302.00   2.0599968e-17
      6303.00   2.0602440e-17
      6304.00   2.0604913e-17
      6305.00   2.0607386e-17
      6306.00   2.0609859e-17
      6307.00   2.0612333e-17
      6308.00   2.0614807e-17
      6309.00   2.0617281e-17
      6310.00   2.0619756e-17
      6311.00   2.0622231e-17
      6312.00   2.0624706e-17
      6313.00   2.0627182e-17
      6314.00   2.0629658e-17
      6315.00   2.0632134e-17
      6316.00   2.0634611e-17
      6317.00   2.0637088e-17
      6318.00   2.0639566e-17
      6319.00   2.0642043e-17
      6320.00   2.0644522e-17
      6321.00   2.0647000e-17
      6322.00   2.0649479e-17
      6323.00   2.0651958e-17
      6324.00   2.0654438e-17
      6325.00   2.0656918e-17
      6326.00   2.0659398e-17
      6327.00   2.0661879e-17
      6328.00   2.0664359e-17
      6329.00   2.0666841e-17
      6330.00   2.0669322e-17
      6331.00   2.0671804e-17
      6332.00   2.0674287e-17
      6333.00   2.0676770e-17
      6334.00   2.0679253e-17
      6335.00   2.0681736e-17
      6336.00   2.0684220e-17
      6337.00   2.0686704e-17
      6338.00   2.0689188e-17
      6339.00   2.0691673e-17
      6340.00   2.0694158e-17
      6341.00   2.0696644e-17
      6342.00   2.0699130e-17
      6343.00   2.0701616e-17
      6344.00   2.0704102e-17
      6345.00   2.0706589e-17
      6346.00   2.0709076e-17
      6347.00   2.0711564e-17
      6348.00   2.0714052e-17
      6349.00   2.0716540e-17
      6350.00   2.0719029e-17
      6351.00   2.0721518e-17
      6352.00   2.0724007e-17
      6353.00   2.0726497e-17
      6354.00   2.0728987e-17
      6355.00   2.0731477e-17
      6356.00   2.0733968e-17
      6357.00   2.0736459e-17
      6358.00   2.0738951e-17
      6359.00   2.0741442e-17
      6360.00   2.0743934e-17
      6361.00   2.0746427e-17
      6362.00   2.0748920e-17
      6363.00   2.0751413e-17
      6364.00   2.0753906e-17
      6365.00   2.0756400e-17
      6366.00   2.0758894e-17
      6367.00   2.0761389e-17
      6368.00   2.0763884e-17
      6369.00   2.0766379e-17
      6370.00   2.0768875e-17
      6371.00   2.0771371e-17
      6372.00   2.0773867e-17
      6373.00   2.0776364e-17
      6374.00   2.0778861e-17
      6375.00   2.0781358e-17
      6376.00   2.0783856e-17
      6377.00   2.0786354e-17
      6378.00   2.0788852e-17
      6379.00   2.0791351e-17
      6380.00   2.0793850e-17
      6381.00   2.0796349e-17
      6382.00   2.0798849e-17
      6383.00   2.0801349e-17
      6384.00   2.0803850e-17
      6385.00   2.0806351e-17
      6386.00   2.0808852e-17
      6387.00   2.0811353e-17
      6388.00   2.0813855e-17
      6389.00   2.0816357e-17
      6390.00   2.0818860e-17
      6391.00   2.0821363e-17
      6392.00   2.0823866e-17
      6393.00   2.0826370e-17
      6394.00   2.0828874e-17
      6395.00   2.0831378e-17
      6396.00   2.0833883e-17
      6397.00   2.0836388e-17
      6398.00   2.0838893e-17
      6399.00   2.0841399e-17
      6400.00   2.0843905e-17
      6401.00   2.0846411e-17
      6402.00   2.0848918e-17
      6403.00   2.0851425e-17
      6404.00   2.0853932e-17
      6405.00   2.0856440e-17
      6406.00   2.0858948e-17
      6407.00   2.0861457e-17
      6408.00   2.0863966e-17
      6409.00   2.0866475e-17
      6410.00   2.0868984e-17
      6411.00   2.0871494e-17
      6412.00   2.0874004e-17
      6413.00   2.0876515e-17
      6414.00   2.0879026e-17
      6415.00   2.0881537e-17
      6416.00   2.0884049e-17
      6417.00   2.0886561e-17
      6418.00   2.0889073e-17
      6419.00   2.0891586e-17
      6420.00   2.0894098e-17
      6421.00   2.0896612e-17
      6422.00   2.0899126e-17
      6423.00   2.0901640e-17
      6424.00   2.0904154e-17
      6425.00   2.0906669e-17
      6426.00   2.0909184e-17
      6427.00   2.0911699e-17
      6428.00   2.0914215e-17
      6429.00   2.0916731e-17
      6430.00   2.0919247e-17
      6431.00   2.0921764e-17
      6432.00   2.0924281e-17
      6433.00   2.0926799e-17
      6434.00   2.0929317e-17
      6435.00   2.0931835e-17
      6436.00   2.0934353e-17
      6437.00   2.0936872e-17
      6438.00   2.0939392e-17
      6439.00   2.0941911e-17
      6440.00   2.0944431e-17
      6441.00   2.0946951e-17
      6442.00   2.0949472e-17
      6443.00   2.0951993e-17
      6444.00   2.0954514e-17
      6445.00   2.0957036e-17
      6446.00   2.0959558e-17
      6447.00   2.0962080e-17
      6448.00   2.0964603e-17
      6449.00   2.0967126e-17
      6450.00   2.0969649e-17
      6451.00   2.0972173e-17
      6452.00   2.0974697e-17
      6453.00   2.0977222e-17
      6454.00   2.0979746e-17
      6455.00   2.0982272e-17
      6456.00   2.0984797e-17
      6457.00   2.0987323e-17
      6458.00   2.0989849e-17
      6459.00   2.0992376e-17
      6460.00   2.0994902e-17
      6461.00   2.0997430e-17
      6462.00   2.0999957e-17
      6463.00   2.1002485e-17
      6464.00   2.1005013e-17
      6465.00   2.1007542e-17
      6466.00   2.1010071e-17
      6467.00   2.1012600e-17
      6468.00   2.1015130e-17
      6469.00   2.1017660e-17
      6470.00   2.1020190e-17
      6471.00   2.1022721e-17
      6472.00   2.1025252e-17
      6473.00   2.1027783e-17
      6474.00   2.1030315e-17
      6475.00   2.1032847e-17
      6476.00   2.1035379e-17
      6477.00   2.1037912e-17
      6478.00   2.1040445e-17
      6479.00   2.1042978e-17
      6480.00   2.1045512e-17
      6481.00   2.1048046e-17
      6482.00   2.1050581e-17
      6483.00   2.1053116e-17
      6484.00   2.1055651e-17
      6485.00   2.1058186e-17
      6486.00   2.1060722e-17
      6487.00   2.1063258e-17
      6488.00   2.1065795e-17
      6489.00   2.1068332e-17
      6490.00   2.1070869e-17
      6491.00   2.1073407e-17
      6492.00   2.1075945e-17
      6493.00   2.1078483e-17
      6494.00   2.1081021e-17
      6495.00   2.1083560e-17
      6496.00   2.1086100e-17
      6497.00   2.1088639e-17
      6498.00   2.1091179e-17
      6499.00   2.1093720e-17
      6500.00   2.1096260e-17
      6501.00   2.1098802e-17
      6502.00   2.1101343e-17
      6503.00   2.1103885e-17
      6504.00   2.1106427e-17
      6505.00   2.1108969e-17
      6506.00   2.1111512e-17
      6507.00   2.1114055e-17
      6508.00   2.1116598e-17
      6509.00   2.1119142e-17
      6510.00   2.1121686e-17
      6511.00   2.1124231e-17
      6512.00   2.1126776e-17
      6513.00   2.1129321e-17
      6514.00   2.1131866e-17
      6515.00   2.1134412e-17
      6516.00   2.1136959e-17
      6517.00   2.1139505e-17
      6518.00   2.1142052e-17
      6519.00   2.1144599e-17
      6520.00   2.1147147e-17
      6521.00   2.1149695e-17
      6522.00   2.1152243e-17
      6523.00   2.1154792e-17
      6524.00   2.1157341e-17
      6525.00   2.1159890e-17
      6526.00   2.1162440e-17
      6527.00   2.1164990e-17
      6528.00   2.1167540e-17
      6529.00   2.1170091e-17
      6530.00   2.1172642e-17
      6531.00   2.1175193e-17
      6532.00   2.1177745e-17
      6533.00   2.1180297e-17
      6534.00   2.1182850e-17
      6535.00   2.1185402e-17
      6536.00   2.1187955e-17
      6537.00   2.1190509e-17
      6538.00   2.1193063e-17
      6539.00   2.1195617e-17
      6540.00   2.1198171e-17
      6541.00   2.1200726e-17
      6542.00   2.1203281e-17
      6543.00   2.1205837e-17
      6544.00   2.1208393e-17
      6545.00   2.1210949e-17
      6546.00   2.1213506e-17
      6547.00   2.1216062e-17
      6548.00   2.1218620e-17
      6549.00   2.1221177e-17
      6550.00   2.1223735e-17
      6551.00   2.1226294e-17
      6552.00   2.1228852e-17
      6553.00   2.1231411e-17
      6554.00   2.1233970e-17
      6555.00   2.1236530e-17
      6556.00   2.1239090e-17
      6557.00   2.1241651e-17
      6558.00   2.1244211e-17
      6559.00   2.1246772e-17
      6560.00   2.1249334e-17
      6561.00   2.1251895e-17
      6562.00   2.1254457e-17
      6563.00   2.1257020e-17
      6564.00   2.1259583e-17
      6565.00   2.1262146e-17
      6566.00   2.1264709e-17
      6567.00   2.1267273e-17
      6568.00   2.1269837e-17
      6569.00   2.1272402e-17
      6570.00   2.1274966e-17
      6571.00   2.1277532e-17
      6572.00   2.1280097e-17
      6573.00   2.1282663e-17
      6574.00   2.1285229e-17
      6575.00   2.1287796e-17
      6576.00   2.1290363e-17
      6577.00   2.1292930e-17
      6578.00   2.1295497e-17
      6579.00   2.1298065e-17
      6580.00   2.1300634e-17
      6581.00   2.1303202e-17
      6582.00   2.1305771e-17
      6583.00   2.1308341e-17
      6584.00   2.1310910e-17
      6585.00   2.1313480e-17
      6586.00   2.1316050e-17
      6587.00   2.1318621e-17
      6588.00   2.1321192e-17
      6589.00   2.1323764e-17
      6590.00   2.1326335e-17
      6591.00   2.1328907e-17
      6592.00   2.1331480e-17
      6593.00   2.1334052e-17
      6594.00   2.1336625e-17
      6595.00   2.1339199e-17
      6596.00   2.1341773e-17
      6597.00   2.1344347e-17
      6598.00   2.1346921e-17
      6599.00   2.1349496e-17
      6600.00   2.1352071e-17
      6601.00   2.1354647e-17
      6602.00   2.1357223e-17
      6603.00   2.1359799e-17
      6604.00   2.1362375e-17
      6605.00   2.1364952e-17
      6606.00   2.1367529e-17
      6607.00   2.1370107e-17
      6608.00   2.1372685e-17
      6609.00   2.1375263e-17
      6610.00   2.1377841e-17
      6611.00   2.1380420e-17
      6612.00   2.1383000e-17
      6613.00   2.1385579e-17
      6614.00   2.1388159e-17
      6615.00   2.1390740e-17
      6616.00   2.1393320e-17
      6617.00   2.1395901e-17
      6618.00   2.1398482e-17
      6619.00   2.1401064e-17
      6620.00   2.1403646e-17
      6621.00   2.1406228e-17
      6622.00   2.1408811e-17
      6623.00   2.1411394e-17
      6624.00   2.1413978e-17
      6625.00   2.1416561e-17
      6626.00   2.1419145e-17
      6627.00   2.1421730e-17
      6628.00   2.1424314e-17
      6629.00   2.1426900e-17
      6630.00   2.1429485e-17
      6631.00   2.1432071e-17
      6632.00   2.1434657e-17
      6633.00   2.1437243e-17
      6634.00   2.1439830e-17
      6635.00   2.1442417e-17
      6636.00   2.1445005e-17
      6637.00   2.1447593e-17
      6638.00   2.1450181e-17
      6639.00   2.1452769e-17
      6640.00   2.1455358e-17
      6641.00   2.1457947e-17
      6642.00   2.1460537e-17
      6643.00   2.1463127e-17
      6644.00   2.1465717e-17
      6645.00   2.1468308e-17
      6646.00   2.1470899e-17
      6647.00   2.1473490e-17
      6648.00   2.1476081e-17
      6649.00   2.1478673e-17
      6650.00   2.1481266e-17
      6651.00   2.1483858e-17
      6652.00   2.1486451e-17
      6653.00   2.1489045e-17
      6654.00   2.1491638e-17
      6655.00   2.1494232e-17
      6656.00   2.1496827e-17
      6657.00   2.1499421e-17
      6658.00   2.1502016e-17
      6659.00   2.1504612e-17
      6660.00   2.1507207e-17
      6661.00   2.1509803e-17
      6662.00   2.1512400e-17
      6663.00   2.1514997e-17
      6664.00   2.1517594e-17
      6665.00   2.1520191e-17
      6666.00   2.1522789e-17
      6667.00   2.1525387e-17
      6668.00   2.1527985e-17
      6669.00   2.1530584e-17
      6670.00   2.1533183e-17
      6671.00   2.1535783e-17
      6672.00   2.1538383e-17
      6673.00   2.1540983e-17
      6674.00   2.1543583e-17
      6675.00   2.1546184e-17
      6676.00   2.1548785e-17
      6677.00   2.1551387e-17
      6678.00   2.1553989e-17
      6679.00   2.1556591e-17
      6680.00   2.1559193e-17
      6681.00   2.1561796e-17
      6682.00   2.1564400e-17
      6683.00   2.1567003e-17
      6684.00   2.1569607e-17
      6685.00   2.1572211e-17
      6686.00   2.1574816e-17
      6687.00   2.1577421e-17
      6688.00   2.1580026e-17
      6689.00   2.1582632e-17
      6690.00   2.1585238e-17
      6691.00   2.1587844e-17
      6692.00   2.1590451e-17
      6693.00   2.1593058e-17
      6694.00   2.1595665e-17
      6695.00   2.1598273e-17
      6696.00   2.1600881e-17
      6697.00   2.1603489e-17
      6698.00   2.1606098e-17
      6699.00   2.1608707e-17
      6700.00   2.1611316e-17
      6701.00   2.1613926e-17
      6702.00   2.1616536e-17
      6703.00   2.1619146e-17
      6704.00   2.1621757e-17
      6705.00   2.1624368e-17
      6706.00   2.1626980e-17
      6707.00   2.1629591e-17
      6708.00   2.1632203e-17
      6709.00   2.1634816e-17
      6710.00   2.1637429e-17
      6711.00   2.1640042e-17
      6712.00   2.1642655e-17
      6713.00   2.1645269e-17
      6714.00   2.1647883e-17
      6715.00   2.1650498e-17
      6716.00   2.1653113e-17
      6717.00   2.1655728e-17
      6718.00   2.1658343e-17
      6719.00   2.1660959e-17
      6720.00   2.1663575e-17
      6721.00   2.1666192e-17
      6722.00   2.1668809e-17
      6723.00   2.1671426e-17
      6724.00   2.1674044e-17
      6725.00   2.1676661e-17
      6726.00   2.1679280e-17
      6727.00   2.1681898e-17
      6728.00   2.1684517e-17
      6729.00   2.1687136e-17
      6730.00   2.1689756e-17
      6731.00   2.1692376e-17
      6732.00   2.1694996e-17
      6733.00   2.1697617e-17
      6734.00   2.1700238e-17
      6735.00   2.1702859e-17
      6736.00   2.1705481e-17
      6737.00   2.1708103e-17
      6738.00   2.1710725e-17
      6739.00   2.1713348e-17
      6740.00   2.1715971e-17
      6741.00   2.1718594e-17
      6742.00   2.1721218e-17
      6743.00   2.1723842e-17
      6744.00   2.1726466e-17
      6745.00   2.1729091e-17
      6746.00   2.1731716e-17
      6747.00   2.1734342e-17
      6748.00   2.1736967e-17
      6749.00   2.1739593e-17
      6750.00   2.1742220e-17
      6751.00   2.1744847e-17
      6752.00   2.1747474e-17
      6753.00   2.1750101e-17
      6754.00   2.1752729e-17
      6755.00   2.1755357e-17
      6756.00   2.1757985e-17
      6757.00   2.1760614e-17
      6758.00   2.1763243e-17
      6759.00   2.1765873e-17
      6760.00   2.1768503e-17
      6761.00   2.1771133e-17
      6762.00   2.1773763e-17
      6763.00   2.1776394e-17
      6764.00   2.1779025e-17
      6765.00   2.1781657e-17
      6766.00   2.1784289e-17
      6767.00   2.1786921e-17
      6768.00   2.1789554e-17
      6769.00   2.1792186e-17
      6770.00   2.1794820e-17
      6771.00   2.1797453e-17
      6772.00   2.1800087e-17
      6773.00   2.1802721e-17
      6774.00   2.1805356e-17
      6775.00   2.1807991e-17
      6776.00   2.1810626e-17
      6777.00   2.1813262e-17
      6778.00   2.1815898e-17
      6779.00   2.1818534e-17
      6780.00   2.1821171e-17
      6781.00   2.1823808e-17
      6782.00   2.1826445e-17
      6783.00   2.1829082e-17
      6784.00   2.1831720e-17
      6785.00   2.1834359e-17
      6786.00   2.1836997e-17
      6787.00   2.1839636e-17
      6788.00   2.1842276e-17
      6789.00   2.1844915e-17
      6790.00   2.1847555e-17
      6791.00   2.1850196e-17
      6792.00   2.1852836e-17
      6793.00   2.1855478e-17
      6794.00   2.1858119e-17
      6795.00   2.1860761e-17
      6796.00   2.1863403e-17
      6797.00   2.1866045e-17
      6798.00   2.1868688e-17
      6799.00   2.1871331e-17
      6800.00   2.1873974e-17
      6801.00   2.1876618e-17
      6802.00   2.1879262e-17
      6803.00   2.1881907e-17
      6804.00   2.1884551e-17
      6805.00   2.1887196e-17
      6806.00   2.1889842e-17
      6807.00   2.1892488e-17
      6808.00   2.1895134e-17
      6809.00   2.1897780e-17
      6810.00   2.1900427e-17
      6811.00   2.1903074e-17
      6812.00   2.1905722e-17
      6813.00   2.1908369e-17
      6814.00   2.1911018e-17
      6815.00   2.1913666e-17
      6816.00   2.1916315e-17
      6817.00   2.1918964e-17
      6818.00   2.1921614e-17
      6819.00   2.1924263e-17
      6820.00   2.1926914e-17
      6821.00   2.1929564e-17
      6822.00   2.1932215e-17
      6823.00   2.1934866e-17
      6824.00   2.1937518e-17
      6825.00   2.1940170e-17
      6826.00   2.1942822e-17
      6827.00   2.1945474e-17
      6828.00   2.1948127e-17
      6829.00   2.1950781e-17
      6830.00   2.1953434e-17
      6831.00   2.1956088e-17
      6832.00   2.1958742e-17
      6833.00   2.1961397e-17
      6834.00   2.1964052e-17
      6835.00   2.1966707e-17
      6836.00   2.1969363e-17
      6837.00   2.1972019e-17
      6838.00   2.1974675e-17
      6839.00   2.1977332e-17
      6840.00   2.1979989e-17
      6841.00   2.1982646e-17
      6842.00   2.1985303e-17
      6843.00   2.1987961e-17
      6844.00   2.1990620e-17
      6845.00   2.1993278e-17
      6846.00   2.1995937e-17
      6847.00   2.1998597e-17
      6848.00   2.2001256e-17
      6849.00   2.2003916e-17
      6850.00   2.2006577e-17
      6851.00   2.2009237e-17
      6852.00   2.2011898e-17
      6853.00   2.2014560e-17
      6854.00   2.2017222e-17
      6855.00   2.2019884e-17
      6856.00   2.2022546e-17
      6857.00   2.2025209e-17
      6858.00   2.2027872e-17
      6859.00   2.2030535e-17
      6860.00   2.2033199e-17
      6861.00   2.2035863e-17
      6862.00   2.2038527e-17
      6863.00   2.2041192e-17
      6864.00   2.2043857e-17
      6865.00   2.2046523e-17
      6866.00   2.2049188e-17
      6867.00   2.2051854e-17
      6868.00   2.2054521e-17
      6869.00   2.2057188e-17
      6870.00   2.2059855e-17
      6871.00   2.2062522e-17
      6872.00   2.2065190e-17
      6873.00   2.2067858e-17
      6874.00   2.2070526e-17
      6875.00   2.2073195e-17
      6876.00   2.2075864e-17
      6877.00   2.2078534e-17
      6878.00   2.2081204e-17
      6879.00   2.2083874e-17
      6880.00   2.2086544e-17
      6881.00   2.2089215e-17
      6882.00   2.2091886e-17
      6883.00   2.2094558e-17
      6884.00   2.2097230e-17
      6885.00   2.2099902e-17
      6886.00   2.2102574e-17
      6887.00   2.2105247e-17
      6888.00   2.2107920e-17
      6889.00   2.2110594e-17
      6890.00   2.2113268e-17
      6891.00   2.2115942e-17
      6892.00   2.2118616e-17
      6893.00   2.2121291e-17
      6894.00   2.2123966e-17
      6895.00   2.2126642e-17
      6896.00   2.2129318e-17
      6897.00   2.2131994e-17
      6898.00   2.2134671e-17
      6899.00   2.2137347e-17
      6900.00   2.2140025e-17
      6901.00   2.2142702e-17
      6902.00   2.2145380e-17
      6903.00   2.2148058e-17
      6904.00   2.2150737e-17
      6905.00   2.2153416e-17
      6906.00   2.2156095e-17
      6907.00   2.2158775e-17
      6908.00   2.2161455e-17
      6909.00   2.2164135e-17
      6910.00   2.2166816e-17
      6911.00   2.2169496e-17
      6912.00   2.2172178e-17
      6913.00   2.2174859e-17
      6914.00   2.2177541e-17
      6915.00   2.2180224e-17
      6916.00   2.2182906e-17
      6917.00   2.2185589e-17
      6918.00   2.2188272e-17
      6919.00   2.2190956e-17
      6920.00   2.2193640e-17
      6921.00   2.2196324e-17
      6922.00   2.2199009e-17
      6923.00   2.2201694e-17
      6924.00   2.2204379e-17
      6925.00   2.2207065e-17
      6926.00   2.2209751e-17
      6927.00   2.2212437e-17
      6928.00   2.2215124e-17
      6929.00   2.2217811e-17
      6930.00   2.2220498e-17
      6931.00   2.2223186e-17
      6932.00   2.2225874e-17
      6933.00   2.2228562e-17
      6934.00   2.2231251e-17
      6935.00   2.2233940e-17
      6936.00   2.2236629e-17
      6937.00   2.2239319e-17
      6938.00   2.2242009e-17
      6939.00   2.2244699e-17
      6940.00   2.2247390e-17
      6941.00   2.2250081e-17
      6942.00   2.2252772e-17
      6943.00   2.2255464e-17
      6944.00   2.2258156e-17
      6945.00   2.2260849e-17
      6946.00   2.2263541e-17
      6947.00   2.2266234e-17
      6948.00   2.2268928e-17
      6949.00   2.2271621e-17
      6950.00   2.2274315e-17
      6951.00   2.2277010e-17
      6952.00   2.2279705e-17
      6953.00   2.2282400e-17
      6954.00   2.2285095e-17
      6955.00   2.2287791e-17
      6956.00   2.2290487e-17
      6957.00   2.2293183e-17
      6958.00   2.2295880e-17
      6959.00   2.2298577e-17
      6960.00   2.2301275e-17
      6961.00   2.2303972e-17
      6962.00   2.2306670e-17
      6963.00   2.2309369e-17
      6964.00   2.2312068e-17
      6965.00   2.2314767e-17
      6966.00   2.2317466e-17
      6967.00   2.2320166e-17
      6968.00   2.2322866e-17
      6969.00   2.2325566e-17
      6970.00   2.2328267e-17
      6971.00   2.2330968e-17
      6972.00   2.2333670e-17
      6973.00   2.2336372e-17
      6974.00   2.2339074e-17
      6975.00   2.2341776e-17
      6976.00   2.2344479e-17
      6977.00   2.2347182e-17
      6978.00   2.2349885e-17
      6979.00   2.2352589e-17
      6980.00   2.2355293e-17
      6981.00   2.2357998e-17
      6982.00   2.2360703e-17
      6983.00   2.2363408e-17
      6984.00   2.2366113e-17
      6985.00   2.2368819e-17
      6986.00   2.2371525e-17
      6987.00   2.2374232e-17
      6988.00   2.2376939e-17
      6989.00   2.2379646e-17
      6990.00   2.2382353e-17
      6991.00   2.2385061e-17
      6992.00   2.2387769e-17
      6993.00   2.2390478e-17
      6994.00   2.2393186e-17
      6995.00   2.2395896e-17
      6996.00   2.2398605e-17
      6997.00   2.2401315e-17
      6998.00   2.2404025e-17
      6999.00   2.2406736e-17
      7000.00   2.2409446e-17
      7001.00   2.2412158e-17
      7002.00   2.2414869e-17
      7003.00   2.2417581e-17
      7004.00   2.2420293e-17
      7005.00   2.2423006e-17
      7006.00   2.2425719e-17
      7007.00   2.2428432e-17
      7008.00   2.2431145e-17
      7009.00   2.2433859e-17
      7010.00   2.2436573e-17
      7011.00   2.2439288e-17
      7012.00   2.2442003e-17
      7013.00   2.2444718e-17
      7014.00   2.2447433e-17
      7015.00   2.2450149e-17
      7016.00   2.2452865e-17
      7017.00   2.2455582e-17
      7018.00   2.2458299e-17
      7019.00   2.2461016e-17
      7020.00   2.2463734e-17
      7021.00   2.2466451e-17
      7022.00   2.2469170e-17
      7023.00   2.2471888e-17
      7024.00   2.2474607e-17
      7025.00   2.2477326e-17
      7026.00   2.2480046e-17
      7027.00   2.2482766e-17
      7028.00   2.2485486e-17
      7029.00   2.2488206e-17
      7030.00   2.2490927e-17
      7031.00   2.2493648e-17
      7032.00   2.2496370e-17
      7033.00   2.2499092e-17
      7034.00   2.2501814e-17
      7035.00   2.2504537e-17
      7036.00   2.2507260e-17
      7037.00   2.2509983e-17
      7038.00   2.2512706e-17
      7039.00   2.2515430e-17
      7040.00   2.2518154e-17
      7041.00   2.2520879e-17
      7042.00   2.2523604e-17
      7043.00   2.2526329e-17
      7044.00   2.2529055e-17
      7045.00   2.2531781e-17
      7046.00   2.2534507e-17
      7047.00   2.2537233e-17
      7048.00   2.2539960e-17
      7049.00   2.2542687e-17
      7050.00   2.2545415e-17
      7051.00   2.2548143e-17
      7052.00   2.2550871e-17
      7053.00   2.2553600e-17
      7054.00   2.2556329e-17
      7055.00   2.2559058e-17
      7056.00   2.2561787e-17
      7057.00   2.2564517e-17
      7058.00   2.2567247e-17
      7059.00   2.2569978e-17
      7060.00   2.2572709e-17
      7061.00   2.2575440e-17
      7062.00   2.2578172e-17
      7063.00   2.2580904e-17
      7064.00   2.2583636e-17
      7065.00   2.2586368e-17
      7066.00   2.2589101e-17
      7067.00   2.2591835e-17
      7068.00   2.2594568e-17
      7069.00   2.2597302e-17
      7070.00   2.2600036e-17
      7071.00   2.2602771e-17
      7072.00   2.2605506e-17
      7073.00   2.2608241e-17
      7074.00   2.2610977e-17
      7075.00   2.2613713e-17
      7076.00   2.2616449e-17
      7077.00   2.2619185e-17
      7078.00   2.2621922e-17
      7079.00   2.2624659e-17
      7080.00   2.2627397e-17
      7081.00   2.2630135e-17
      7082.00   2.2632873e-17
      7083.00   2.2635612e-17
      7084.00   2.2638351e-17
      7085.00   2.2641090e-17
      7086.00   2.2643829e-17
      7087.00   2.2646569e-17
      7088.00   2.2649310e-17
      7089.00   2.2652050e-17
      7090.00   2.2654791e-17
      7091.00   2.2657532e-17
      7092.00   2.2660274e-17
      7093.00   2.2663016e-17
      7094.00   2.2665758e-17
      7095.00   2.2668501e-17
      7096.00   2.2671244e-17
      7097.00   2.2673987e-17
      7098.00   2.2676730e-17
      7099.00   2.2679474e-17
      7100.00   2.2682218e-17
      7101.00   2.2684963e-17
      7102.00   2.2687708e-17
      7103.00   2.2690453e-17
      7104.00   2.2693199e-17
      7105.00   2.2695945e-17
      7106.00   2.2698691e-17
      7107.00   2.2701437e-17
      7108.00   2.2704184e-17
      7109.00   2.2706932e-17
      7110.00   2.2709679e-17
      7111.00   2.2712427e-17
      7112.00   2.2715175e-17
      7113.00   2.2717924e-17
      7114.00   2.2720673e-17
      7115.00   2.2723422e-17
      7116.00   2.2726171e-17
      7117.00   2.2728921e-17
      7118.00   2.2731672e-17
      7119.00   2.2734422e-17
      7120.00   2.2737173e-17
      7121.00   2.2739924e-17
      7122.00   2.2742676e-17
      7123.00   2.2745428e-17
      7124.00   2.2748180e-17
      7125.00   2.2750932e-17
      7126.00   2.2753685e-17
      7127.00   2.2756439e-17
      7128.00   2.2759192e-17
      7129.00   2.2761946e-17
      7130.00   2.2764700e-17
      7131.00   2.2767455e-17
      7132.00   2.2770210e-17
      7133.00   2.2772965e-17
      7134.00   2.2775720e-17
      7135.00   2.2778476e-17
      7136.00   2.2781232e-17
      7137.00   2.2783989e-17
      7138.00   2.2786746e-17
      7139.00   2.2789503e-17
      7140.00   2.2792261e-17
      7141.00   2.2795018e-17
      7142.00   2.2797777e-17
      7143.00   2.2800535e-17
      7144.00   2.2803294e-17
      7145.00   2.2806053e-17
      7146.00   2.2808813e-17
      7147.00   2.2811573e-17
      7148.00   2.2814333e-17
      7149.00   2.2817093e-17
      7150.00   2.2819854e-17
      7151.00   2.2822615e-17
      7152.00   2.2825377e-17
      7153.00   2.2828139e-17
      7154.00   2.2830901e-17
      7155.00   2.2833663e-17
      7156.00   2.2836426e-17
      7157.00   2.2839190e-17
      7158.00   2.2841953e-17
      7159.00   2.2844717e-17
      7160.00   2.2847481e-17
      7161.00   2.2850246e-17
      7162.00   2.2853010e-17
      7163.00   2.2855776e-17
      7164.00   2.2858541e-17
      7165.00   2.2861307e-17
      7166.00   2.2864073e-17
      7167.00   2.2866840e-17
      7168.00   2.2869606e-17
      7169.00   2.2872374e-17
      7170.00   2.2875141e-17
      7171.00   2.2877909e-17
      7172.00   2.2880677e-17
      7173.00   2.2883445e-17
      7174.00   2.2886214e-17
      7175.00   2.2888983e-17
      7176.00   2.2891753e-17
      7177.00   2.2894523e-17
      7178.00   2.2897293e-17
      7179.00   2.2900063e-17
      7180.00   2.2902834e-17
      7181.00   2.2905605e-17
      7182.00   2.2908377e-17
      7183.00   2.2911149e-17
      7184.00   2.2913921e-17
      7185.00   2.2916693e-17
      7186.00   2.2919466e-17
      7187.00   2.2922239e-17
      7188.00   2.2925012e-17
      7189.00   2.2927786e-17
      7190.00   2.2930560e-17
      7191.00   2.2933335e-17
      7192.00   2.2936110e-17
      7193.00   2.2938885e-17
      7194.00   2.2941660e-17
      7195.00   2.2944436e-17
      7196.00   2.2947212e-17
      7197.00   2.2949988e-17
      7198.00   2.2952765e-17
      7199.00   2.2955542e-17
      7200.00   2.2958320e-17
      7201.00   2.2961097e-17
      7202.00   2.2963876e-17
      7203.00   2.2966654e-17
      7204.00   2.2969433e-17
      7205.00   2.2972212e-17
      7206.00   2.2974991e-17
      7207.00   2.2977771e-17
      7208.00   2.2980551e-17
      7209.00   2.2983331e-17
      7210.00   2.2986112e-17
      7211.00   2.2988893e-17
      7212.00   2.2991675e-17
      7213.00   2.2994456e-17
      7214.00   2.2997238e-17
      7215.00   2.3000021e-17
      7216.00   2.3002804e-17
      7217.00   2.3005587e-17
      7218.00   2.3008370e-17
      7219.00   2.3011154e-17
      7220.00   2.3013938e-17
      7221.00   2.3016722e-17
      7222.00   2.3019507e-17
      7223.00   2.3022292e-17
      7224.00   2.3025077e-17
      7225.00   2.3027863e-17
      7226.00   2.3030649e-17
      7227.00   2.3033435e-17
      7228.00   2.3036222e-17
      7229.00   2.3039009e-17
      7230.00   2.3041796e-17
      7231.00   2.3044584e-17
      7232.00   2.3047372e-17
      7233.00   2.3050160e-17
      7234.00   2.3052949e-17
      7235.00   2.3055738e-17
      7236.00   2.3058527e-17
      7237.00   2.3061317e-17
      7238.00   2.3064107e-17
      7239.00   2.3066897e-17
      7240.00   2.3069688e-17
      7241.00   2.3072479e-17
      7242.00   2.3075270e-17
      7243.00   2.3078062e-17
      7244.00   2.3080854e-17
      7245.00   2.3083646e-17
      7246.00   2.3086439e-17
      7247.00   2.3089232e-17
      7248.00   2.3092025e-17
      7249.00   2.3094818e-17
      7250.00   2.3097612e-17
      7251.00   2.3100407e-17
      7252.00   2.3103201e-17
      7253.00   2.3105996e-17
      7254.00   2.3108791e-17
      7255.00   2.3111587e-17
      7256.00   2.3114383e-17
      7257.00   2.3117179e-17
      7258.00   2.3119976e-17
      7259.00   2.3122773e-17
      7260.00   2.3125570e-17
      7261.00   2.3128367e-17
      7262.00   2.3131165e-17
      7263.00   2.3133964e-17
      7264.00   2.3136762e-17
      7265.00   2.3139561e-17
      7266.00   2.3142360e-17
      7267.00   2.3145160e-17
      7268.00   2.3147960e-17
      7269.00   2.3150760e-17
      7270.00   2.3153560e-17
      7271.00   2.3156361e-17
      7272.00   2.3159162e-17
      7273.00   2.3161964e-17
      7274.00   2.3164766e-17
      7275.00   2.3167568e-17
      7276.00   2.3170370e-17
      7277.00   2.3173173e-17
      7278.00   2.3175977e-17
      7279.00   2.3178780e-17
      7280.00   2.3181584e-17
      7281.00   2.3184388e-17
      7282.00   2.3187192e-17
      7283.00   2.3189997e-17
      7284.00   2.3192802e-17
      7285.00   2.3195608e-17
      7286.00   2.3198414e-17
      7287.00   2.3201220e-17
      7288.00   2.3204026e-17
      7289.00   2.3206833e-17
      7290.00   2.3209640e-17
      7291.00   2.3212448e-17
      7292.00   2.3215255e-17
      7293.00   2.3218064e-17
      7294.00   2.3220872e-17
      7295.00   2.3223681e-17
      7296.00   2.3226490e-17
      7297.00   2.3229299e-17
      7298.00   2.3232109e-17
      7299.00   2.3234919e-17
      7300.00   2.3237729e-17
      7301.00   2.3240540e-17
      7302.00   2.3243351e-17
      7303.00   2.3246163e-17
      7304.00   2.3248974e-17
      7305.00   2.3251786e-17
      7306.00   2.3254599e-17
      7307.00   2.3257411e-17
      7308.00   2.3260225e-17
      7309.00   2.3263038e-17
      7310.00   2.3265852e-17
      7311.00   2.3268666e-17
      7312.00   2.3271480e-17
      7313.00   2.3274295e-17
      7314.00   2.3277110e-17
      7315.00   2.3279925e-17
      7316.00   2.3282741e-17
      7317.00   2.3285557e-17
      7318.00   2.3288373e-17
      7319.00   2.3291190e-17
      7320.00   2.3294007e-17
      7321.00   2.3296824e-17
      7322.00   2.3299641e-17
      7323.00   2.3302459e-17
      7324.00   2.3305278e-17
      7325.00   2.3308096e-17
      7326.00   2.3310915e-17
      7327.00   2.3313735e-17
      7328.00   2.3316554e-17
      7329.00   2.3319374e-17
      7330.00   2.3322194e-17
      7331.00   2.3325015e-17
      7332.00   2.3327836e-17
      7333.00   2.3330657e-17
      7334.00   2.3333479e-17
      7335.00   2.3336301e-17
      7336.00   2.3339123e-17
      7337.00   2.3341945e-17
      7338.00   2.3344768e-17
      7339.00   2.3347591e-17
      7340.00   2.3350415e-17
      7341.00   2.3353239e-17
      7342.00   2.3356063e-17
      7343.00   2.3358888e-17
      7344.00   2.3361712e-17
      7345.00   2.3364538e-17
      7346.00   2.3367363e-17
      7347.00   2.3370189e-17
      7348.00   2.3373015e-17
      7349.00   2.3375842e-17
      7350.00   2.3378668e-17
      7351.00   2.3381496e-17
      7352.00   2.3384323e-17
      7353.00   2.3387151e-17
      7354.00   2.3389979e-17
      7355.00   2.3392807e-17
      7356.00   2.3395636e-17
      7357.00   2.3398465e-17
      7358.00   2.3401295e-17
      7359.00   2.3404125e-17
      7360.00   2.3406955e-17
      7361.00   2.3409785e-17
      7362.00   2.3412616e-17
      7363.00   2.3415447e-17
      7364.00   2.3418278e-17
      7365.00   2.3421110e-17
      7366.00   2.3423942e-17
      7367.00   2.3426774e-17
      7368.00   2.3429607e-17
      7369.00   2.3432440e-17
      7370.00   2.3435274e-17
      7371.00   2.3438107e-17
      7372.00   2.3440941e-17
      7373.00   2.3443776e-17
      7374.00   2.3446610e-17
      7375.00   2.3449445e-17
      7376.00   2.3452281e-17
      7377.00   2.3455116e-17
      7378.00   2.3457952e-17
      7379.00   2.3460789e-17
      7380.00   2.3463625e-17
      7381.00   2.3466462e-17
      7382.00   2.3469299e-17
      7383.00   2.3472137e-17
      7384.00   2.3474975e-17
      7385.00   2.3477813e-17
      7386.00   2.3480652e-17
      7387.00   2.3483491e-17
      7388.00   2.3486330e-17
      7389.00   2.3489170e-17
      7390.00   2.3492010e-17
      7391.00   2.3494850e-17
      7392.00   2.3497690e-17
      7393.00   2.3500531e-17
      7394.00   2.3503373e-17
      7395.00   2.3506214e-17
      7396.00   2.3509056e-17
      7397.00   2.3511898e-17
      7398.00   2.3514741e-17
      7399.00   2.3517584e-17
      7400.00   2.3520427e-17
      7401.00   2.3523270e-17
      7402.00   2.3526114e-17
      7403.00   2.3528958e-17
      7404.00   2.3531803e-17
      7405.00   2.3534647e-17
      7406.00   2.3537493e-17
      7407.00   2.3540338e-17
      7408.00   2.3543184e-17
      7409.00   2.3546030e-17
      7410.00   2.3548876e-17
      7411.00   2.3551723e-17
      7412.00   2.3554570e-17
      7413.00   2.3557418e-17
      7414.00   2.3560265e-17
      7415.00   2.3563114e-17
      7416.00   2.3565962e-17
      7417.00   2.3568811e-17
      7418.00   2.3571660e-17
      7419.00   2.3574509e-17
      7420.00   2.3577359e-17
      7421.00   2.3580209e-17
      7422.00   2.3583059e-17
      7423.00   2.3585910e-17
      7424.00   2.3588761e-17
      7425.00   2.3591612e-17
      7426.00   2.3594464e-17
      7427.00   2.3597316e-17
      7428.00   2.3600168e-17
      7429.00   2.3603021e-17
      7430.00   2.3605874e-17
      7431.00   2.3608727e-17
      7432.00   2.3611581e-17
      7433.00   2.3614435e-17
      7434.00   2.3617289e-17
      7435.00   2.3620144e-17
      7436.00   2.3622998e-17
      7437.00   2.3625854e-17
      7438.00   2.3628709e-17
      7439.00   2.3631565e-17
      7440.00   2.3634421e-17
      7441.00   2.3637278e-17
      7442.00   2.3640135e-17
      7443.00   2.3642992e-17
      7444.00   2.3645850e-17
      7445.00   2.3648707e-17
      7446.00   2.3651566e-17
      7447.00   2.3654424e-17
      7448.00   2.3657283e-17
      7449.00   2.3660142e-17
      7450.00   2.3663002e-17
      7451.00   2.3665861e-17
      7452.00   2.3668722e-17
      7453.00   2.3671582e-17
      7454.00   2.3674443e-17
      7455.00   2.3677304e-17
      7456.00   2.3680165e-17
      7457.00   2.3683027e-17
      7458.00   2.3685889e-17
      7459.00   2.3688752e-17
      7460.00   2.3691614e-17
      7461.00   2.3694477e-17
      7462.00   2.3697341e-17
      7463.00   2.3700205e-17
      7464.00   2.3703069e-17
      7465.00   2.3705933e-17
      7466.00   2.3708798e-17
      7467.00   2.3711663e-17
      7468.00   2.3714528e-17
      7469.00   2.3717394e-17
      7470.00   2.3720260e-17
      7471.00   2.3723126e-17
      7472.00   2.3725993e-17
      7473.00   2.3728860e-17
      7474.00   2.3731727e-17
      7475.00   2.3734595e-17
      7476.00   2.3737463e-17
      7477.00   2.3740331e-17
      7478.00   2.3743199e-17
      7479.00   2.3746068e-17
      7480.00   2.3748938e-17
      7481.00   2.3751807e-17
      7482.00   2.3754677e-17
      7483.00   2.3757547e-17
      7484.00   2.3760418e-17
      7485.00   2.3763289e-17
      7486.00   2.3766160e-17
      7487.00   2.3769031e-17
      7488.00   2.3771903e-17
      7489.00   2.3774775e-17
      7490.00   2.3777648e-17
      7491.00   2.3780521e-17
      7492.00   2.3783394e-17
      7493.00   2.3786267e-17
      7494.00   2.3789141e-17
      7495.00   2.3792015e-17
      7496.00   2.3794890e-17
      7497.00   2.3797764e-17
      7498.00   2.3800640e-17
      7499.00   2.3803515e-17
      7500.00   2.3806391e-17
      7501.00   2.3809267e-17
      7502.00   2.3812143e-17
      7503.00   2.3815020e-17
      7504.00   2.3817897e-17
      7505.00   2.3820774e-17
      7506.00   2.3823652e-17
      7507.00   2.3826530e-17
      7508.00   2.3829408e-17
      7509.00   2.3832287e-17
      7510.00   2.3835166e-17
      7511.00   2.3838045e-17
      7512.00   2.3840925e-17
      7513.00   2.3843805e-17
      7514.00   2.3846685e-17
      7515.00   2.3849566e-17
      7516.00   2.3852447e-17
      7517.00   2.3855328e-17
      7518.00   2.3858210e-17
      7519.00   2.3861092e-17
      7520.00   2.3863974e-17
      7521.00   2.3866856e-17
      7522.00   2.3869739e-17
      7523.00   2.3872622e-17
      7524.00   2.3875506e-17
      7525.00   2.3878390e-17
      7526.00   2.3881274e-17
      7527.00   2.3884158e-17
      7528.00   2.3887043e-17
      7529.00   2.3889928e-17
      7530.00   2.3892814e-17
      7531.00   2.3895700e-17
      7532.00   2.3898586e-17
      7533.00   2.3901472e-17
      7534.00   2.3904359e-17
      7535.00   2.3907246e-17
      7536.00   2.3910134e-17
      7537.00   2.3913021e-17
      7538.00   2.3915909e-17
      7539.00   2.3918798e-17
      7540.00   2.3921686e-17
      7541.00   2.3924575e-17
      7542.00   2.3927465e-17
      7543.00   2.3930354e-17
      7544.00   2.3933245e-17
      7545.00   2.3936135e-17
      7546.00   2.3939025e-17
      7547.00   2.3941916e-17
      7548.00   2.3944808e-17
      7549.00   2.3947699e-17
      7550.00   2.3950591e-17
      7551.00   2.3953484e-17
      7552.00   2.3956376e-17
      7553.00   2.3959269e-17
      7554.00   2.3962162e-17
      7555.00   2.3965056e-17
      7556.00   2.3967950e-17
      7557.00   2.3970844e-17
      7558.00   2.3973739e-17
      7559.00   2.3976633e-17
      7560.00   2.3979529e-17
      7561.00   2.3982424e-17
      7562.00   2.3985320e-17
      7563.00   2.3988216e-17
      7564.00   2.3991113e-17
      7565.00   2.3994009e-17
      7566.00   2.3996906e-17
      7567.00   2.3999804e-17
      7568.00   2.4002702e-17
      7569.00   2.4005600e-17
      7570.00   2.4008498e-17
      7571.00   2.4011397e-17
      7572.00   2.4014296e-17
      7573.00   2.4017195e-17
      7574.00   2.4020095e-17
      7575.00   2.4022995e-17
      7576.00   2.4025896e-17
      7577.00   2.4028796e-17
      7578.00   2.4031697e-17
      7579.00   2.4034599e-17
      7580.00   2.4037500e-17
      7581.00   2.4040402e-17
      7582.00   2.4043304e-17
      7583.00   2.4046207e-17
      7584.00   2.4049110e-17
      7585.00   2.4052013e-17
      7586.00   2.4054917e-17
      7587.00   2.4057821e-17
      7588.00   2.4060725e-17
      7589.00   2.4063629e-17
      7590.00   2.4066534e-17
      7591.00   2.4069440e-17
      7592.00   2.4072345e-17
      7593.00   2.4075251e-17
      7594.00   2.4078157e-17
      7595.00   2.4081064e-17
      7596.00   2.4083970e-17
      7597.00   2.4086878e-17
      7598.00   2.4089785e-17
      7599.00   2.4092693e-17
      7600.00   2.4095601e-17
      7601.00   2.4098509e-17
      7602.00   2.4101418e-17
      7603.00   2.4104327e-17
      7604.00   2.4107237e-17
      7605.00   2.4110146e-17
      7606.00   2.4113056e-17
      7607.00   2.4115967e-17
      7608.00   2.4118877e-17
      7609.00   2.4121788e-17
      7610.00   2.4124700e-17
      7611.00   2.4127611e-17
      7612.00   2.4130523e-17
      7613.00   2.4133436e-17
      7614.00   2.4136348e-17
      7615.00   2.4139261e-17
      7616.00   2.4142174e-17
      7617.00   2.4145088e-17
      7618.00   2.4148002e-17
      7619.00   2.4150916e-17
      7620.00   2.4153831e-17
      7621.00   2.4156745e-17
      7622.00   2.4159661e-17
      7623.00   2.4162576e-17
      7624.00   2.4165492e-17
      7625.00   2.4168408e-17
      7626.00   2.4171325e-17
      7627.00   2.4174241e-17
      7628.00   2.4177159e-17
      7629.00   2.4180076e-17
      7630.00   2.4182994e-17
      7631.00   2.4185912e-17
      7632.00   2.4188830e-17
      7633.00   2.4191749e-17
      7634.00   2.4194668e-17
      7635.00   2.4197587e-17
      7636.00   2.4200507e-17
      7637.00   2.4203427e-17
      7638.00   2.4206348e-17
      7639.00   2.4209268e-17
      7640.00   2.4212189e-17
      7641.00   2.4215111e-17
      7642.00   2.4218032e-17
      7643.00   2.4220954e-17
      7644.00   2.4223876e-17
      7645.00   2.4226799e-17
      7646.00   2.4229722e-17
      7647.00   2.4232645e-17
      7648.00   2.4235569e-17
      7649.00   2.4238493e-17
      7650.00   2.4241417e-17
      7651.00   2.4244341e-17
      7652.00   2.4247266e-17
      7653.00   2.4250191e-17
      7654.00   2.4253117e-17
      7655.00   2.4256043e-17
      7656.00   2.4258969e-17
      7657.00   2.4261895e-17
      7658.00   2.4264822e-17
      7659.00   2.4267749e-17
      7660.00   2.4270676e-17
      7661.00   2.4273604e-17
      7662.00   2.4276532e-17
      7663.00   2.4279461e-17
      7664.00   2.4282389e-17
      7665.00   2.4285318e-17
      7666.00   2.4288248e-17
      7667.00   2.4291177e-17
      7668.00   2.4294107e-17
      7669.00   2.4297038e-17
      7670.00   2.4299968e-17
      7671.00   2.4302899e-17
      7672.00   2.4305831e-17
      7673.00   2.4308762e-17
      7674.00   2.4311694e-17
      7675.00   2.4314626e-17
      7676.00   2.4317559e-17
      7677.00   2.4320492e-17
      7678.00   2.4323425e-17
      7679.00   2.4326358e-17
      7680.00   2.4329292e-17
      7681.00   2.4332226e-17
      7682.00   2.4335161e-17
      7683.00   2.4338096e-17
      7684.00   2.4341031e-17
      7685.00   2.4343966e-17
      7686.00   2.4346902e-17
      7687.00   2.4349838e-17
      7688.00   2.4352775e-17
      7689.00   2.4355711e-17
      7690.00   2.4358648e-17
      7691.00   2.4361586e-17
      7692.00   2.4364523e-17
      7693.00   2.4367461e-17
      7694.00   2.4370400e-17
      7695.00   2.4373338e-17
      7696.00   2.4376277e-17
      7697.00   2.4379217e-17
      7698.00   2.4382156e-17
      7699.00   2.4385096e-17
      7700.00   2.4388036e-17
      7701.00   2.4390977e-17
      7702.00   2.4393918e-17
      7703.00   2.4396859e-17
      7704.00   2.4399801e-17
      7705.00   2.4402743e-17
      7706.00   2.4405685e-17
      7707.00   2.4408627e-17
      7708.00   2.4411570e-17
      7709.00   2.4414513e-17
      7710.00   2.4417457e-17
      7711.00   2.4420400e-17
      7712.00   2.4423345e-17
      7713.00   2.4426289e-17
      7714.00   2.4429234e-17
      7715.00   2.4432179e-17
      7716.00   2.4435124e-17
      7717.00   2.4438070e-17
      7718.00   2.4441016e-17
      7719.00   2.4443962e-17
      7720.00   2.4446909e-17
      7721.00   2.4449856e-17
      7722.00   2.4452803e-17
      7723.00   2.4455751e-17
      7724.00   2.4458699e-17
      7725.00   2.4461647e-17
      7726.00   2.4464595e-17
      7727.00   2.4467544e-17
      7728.00   2.4470494e-17
      7729.00   2.4473443e-17
      7730.00   2.4476393e-17
      7731.00   2.4479343e-17
      7732.00   2.4482294e-17
      7733.00   2.4485245e-17
      7734.00   2.4488196e-17
      7735.00   2.4491147e-17
      7736.00   2.4494099e-17
      7737.00   2.4497051e-17
      7738.00   2.4500003e-17
      7739.00   2.4502956e-17
      7740.00   2.4505909e-17
      7741.00   2.4508863e-17
      7742.00   2.4511816e-17
      7743.00   2.4514770e-17
      7744.00   2.4517725e-17
      7745.00   2.4520679e-17
      7746.00   2.4523634e-17
      7747.00   2.4526590e-17
      7748.00   2.4529545e-17
      7749.00   2.4532501e-17
      7750.00   2.4535457e-17
      7751.00   2.4538414e-17
      7752.00   2.4541371e-17
      7753.00   2.4544328e-17
      7754.00   2.4547286e-17
      7755.00   2.4550243e-17
      7756.00   2.4553202e-17
      7757.00   2.4556160e-17
      7758.00   2.4559119e-17
      7759.00   2.4562078e-17
      7760.00   2.4565037e-17
      7761.00   2.4567997e-17
      7762.00   2.4570957e-17
      7763.00   2.4573918e-17
      7764.00   2.4576878e-17
      7765.00   2.4579839e-17
      7766.00   2.4582801e-17
      7767.00   2.4585763e-17
      7768.00   2.4588725e-17
      7769.00   2.4591687e-17
      7770.00   2.4594649e-17
      7771.00   2.4597612e-17
      7772.00   2.4600576e-17
      7773.00   2.4603539e-17
      7774.00   2.4606503e-17
      7775.00   2.4609467e-17
      7776.00   2.4612432e-17
      7777.00   2.4615397e-17
      7778.00   2.4618362e-17
      7779.00   2.4621328e-17
      7780.00   2.4624293e-17
      7781.00   2.4627260e-17
      7782.00   2.4630226e-17
      7783.00   2.4633193e-17
      7784.00   2.4636160e-17
      7785.00   2.4639127e-17
      7786.00   2.4642095e-17
      7787.00   2.4645063e-17
      7788.00   2.4648032e-17
      7789.00   2.4651000e-17
      7790.00   2.4653969e-17
      7791.00   2.4656939e-17
      7792.00   2.4659908e-17
      7793.00   2.4662878e-17
      7794.00   2.4665848e-17
      7795.00   2.4668819e-17
      7796.00   2.4671790e-17
      7797.00   2.4674761e-17
      7798.00   2.4677733e-17
      7799.00   2.4680705e-17
      7800.00   2.4683677e-17
      7801.00   2.4686649e-17
      7802.00   2.4689622e-17
      7803.00   2.4692595e-17
      7804.00   2.4695569e-17
      7805.00   2.4698543e-17
      7806.00   2.4701517e-17
      7807.00   2.4704491e-17
      7808.00   2.4707466e-17
      7809.00   2.4710441e-17
      7810.00   2.4713416e-17
      7811.00   2.4716392e-17
      7812.00   2.4719368e-17
      7813.00   2.4722344e-17
      7814.00   2.4725321e-17
      7815.00   2.4728298e-17
      7816.00   2.4731275e-17
      7817.00   2.4734253e-17
      7818.00   2.4737231e-17
      7819.00   2.4740209e-17
      7820.00   2.4743188e-17
      7821.00   2.4746167e-17
      7822.00   2.4749146e-17
      7823.00   2.4752125e-17
      7824.00   2.4755105e-17
      7825.00   2.4758085e-17
      7826.00   2.4761066e-17
      7827.00   2.4764047e-17
      7828.00   2.4767028e-17
      7829.00   2.4770009e-17
      7830.00   2.4772991e-17
      7831.00   2.4775973e-17
      7832.00   2.4778955e-17
      7833.00   2.4781938e-17
      7834.00   2.4784921e-17
      7835.00   2.4787904e-17
      7836.00   2.4790888e-17
      7837.00   2.4793872e-17
      7838.00   2.4796856e-17
      7839.00   2.4799841e-17
      7840.00   2.4802826e-17
      7841.00   2.4805811e-17
      7842.00   2.4808797e-17
      7843.00   2.4811782e-17
      7844.00   2.4814769e-17
      7845.00   2.4817755e-17
      7846.00   2.4820742e-17
      7847.00   2.4823729e-17
      7848.00   2.4826717e-17
      7849.00   2.4829704e-17
      7850.00   2.4832692e-17
      7851.00   2.4835681e-17
      7852.00   2.4838670e-17
      7853.00   2.4841659e-17
      7854.00   2.4844648e-17
      7855.00   2.4847638e-17
      7856.00   2.4850628e-17
      7857.00   2.4853618e-17
      7858.00   2.4856609e-17
      7859.00   2.4859600e-17
      7860.00   2.4862591e-17
      7861.00   2.4865582e-17
      7862.00   2.4868574e-17
      7863.00   2.4871567e-17
      7864.00   2.4874559e-17
      7865.00   2.4877552e-17
      7866.00   2.4880545e-17
      7867.00   2.4883539e-17
      7868.00   2.4886532e-17
      7869.00   2.4889527e-17
      7870.00   2.4892521e-17
      7871.00   2.4895516e-17
      7872.00   2.4898511e-17
      7873.00   2.4901506e-17
      7874.00   2.4904502e-17
      7875.00   2.4907498e-17
      7876.00   2.4910494e-17
      7877.00   2.4913491e-17
      7878.00   2.4916488e-17
      7879.00   2.4919485e-17
      7880.00   2.4922483e-17
      7881.00   2.4925481e-17
      7882.00   2.4928479e-17
      7883.00   2.4931478e-17
      7884.00   2.4934476e-17
      7885.00   2.4937476e-17
      7886.00   2.4940475e-17
      7887.00   2.4943475e-17
      7888.00   2.4946475e-17
      7889.00   2.4949476e-17
      7890.00   2.4952476e-17
      7891.00   2.4955478e-17
      7892.00   2.4958479e-17
      7893.00   2.4961481e-17
      7894.00   2.4964483e-17
      7895.00   2.4967485e-17
      7896.00   2.4970488e-17
      7897.00   2.4973491e-17
      7898.00   2.4976494e-17
      7899.00   2.4979498e-17
      7900.00   2.4982502e-17
      7901.00   2.4985506e-17
      7902.00   2.4988510e-17
      7903.00   2.4991515e-17
      7904.00   2.4994521e-17
      7905.00   2.4997526e-17
      7906.00   2.5000532e-17
      7907.00   2.5003538e-17
      7908.00   2.5006545e-17
      7909.00   2.5009551e-17
      7910.00   2.5012558e-17
      7911.00   2.5015566e-17
      7912.00   2.5018574e-17
      7913.00   2.5021582e-17
      7914.00   2.5024590e-17
      7915.00   2.5027599e-17
      7916.00   2.5030608e-17
      7917.00   2.5033617e-17
      7918.00   2.5036627e-17
      7919.00   2.5039637e-17
      7920.00   2.5042647e-17
      7921.00   2.5045657e-17
      7922.00   2.5048668e-17
      7923.00   2.5051680e-17
      7924.00   2.5054691e-17
      7925.00   2.5057703e-17
      7926.00   2.5060715e-17
      7927.00   2.5063728e-17
      7928.00   2.5066740e-17
      7929.00   2.5069753e-17
      7930.00   2.5072767e-17
      7931.00   2.5075781e-17
      7932.00   2.5078795e-17
      7933.00   2.5081809e-17
      7934.00   2.5084824e-17
      7935.00   2.5087839e-17
      7936.00   2.5090854e-17
      7937.00   2.5093870e-17
      7938.00   2.5096886e-17
      7939.00   2.5099902e-17
      7940.00   2.5102918e-17
      7941.00   2.5105935e-17
      7942.00   2.5108953e-17
      7943.00   2.5111970e-17
      7944.00   2.5114988e-17
      7945.00   2.5118006e-17
      7946.00   2.5121025e-17
      7947.00   2.5124043e-17
      7948.00   2.5127062e-17
      7949.00   2.5130082e-17
      7950.00   2.5133102e-17
      7951.00   2.5136122e-17
      7952.00   2.5139142e-17
      7953.00   2.5142163e-17
      7954.00   2.5145184e-17
      7955.00   2.5148205e-17
      7956.00   2.5151227e-17
      7957.00   2.5154249e-17
      7958.00   2.5157271e-17
      7959.00   2.5160293e-17
      7960.00   2.5163316e-17
      7961.00   2.5166339e-17
      7962.00   2.5169363e-17
      7963.00   2.5172387e-17
      7964.00   2.5175411e-17
      7965.00   2.5178435e-17
      7966.00   2.5181460e-17
      7967.00   2.5184485e-17
      7968.00   2.5187511e-17
      7969.00   2.5190536e-17
      7970.00   2.5193562e-17
      7971.00   2.5196589e-17
      7972.00   2.5199616e-17
      7973.00   2.5202642e-17
      7974.00   2.5205670e-17
      7975.00   2.5208697e-17
      7976.00   2.5211725e-17
      7977.00   2.5214754e-17
      7978.00   2.5217782e-17
      7979.00   2.5220811e-17
      7980.00   2.5223840e-17
      7981.00   2.5226870e-17
      7982.00   2.5229900e-17
      7983.00   2.5232930e-17
      7984.00   2.5235960e-17
      7985.00   2.5238991e-17
      7986.00   2.5242022e-17
      7987.00   2.5245053e-17
      7988.00   2.5248085e-17
      7989.00   2.5251117e-17
      7990.00   2.5254149e-17
      7991.00   2.5257182e-17
      7992.00   2.5260215e-17
      7993.00   2.5263248e-17
      7994.00   2.5266282e-17
      7995.00   2.5269316e-17
      7996.00   2.5272350e-17
      7997.00   2.5275384e-17
      7998.00   2.5278419e-17
      7999.00   2.5281454e-17
      8000.00   2.5284490e-17
      8001.00   2.5287526e-17
      8002.00   2.5290562e-17
      8003.00   2.5293598e-17
      8004.00   2.5296635e-17
      8005.00   2.5299672e-17
      8006.00   2.5302709e-17
      8007.00   2.5305747e-17
      8008.00   2.5308785e-17
      8009.00   2.5311823e-17
      8010.00   2.5314862e-17
      8011.00   2.5317901e-17
      8012.00   2.5320940e-17
      8013.00   2.5323980e-17
      8014.00   2.5327020e-17
      8015.00   2.5330060e-17
      8016.00   2.5333100e-17
      8017.00   2.5336141e-17
      8018.00   2.5339182e-17
      8019.00   2.5342224e-17
      8020.00   2.5345265e-17
      8021.00   2.5348308e-17
      8022.00   2.5351350e-17
      8023.00   2.5354393e-17
      8024.00   2.5357436e-17
      8025.00   2.5360479e-17
      8026.00   2.5363523e-17
      8027.00   2.5366567e-17
      8028.00   2.5369611e-17
      8029.00   2.5372655e-17
      8030.00   2.5375700e-17
      8031.00   2.5378746e-17
      8032.00   2.5381791e-17
      8033.00   2.5384837e-17
      8034.00   2.5387883e-17
      8035.00   2.5390930e-17
      8036.00   2.5393976e-17
      8037.00   2.5397023e-17
      8038.00   2.5400071e-17
      8039.00   2.5403119e-17
      8040.00   2.5406167e-17
      8041.00   2.5409215e-17
      8042.00   2.5412264e-17
      8043.00   2.5415313e-17
      8044.00   2.5418362e-17
      8045.00   2.5421411e-17
      8046.00   2.5424461e-17
      8047.00   2.5427512e-17
      8048.00   2.5430562e-17
      8049.00   2.5433613e-17
      8050.00   2.5436664e-17
      8051.00   2.5439716e-17
      8052.00   2.5442767e-17
      8053.00   2.5445819e-17
      8054.00   2.5448872e-17
      8055.00   2.5451925e-17
      8056.00   2.5454978e-17
      8057.00   2.5458031e-17
      8058.00   2.5461085e-17
      8059.00   2.5464139e-17
      8060.00   2.5467193e-17
      8061.00   2.5470248e-17
      8062.00   2.5473303e-17
      8063.00   2.5476358e-17
      8064.00   2.5479413e-17
      8065.00   2.5482469e-17
      8066.00   2.5485525e-17
      8067.00   2.5488582e-17
      8068.00   2.5491639e-17
      8069.00   2.5494696e-17
      8070.00   2.5497753e-17
      8071.00   2.5500811e-17
      8072.00   2.5503869e-17
      8073.00   2.5506927e-17
      8074.00   2.5509986e-17
      8075.00   2.5513045e-17
      8076.00   2.5516104e-17
      8077.00   2.5519164e-17
      8078.00   2.5522224e-17
      8079.00   2.5525284e-17
      8080.00   2.5528345e-17
      8081.00   2.5531406e-17
      8082.00   2.5534467e-17
      8083.00   2.5537528e-17
      8084.00   2.5540590e-17
      8085.00   2.5543652e-17
      8086.00   2.5546715e-17
      8087.00   2.5549777e-17
      8088.00   2.5552840e-17
      8089.00   2.5555904e-17
      8090.00   2.5558967e-17
      8091.00   2.5562031e-17
      8092.00   2.5565096e-17
      8093.00   2.5568160e-17
      8094.00   2.5571225e-17
      8095.00   2.5574291e-17
      8096.00   2.5577356e-17
      8097.00   2.5580422e-17
      8098.00   2.5583488e-17
      8099.00   2.5586555e-17
      8100.00   2.5589621e-17
      8101.00   2.5592689e-17
      8102.00   2.5595756e-17
      8103.00   2.5598824e-17
      8104.00   2.5601892e-17
      8105.00   2.5604960e-17
      8106.00   2.5608029e-17
      8107.00   2.5611098e-17
      8108.00   2.5614167e-17
      8109.00   2.5617237e-17
      8110.00   2.5620307e-17
      8111.00   2.5623377e-17
      8112.00   2.5626447e-17
      8113.00   2.5629518e-17
      8114.00   2.5632589e-17
      8115.00   2.5635661e-17
      8116.00   2.5638733e-17
      8117.00   2.5641805e-17
      8118.00   2.5644877e-17
      8119.00   2.5647950e-17
      8120.00   2.5651023e-17
      8121.00   2.5654096e-17
      8122.00   2.5657170e-17
      8123.00   2.5660244e-17
      8124.00   2.5663318e-17
      8125.00   2.5666393e-17
      8126.00   2.5669468e-17
      8127.00   2.5672543e-17
      8128.00   2.5675619e-17
      8129.00   2.5678695e-17
      8130.00   2.5681771e-17
      8131.00   2.5684847e-17
      8132.00   2.5687924e-17
      8133.00   2.5691001e-17
      8134.00   2.5694078e-17
      8135.00   2.5697156e-17
      8136.00   2.5700234e-17
      8137.00   2.5703313e-17
      8138.00   2.5706391e-17
      8139.00   2.5709470e-17
      8140.00   2.5712549e-17
      8141.00   2.5715629e-17
      8142.00   2.5718709e-17
      8143.00   2.5721789e-17
      8144.00   2.5724870e-17
      8145.00   2.5727951e-17
      8146.00   2.5731032e-17
      8147.00   2.5734113e-17
      8148.00   2.5737195e-17
      8149.00   2.5740277e-17
      8150.00   2.5743359e-17
      8151.00   2.5746442e-17
      8152.00   2.5749525e-17
      8153.00   2.5752608e-17
      8154.00   2.5755692e-17
      8155.00   2.5758776e-17
      8156.00   2.5761860e-17
      8157.00   2.5764945e-17
      8158.00   2.5768030e-17
      8159.00   2.5771115e-17
      8160.00   2.5774200e-17
      8161.00   2.5777286e-17
      8162.00   2.5780372e-17
      8163.00   2.5783459e-17
      8164.00   2.5786546e-17
      8165.00   2.5789633e-17
      8166.00   2.5792720e-17
      8167.00   2.5795808e-17
      8168.00   2.5798896e-17
      8169.00   2.5801984e-17
      8170.00   2.5805073e-17
      8171.00   2.5808161e-17
      8172.00   2.5811251e-17
      8173.00   2.5814340e-17
      8174.00   2.5817430e-17
      8175.00   2.5820520e-17
      8176.00   2.5823611e-17
      8177.00   2.5826702e-17
      8178.00   2.5829793e-17
      8179.00   2.5832884e-17
      8180.00   2.5835976e-17
      8181.00   2.5839068e-17
      8182.00   2.5842160e-17
      8183.00   2.5845253e-17
      8184.00   2.5848346e-17
      8185.00   2.5851439e-17
      8186.00   2.5854533e-17
      8187.00   2.5857627e-17
      8188.00   2.5860721e-17
      8189.00   2.5863815e-17
      8190.00   2.5866910e-17
      8191.00   2.5870005e-17
      8192.00   2.5873101e-17
      8193.00   2.5876196e-17
      8194.00   2.5879292e-17
      8195.00   2.5882389e-17
      8196.00   2.5885486e-17
      8197.00   2.5888583e-17
      8198.00   2.5891680e-17
      8199.00   2.5894777e-17
      8200.00   2.5897875e-17
      8201.00   2.5900974e-17
      8202.00   2.5904072e-17
      8203.00   2.5907171e-17
      8204.00   2.5910270e-17
      8205.00   2.5913370e-17
      8206.00   2.5916469e-17
      8207.00   2.5919570e-17
      8208.00   2.5922670e-17
      8209.00   2.5925771e-17
      8210.00   2.5928872e-17
      8211.00   2.5931973e-17
      8212.00   2.5935075e-17
      8213.00   2.5938177e-17
      8214.00   2.5941279e-17
      8215.00   2.5944381e-17
      8216.00   2.5947484e-17
      8217.00   2.5950588e-17
      8218.00   2.5953691e-17
      8219.00   2.5956795e-17
      8220.00   2.5959899e-17
      8221.00   2.5963003e-17
      8222.00   2.5966108e-17
      8223.00   2.5969213e-17
      8224.00   2.5972319e-17
      8225.00   2.5975424e-17
      8226.00   2.5978530e-17
      8227.00   2.5981637e-17
      8228.00   2.5984743e-17
      8229.00   2.5987850e-17
      8230.00   2.5990957e-17
      8231.00   2.5994065e-17
      8232.00   2.5997173e-17
      8233.00   2.6000281e-17
      8234.00   2.6003389e-17
      8235.00   2.6006498e-17
      8236.00   2.6009607e-17
      8237.00   2.6012717e-17
      8238.00   2.6015826e-17
      8239.00   2.6018936e-17
      8240.00   2.6022047e-17
      8241.00   2.6025157e-17
      8242.00   2.6028268e-17
      8243.00   2.6031379e-17
      8244.00   2.6034491e-17
      8245.00   2.6037603e-17
      8246.00   2.6040715e-17
      8247.00   2.6043827e-17
      8248.00   2.6046940e-17
      8249.00   2.6050053e-17
      8250.00   2.6053167e-17
      8251.00   2.6056280e-17
      8252.00   2.6059395e-17
      8253.00   2.6062509e-17
      8254.00   2.6065624e-17
      8255.00   2.6068738e-17
      8256.00   2.6071854e-17
      8257.00   2.6074969e-17
      8258.00   2.6078085e-17
      8259.00   2.6081201e-17
      8260.00   2.6084318e-17
      8261.00   2.6087435e-17
      8262.00   2.6090552e-17
      8263.00   2.6093669e-17
      8264.00   2.6096787e-17
      8265.00   2.6099905e-17
      8266.00   2.6103023e-17
      8267.00   2.6106142e-17
      8268.00   2.6109261e-17
      8269.00   2.6112380e-17
      8270.00   2.6115500e-17
      8271.00   2.6118620e-17
      8272.00   2.6121740e-17
      8273.00   2.6124860e-17
      8274.00   2.6127981e-17
      8275.00   2.6131102e-17
      8276.00   2.6134224e-17
      8277.00   2.6137346e-17
      8278.00   2.6140468e-17
      8279.00   2.6143590e-17
      8280.00   2.6146713e-17
      8281.00   2.6149836e-17
      8282.00   2.6152959e-17
      8283.00   2.6156083e-17
      8284.00   2.6159207e-17
      8285.00   2.6162331e-17
      8286.00   2.6165455e-17
      8287.00   2.6168580e-17
      8288.00   2.6171705e-17
      8289.00   2.6174831e-17
      8290.00   2.6177956e-17
      8291.00   2.6181083e-17
      8292.00   2.6184209e-17
      8293.00   2.6187336e-17
      8294.00   2.6190463e-17
      8295.00   2.6193590e-17
      8296.00   2.6196717e-17
      8297.00   2.6199845e-17
      8298.00   2.6202974e-17
      8299.00   2.6206102e-17
      8300.00   2.6209231e-17
      8301.00   2.6212360e-17
      8302.00   2.6215490e-17
      8303.00   2.6218619e-17
      8304.00   2.6221749e-17
      8305.00   2.6224880e-17
      8306.00   2.6228011e-17
      8307.00   2.6231142e-17
      8308.00   2.6234273e-17
      8309.00   2.6237404e-17
      8310.00   2.6240536e-17
      8311.00   2.6243669e-17
      8312.00   2.6246801e-17
      8313.00   2.6249934e-17
      8314.00   2.6253067e-17
      8315.00   2.6256201e-17
      8316.00   2.6259334e-17
      8317.00   2.6262468e-17
      8318.00   2.6265603e-17
      8319.00   2.6268737e-17
      8320.00   2.6271872e-17
      8321.00   2.6275008e-17
      8322.00   2.6278143e-17
      8323.00   2.6281279e-17
      8324.00   2.6284416e-17
      8325.00   2.6287552e-17
      8326.00   2.6290689e-17
      8327.00   2.6293826e-17
      8328.00   2.6296964e-17
      8329.00   2.6300101e-17
      8330.00   2.6303239e-17
      8331.00   2.6306378e-17
      8332.00   2.6309516e-17
      8333.00   2.6312655e-17
      8334.00   2.6315795e-17
      8335.00   2.6318934e-17
      8336.00   2.6322074e-17
      8337.00   2.6325215e-17
      8338.00   2.6328355e-17
      8339.00   2.6331496e-17
      8340.00   2.6334637e-17
      8341.00   2.6337779e-17
      8342.00   2.6340920e-17
      8343.00   2.6344062e-17
      8344.00   2.6347205e-17
      8345.00   2.6350347e-17
      8346.00   2.6353490e-17
      8347.00   2.6356634e-17
      8348.00   2.6359777e-17
      8349.00   2.6362921e-17
      8350.00   2.6366065e-17
      8351.00   2.6369210e-17
      8352.00   2.6372355e-17
      8353.00   2.6375500e-17
      8354.00   2.6378645e-17
      8355.00   2.6381791e-17
      8356.00   2.6384937e-17
      8357.00   2.6388084e-17
      8358.00   2.6391230e-17
      8359.00   2.6394377e-17
      8360.00   2.6397525e-17
      8361.00   2.6400672e-17
      8362.00   2.6403820e-17
      8363.00   2.6406968e-17
      8364.00   2.6410117e-17
      8365.00   2.6413266e-17
      8366.00   2.6416415e-17
      8367.00   2.6419564e-17
      8368.00   2.6422714e-17
      8369.00   2.6425864e-17
      8370.00   2.6429014e-17
      8371.00   2.6432165e-17
      8372.00   2.6435316e-17
      8373.00   2.6438467e-17
      8374.00   2.6441619e-17
      8375.00   2.6444771e-17
      8376.00   2.6447923e-17
      8377.00   2.6451075e-17
      8378.00   2.6454228e-17
      8379.00   2.6457381e-17
      8380.00   2.6460535e-17
      8381.00   2.6463688e-17
      8382.00   2.6466842e-17
      8383.00   2.6469997e-17
      8384.00   2.6473151e-17
      8385.00   2.6476306e-17
      8386.00   2.6479462e-17
      8387.00   2.6482617e-17
      8388.00   2.6485773e-17
      8389.00   2.6488929e-17
      8390.00   2.6492086e-17
      8391.00   2.6495243e-17
      8392.00   2.6498400e-17
      8393.00   2.6501557e-17
      8394.00   2.6504715e-17
      8395.00   2.6507873e-17
      8396.00   2.6511031e-17
      8397.00   2.6514190e-17
      8398.00   2.6517349e-17
      8399.00   2.6520508e-17
      8400.00   2.6523667e-17
      8401.00   2.6526827e-17
      8402.00   2.6529988e-17
      8403.00   2.6533148e-17
      8404.00   2.6536309e-17
      8405.00   2.6539470e-17
      8406.00   2.6542631e-17
      8407.00   2.6545793e-17
      8408.00   2.6548955e-17
      8409.00   2.6552117e-17
      8410.00   2.6555280e-17
      8411.00   2.6558443e-17
      8412.00   2.6561606e-17
      8413.00   2.6564769e-17
      8414.00   2.6567933e-17
      8415.00   2.6571097e-17
      8416.00   2.6574262e-17
      8417.00   2.6577427e-17
      8418.00   2.6580592e-17
      8419.00   2.6583757e-17
      8420.00   2.6586923e-17
      8421.00   2.6590089e-17
      8422.00   2.6593255e-17
      8423.00   2.6596421e-17
      8424.00   2.6599588e-17
      8425.00   2.6602756e-17
      8426.00   2.6605923e-17
      8427.00   2.6609091e-17
      8428.00   2.6612259e-17
      8429.00   2.6615427e-17
      8430.00   2.6618596e-17
      8431.00   2.6621765e-17
      8432.00   2.6624934e-17
      8433.00   2.6628104e-17
      8434.00   2.6631274e-17
      8435.00   2.6634444e-17
      8436.00   2.6637615e-17
      8437.00   2.6640786e-17
      8438.00   2.6643957e-17
      8439.00   2.6647128e-17
      8440.00   2.6650300e-17
      8441.00   2.6653472e-17
      8442.00   2.6656644e-17
      8443.00   2.6659817e-17
      8444.00   2.6662990e-17
      8445.00   2.6666163e-17
      8446.00   2.6669337e-17
      8447.00   2.6672511e-17
      8448.00   2.6675685e-17
      8449.00   2.6678860e-17
      8450.00   2.6682035e-17
      8451.00   2.6685210e-17
      8452.00   2.6688385e-17
      8453.00   2.6691561e-17
      8454.00   2.6694737e-17
      8455.00   2.6697913e-17
      8456.00   2.6701090e-17
      8457.00   2.6704267e-17
      8458.00   2.6707444e-17
      8459.00   2.6710622e-17
      8460.00   2.6713799e-17
      8461.00   2.6716978e-17
      8462.00   2.6720156e-17
      8463.00   2.6723335e-17
      8464.00   2.6726514e-17
      8465.00   2.6729693e-17
      8466.00   2.6732873e-17
      8467.00   2.6736053e-17
      8468.00   2.6739233e-17
      8469.00   2.6742414e-17
      8470.00   2.6745595e-17
      8471.00   2.6748776e-17
      8472.00   2.6751958e-17
      8473.00   2.6755140e-17
      8474.00   2.6758322e-17
      8475.00   2.6761504e-17
      8476.00   2.6764687e-17
      8477.00   2.6767870e-17
      8478.00   2.6771053e-17
      8479.00   2.6774237e-17
      8480.00   2.6777421e-17
      8481.00   2.6780605e-17
      8482.00   2.6783790e-17
      8483.00   2.6786975e-17
      8484.00   2.6790160e-17
      8485.00   2.6793345e-17
      8486.00   2.6796531e-17
      8487.00   2.6799717e-17
      8488.00   2.6802903e-17
      8489.00   2.6806090e-17
      8490.00   2.6809277e-17
      8491.00   2.6812464e-17
      8492.00   2.6815652e-17
      8493.00   2.6818840e-17
      8494.00   2.6822028e-17
      8495.00   2.6825217e-17
      8496.00   2.6828406e-17
      8497.00   2.6831595e-17
      8498.00   2.6834784e-17
      8499.00   2.6837974e-17
      8500.00   2.6841164e-17
      8501.00   2.6844354e-17
      8502.00   2.6847545e-17
      8503.00   2.6850736e-17
      8504.00   2.6853927e-17
      8505.00   2.6857119e-17
      8506.00   2.6860311e-17
      8507.00   2.6863503e-17
      8508.00   2.6866695e-17
      8509.00   2.6869888e-17
      8510.00   2.6873081e-17
      8511.00   2.6876274e-17
      8512.00   2.6879468e-17
      8513.00   2.6882662e-17
      8514.00   2.6885856e-17
      8515.00   2.6889051e-17
      8516.00   2.6892246e-17
      8517.00   2.6895441e-17
      8518.00   2.6898637e-17
      8519.00   2.6901832e-17
      8520.00   2.6905028e-17
      8521.00   2.6908225e-17
      8522.00   2.6911422e-17
      8523.00   2.6914619e-17
      8524.00   2.6917816e-17
      8525.00   2.6921014e-17
      8526.00   2.6924212e-17
      8527.00   2.6927410e-17
      8528.00   2.6930608e-17
      8529.00   2.6933807e-17
      8530.00   2.6937006e-17
      8531.00   2.6940206e-17
      8532.00   2.6943406e-17
      8533.00   2.6946606e-17
      8534.00   2.6949806e-17
      8535.00   2.6953007e-17
      8536.00   2.6956208e-17
      8537.00   2.6959409e-17
      8538.00   2.6962610e-17
      8539.00   2.6965812e-17
      8540.00   2.6969014e-17
      8541.00   2.6972217e-17
      8542.00   2.6975420e-17
      8543.00   2.6978623e-17
      8544.00   2.6981826e-17
      8545.00   2.6985030e-17
      8546.00   2.6988234e-17
      8547.00   2.6991438e-17
      8548.00   2.6994643e-17
      8549.00   2.6997848e-17
      8550.00   2.7001053e-17
      8551.00   2.7004258e-17
      8552.00   2.7007464e-17
      8553.00   2.7010670e-17
      8554.00   2.7013877e-17
      8555.00   2.7017084e-17
      8556.00   2.7020291e-17
      8557.00   2.7023498e-17
      8558.00   2.7026705e-17
      8559.00   2.7029913e-17
      8560.00   2.7033122e-17
      8561.00   2.7036330e-17
      8562.00   2.7039539e-17
      8563.00   2.7042748e-17
      8564.00   2.7045958e-17
      8565.00   2.7049167e-17
      8566.00   2.7052377e-17
      8567.00   2.7055588e-17
      8568.00   2.7058798e-17
      8569.00   2.7062009e-17
      8570.00   2.7065221e-17
      8571.00   2.7068432e-17
      8572.00   2.7071644e-17
      8573.00   2.7074856e-17
      8574.00   2.7078069e-17
      8575.00   2.7081282e-17
      8576.00   2.7084495e-17
      8577.00   2.7087708e-17
      8578.00   2.7090922e-17
      8579.00   2.7094136e-17
      8580.00   2.7097350e-17
      8581.00   2.7100564e-17
      8582.00   2.7103779e-17
      8583.00   2.7106995e-17
      8584.00   2.7110210e-17
      8585.00   2.7113426e-17
      8586.00   2.7116642e-17
      8587.00   2.7119858e-17
      8588.00   2.7123075e-17
      8589.00   2.7126292e-17
      8590.00   2.7129509e-17
      8591.00   2.7132727e-17
      8592.00   2.7135945e-17
      8593.00   2.7139163e-17
      8594.00   2.7142382e-17
      8595.00   2.7145600e-17
      8596.00   2.7148820e-17
      8597.00   2.7152039e-17
      8598.00   2.7155259e-17
      8599.00   2.7158479e-17
      8600.00   2.7161699e-17
      8601.00   2.7164920e-17
      8602.00   2.7168141e-17
      8603.00   2.7171362e-17
      8604.00   2.7174583e-17
      8605.00   2.7177805e-17
      8606.00   2.7181027e-17
      8607.00   2.7184250e-17
      8608.00   2.7187472e-17
      8609.00   2.7190695e-17
      8610.00   2.7193919e-17
      8611.00   2.7197142e-17
      8612.00   2.7200366e-17
      8613.00   2.7203591e-17
      8614.00   2.7206815e-17
      8615.00   2.7210040e-17
      8616.00   2.7213265e-17
      8617.00   2.7216491e-17
      8618.00   2.7219716e-17
      8619.00   2.7222942e-17
      8620.00   2.7226169e-17
      8621.00   2.7229395e-17
      8622.00   2.7232622e-17
      8623.00   2.7235850e-17
      8624.00   2.7239077e-17
      8625.00   2.7242305e-17
      8626.00   2.7245533e-17
      8627.00   2.7248762e-17
      8628.00   2.7251990e-17
      8629.00   2.7255220e-17
      8630.00   2.7258449e-17
      8631.00   2.7261679e-17
      8632.00   2.7264909e-17
      8633.00   2.7268139e-17
      8634.00   2.7271369e-17
      8635.00   2.7274600e-17
      8636.00   2.7277831e-17
      8637.00   2.7281063e-17
      8638.00   2.7284295e-17
      8639.00   2.7287527e-17
      8640.00   2.7290759e-17
      8641.00   2.7293992e-17
      8642.00   2.7297225e-17
      8643.00   2.7300458e-17
      8644.00   2.7303692e-17
      8645.00   2.7306925e-17
      8646.00   2.7310160e-17
      8647.00   2.7313394e-17
      8648.00   2.7316629e-17
      8649.00   2.7319864e-17
      8650.00   2.7323099e-17
      8651.00   2.7326335e-17
      8652.00   2.7329571e-17
      8653.00   2.7332807e-17
      8654.00   2.7336044e-17
      8655.00   2.7339281e-17
      8656.00   2.7342518e-17
      8657.00   2.7345756e-17
      8658.00   2.7348993e-17
      8659.00   2.7352231e-17
      8660.00   2.7355470e-17
      8661.00   2.7358708e-17
      8662.00   2.7361947e-17
      8663.00   2.7365187e-17
      8664.00   2.7368426e-17
      8665.00   2.7371666e-17
      8666.00   2.7374906e-17
      8667.00   2.7378147e-17
      8668.00   2.7381388e-17
      8669.00   2.7384629e-17
      8670.00   2.7387870e-17
      8671.00   2.7391112e-17
      8672.00   2.7394354e-17
      8673.00   2.7397596e-17
      8674.00   2.7400839e-17
      8675.00   2.7404082e-17
      8676.00   2.7407325e-17
      8677.00   2.7410568e-17
      8678.00   2.7413812e-17
      8679.00   2.7417056e-17
      8680.00   2.7420301e-17
      8681.00   2.7423545e-17
      8682.00   2.7426790e-17
      8683.00   2.7430036e-17
      8684.00   2.7433281e-17
      8685.00   2.7436527e-17
      8686.00   2.7439773e-17
      8687.00   2.7443020e-17
      8688.00   2.7446267e-17
      8689.00   2.7449514e-17
      8690.00   2.7452761e-17
      8691.00   2.7456009e-17
      8692.00   2.7459257e-17
      8693.00   2.7462505e-17
      8694.00   2.7465754e-17
      8695.00   2.7469003e-17
      8696.00   2.7472252e-17
      8697.00   2.7475501e-17
      8698.00   2.7478751e-17
      8699.00   2.7482001e-17
      8700.00   2.7485251e-17
      8701.00   2.7488502e-17
      8702.00   2.7491753e-17
      8703.00   2.7495004e-17
      8704.00   2.7498256e-17
      8705.00   2.7501508e-17
      8706.00   2.7504760e-17
      8707.00   2.7508013e-17
      8708.00   2.7511265e-17
      8709.00   2.7514518e-17
      8710.00   2.7517772e-17
      8711.00   2.7521026e-17
      8712.00   2.7524280e-17
      8713.00   2.7527534e-17
      8714.00   2.7530788e-17
      8715.00   2.7534043e-17
      8716.00   2.7537298e-17
      8717.00   2.7540554e-17
      8718.00   2.7543810e-17
      8719.00   2.7547066e-17
      8720.00   2.7550322e-17
      8721.00   2.7553579e-17
      8722.00   2.7556836e-17
      8723.00   2.7560093e-17
      8724.00   2.7563351e-17
      8725.00   2.7566609e-17
      8726.00   2.7569867e-17
      8727.00   2.7573125e-17
      8728.00   2.7576384e-17
      8729.00   2.7579643e-17
      8730.00   2.7582902e-17
      8731.00   2.7586162e-17
      8732.00   2.7589422e-17
      8733.00   2.7592682e-17
      8734.00   2.7595943e-17
      8735.00   2.7599204e-17
      8736.00   2.7602465e-17
      8737.00   2.7605726e-17
      8738.00   2.7608988e-17
      8739.00   2.7612250e-17
      8740.00   2.7615512e-17
      8741.00   2.7618775e-17
      8742.00   2.7622038e-17
      8743.00   2.7625301e-17
      8744.00   2.7628565e-17
      8745.00   2.7631829e-17
      8746.00   2.7635093e-17
      8747.00   2.7638357e-17
      8748.00   2.7641622e-17
      8749.00   2.7644887e-17
      8750.00   2.7648152e-17
      8751.00   2.7651418e-17
      8752.00   2.7654684e-17
      8753.00   2.7657950e-17
      8754.00   2.7661217e-17
      8755.00   2.7664484e-17
      8756.00   2.7667751e-17
      8757.00   2.7671018e-17
      8758.00   2.7674286e-17
      8759.00   2.7677554e-17
      8760.00   2.7680822e-17
      8761.00   2.7684091e-17
      8762.00   2.7687360e-17
      8763.00   2.7690629e-17
      8764.00   2.7693899e-17
      8765.00   2.7697168e-17
      8766.00   2.7700439e-17
      8767.00   2.7703709e-17
      8768.00   2.7706980e-17
      8769.00   2.7710251e-17
      8770.00   2.7713522e-17
      8771.00   2.7716794e-17
      8772.00   2.7720065e-17
      8773.00   2.7723338e-17
      8774.00   2.7726610e-17
      8775.00   2.7729883e-17
      8776.00   2.7733156e-17
      8777.00   2.7736429e-17
      8778.00   2.7739703e-17
      8779.00   2.7742977e-17
      8780.00   2.7746251e-17
      8781.00   2.7749526e-17
      8782.00   2.7752801e-17
      8783.00   2.7756076e-17
      8784.00   2.7759352e-17
      8785.00   2.7762627e-17
      8786.00   2.7765903e-17
      8787.00   2.7769180e-17
      8788.00   2.7772456e-17
      8789.00   2.7775733e-17
      8790.00   2.7779011e-17
      8791.00   2.7782288e-17
      8792.00   2.7785566e-17
      8793.00   2.7788844e-17
      8794.00   2.7792123e-17
      8795.00   2.7795401e-17
      8796.00   2.7798681e-17
      8797.00   2.7801960e-17
      8798.00   2.7805240e-17
      8799.00   2.7808519e-17
      8800.00   2.7811800e-17
      8801.00   2.7815080e-17
      8802.00   2.7818361e-17
      8803.00   2.7821642e-17
      8804.00   2.7824924e-17
      8805.00   2.7828205e-17
      8806.00   2.7831487e-17
      8807.00   2.7834770e-17
      8808.00   2.7838052e-17
      8809.00   2.7841335e-17
      8810.00   2.7844618e-17
      8811.00   2.7847902e-17
      8812.00   2.7851186e-17
      8813.00   2.7854470e-17
      8814.00   2.7857754e-17
      8815.00   2.7861039e-17
      8816.00   2.7864324e-17
      8817.00   2.7867609e-17
      8818.00   2.7870895e-17
      8819.00   2.7874181e-17
      8820.00   2.7877467e-17
      8821.00   2.7880753e-17
      8822.00   2.7884040e-17
      8823.00   2.7887327e-17
      8824.00   2.7890615e-17
      8825.00   2.7893902e-17
      8826.00   2.7897190e-17
      8827.00   2.7900479e-17
      8828.00   2.7903767e-17
      8829.00   2.7907056e-17
      8830.00   2.7910345e-17
      8831.00   2.7913635e-17
      8832.00   2.7916924e-17
      8833.00   2.7920214e-17
      8834.00   2.7923505e-17
      8835.00   2.7926795e-17
      8836.00   2.7930086e-17
      8837.00   2.7933377e-17
      8838.00   2.7936669e-17
      8839.00   2.7939961e-17
      8840.00   2.7943253e-17
      8841.00   2.7946545e-17
      8842.00   2.7949838e-17
      8843.00   2.7953131e-17
      8844.00   2.7956424e-17
      8845.00   2.7959718e-17
      8846.00   2.7963012e-17
      8847.00   2.7966306e-17
      8848.00   2.7969601e-17
      8849.00   2.7972895e-17
      8850.00   2.7976190e-17
      8851.00   2.7979486e-17
      8852.00   2.7982781e-17
      8853.00   2.7986077e-17
      8854.00   2.7989374e-17
      8855.00   2.7992670e-17
      8856.00   2.7995967e-17
      8857.00   2.7999264e-17
      8858.00   2.8002562e-17
      8859.00   2.8005859e-17
      8860.00   2.8009158e-17
      8861.00   2.8012456e-17
      8862.00   2.8015754e-17
      8863.00   2.8019053e-17
      8864.00   2.8022353e-17
      8865.00   2.8025652e-17
      8866.00   2.8028952e-17
      8867.00   2.8032252e-17
      8868.00   2.8035553e-17
      8869.00   2.8038853e-17
      8870.00   2.8042154e-17
      8871.00   2.8045456e-17
      8872.00   2.8048757e-17
      8873.00   2.8052059e-17
      8874.00   2.8055361e-17
      8875.00   2.8058664e-17
      8876.00   2.8061966e-17
      8877.00   2.8065270e-17
      8878.00   2.8068573e-17
      8879.00   2.8071877e-17
      8880.00   2.8075181e-17
      8881.00   2.8078485e-17
      8882.00   2.8081789e-17
      8883.00   2.8085094e-17
      8884.00   2.8088399e-17
      8885.00   2.8091705e-17
      8886.00   2.8095010e-17
      8887.00   2.8098317e-17
      8888.00   2.8101623e-17
      8889.00   2.8104929e-17
      8890.00   2.8108236e-17
      8891.00   2.8111544e-17
      8892.00   2.8114851e-17
      8893.00   2.8118159e-17
      8894.00   2.8121467e-17
      8895.00   2.8124775e-17
      8896.00   2.8128084e-17
      8897.00   2.8131393e-17
      8898.00   2.8134702e-17
      8899.00   2.8138012e-17
      8900.00   2.8141322e-17
      8901.00   2.8144632e-17
      8902.00   2.8147942e-17
      8903.00   2.8151253e-17
      8904.00   2.8154564e-17
      8905.00   2.8157876e-17
      8906.00   2.8161187e-17
      8907.00   2.8164499e-17
      8908.00   2.8167811e-17
      8909.00   2.8171124e-17
      8910.00   2.8174437e-17
      8911.00   2.8177750e-17
      8912.00   2.8181063e-17
      8913.00   2.8184377e-17
      8914.00   2.8187691e-17
      8915.00   2.8191005e-17
      8916.00   2.8194320e-17
      8917.00   2.8197635e-17
      8918.00   2.8200950e-17
      8919.00   2.8204265e-17
      8920.00   2.8207581e-17
      8921.00   2.8210897e-17
      8922.00   2.8214214e-17
      8923.00   2.8217530e-17
      8924.00   2.8220847e-17
      8925.00   2.8224164e-17
      8926.00   2.8227482e-17
      8927.00   2.8230800e-17
      8928.00   2.8234118e-17
      8929.00   2.8237436e-17
      8930.00   2.8240755e-17
      8931.00   2.8244074e-17
      8932.00   2.8247393e-17
      8933.00   2.8250713e-17
      8934.00   2.8254033e-17
      8935.00   2.8257353e-17
      8936.00   2.8260673e-17
      8937.00   2.8263994e-17
      8938.00   2.8267315e-17
      8939.00   2.8270637e-17
      8940.00   2.8273958e-17
      8941.00   2.8277280e-17
      8942.00   2.8280603e-17
      8943.00   2.8283925e-17
      8944.00   2.8287248e-17
      8945.00   2.8290571e-17
      8946.00   2.8293894e-17
      8947.00   2.8297218e-17
      8948.00   2.8300542e-17
      8949.00   2.8303867e-17
      8950.00   2.8307191e-17
      8951.00   2.8310516e-17
      8952.00   2.8313841e-17
      8953.00   2.8317167e-17
      8954.00   2.8320492e-17
      8955.00   2.8323819e-17
      8956.00   2.8327145e-17
      8957.00   2.8330472e-17
      8958.00   2.8333799e-17
      8959.00   2.8337126e-17
      8960.00   2.8340453e-17
      8961.00   2.8343781e-17
      8962.00   2.8347109e-17
      8963.00   2.8350438e-17
      8964.00   2.8353766e-17
      8965.00   2.8357095e-17
      8966.00   2.8360425e-17
      8967.00   2.8363754e-17
      8968.00   2.8367084e-17
      8969.00   2.8370414e-17
      8970.00   2.8373745e-17
      8971.00   2.8377076e-17
      8972.00   2.8380407e-17
      8973.00   2.8383738e-17
      8974.00   2.8387070e-17
      8975.00   2.8390402e-17
      8976.00   2.8393734e-17
      8977.00   2.8397066e-17
      8978.00   2.8400399e-17
      8979.00   2.8403732e-17
      8980.00   2.8407066e-17
      8981.00   2.8410399e-17
      8982.00   2.8413733e-17
      8983.00   2.8417068e-17
      8984.00   2.8420402e-17
      8985.00   2.8423737e-17
      8986.00   2.8427072e-17
      8987.00   2.8430408e-17
      8988.00   2.8433744e-17
      8989.00   2.8437080e-17
      8990.00   2.8440416e-17
      8991.00   2.8443753e-17
      8992.00   2.8447090e-17
      8993.00   2.8450427e-17
      8994.00   2.8453764e-17
      8995.00   2.8457102e-17
      8996.00   2.8460440e-17
      8997.00   2.8463779e-17
      8998.00   2.8467117e-17
      8999.00   2.8470456e-17
      9000.00   2.8473796e-17
      9001.00   2.8477135e-17
      9002.00   2.8480475e-17
      9003.00   2.8483815e-17
      9004.00   2.8487156e-17
      9005.00   2.8490496e-17
      9006.00   2.8493837e-17
      9007.00   2.8497179e-17
      9008.00   2.8500520e-17
      9009.00   2.8503862e-17
      9010.00   2.8507204e-17
      9011.00   2.8510547e-17
      9012.00   2.8513890e-17
      9013.00   2.8517233e-17
      9014.00   2.8520576e-17
      9015.00   2.8523920e-17
      9016.00   2.8527264e-17
      9017.00   2.8530608e-17
      9018.00   2.8533953e-17
      9019.00   2.8537297e-17
      9020.00   2.8540643e-17
      9021.00   2.8543988e-17
      9022.00   2.8547334e-17
      9023.00   2.8550680e-17
      9024.00   2.8554026e-17
      9025.00   2.8557373e-17
      9026.00   2.8560719e-17
      9027.00   2.8564067e-17
      9028.00   2.8567414e-17
      9029.00   2.8570762e-17
      9030.00   2.8574110e-17
      9031.00   2.8577458e-17
      9032.00   2.8580807e-17
      9033.00   2.8584156e-17
      9034.00   2.8587505e-17
      9035.00   2.8590855e-17
      9036.00   2.8594204e-17
      9037.00   2.8597554e-17
      9038.00   2.8600905e-17
      9039.00   2.8604256e-17
      9040.00   2.8607607e-17
      9041.00   2.8610958e-17
      9042.00   2.8614309e-17
      9043.00   2.8617661e-17
      9044.00   2.8621013e-17
      9045.00   2.8624366e-17
      9046.00   2.8627719e-17
      9047.00   2.8631072e-17
      9048.00   2.8634425e-17
      9049.00   2.8637778e-17
      9050.00   2.8641132e-17
      9051.00   2.8644487e-17
      9052.00   2.8647841e-17
      9053.00   2.8651196e-17
      9054.00   2.8654551e-17
      9055.00   2.8657906e-17
      9056.00   2.8661262e-17
      9057.00   2.8664618e-17
      9058.00   2.8667974e-17
      9059.00   2.8671330e-17
      9060.00   2.8674687e-17
      9061.00   2.8678044e-17
      9062.00   2.8681402e-17
      9063.00   2.8684759e-17
      9064.00   2.8688117e-17
      9065.00   2.8691476e-17
      9066.00   2.8694834e-17
      9067.00   2.8698193e-17
      9068.00   2.8701552e-17
      9069.00   2.8704912e-17
      9070.00   2.8708271e-17
      9071.00   2.8711631e-17
      9072.00   2.8714992e-17
      9073.00   2.8718352e-17
      9074.00   2.8721713e-17
      9075.00   2.8725074e-17
      9076.00   2.8728436e-17
      9077.00   2.8731798e-17
      9078.00   2.8735160e-17
      9079.00   2.8738522e-17
      9080.00   2.8741885e-17
      9081.00   2.8745248e-17
      9082.00   2.8748611e-17
      9083.00   2.8751974e-17
      9084.00   2.8755338e-17
      9085.00   2.8758702e-17
      9086.00   2.8762067e-17
      9087.00   2.8765431e-17
      9088.00   2.8768796e-17
      9089.00   2.8772162e-17
      9090.00   2.8775527e-17
      9091.00   2.8778893e-17
      9092.00   2.8782259e-17
      9093.00   2.8785625e-17
      9094.00   2.8788992e-17
      9095.00   2.8792359e-17
      9096.00   2.8795726e-17
      9097.00   2.8799094e-17
      9098.00   2.8802462e-17
      9099.00   2.8805830e-17
      9100.00   2.8809199e-17
      9101.00   2.8812567e-17
      9102.00   2.8815936e-17
      9103.00   2.8819306e-17
      9104.00   2.8822675e-17
      9105.00   2.8826045e-17
      9106.00   2.8829415e-17
      9107.00   2.8832786e-17
      9108.00   2.8836157e-17
      9109.00   2.8839528e-17
      9110.00   2.8842899e-17
      9111.00   2.8846271e-17
      9112.00   2.8849643e-17
      9113.00   2.8853015e-17
      9114.00   2.8856387e-17
      9115.00   2.8859760e-17
      9116.00   2.8863133e-17
      9117.00   2.8866507e-17
      9118.00   2.8869880e-17
      9119.00   2.8873254e-17
      9120.00   2.8876629e-17
      9121.00   2.8880003e-17
      9122.00   2.8883378e-17
      9123.00   2.8886753e-17
      9124.00   2.8890129e-17
      9125.00   2.8893504e-17
      9126.00   2.8896880e-17
      9127.00   2.8900257e-17
      9128.00   2.8903633e-17
      9129.00   2.8907010e-17
      9130.00   2.8910387e-17
      9131.00   2.8913765e-17
      9132.00   2.8917142e-17
      9133.00   2.8920520e-17
      9134.00   2.8923899e-17
      9135.00   2.8927277e-17
      9136.00   2.8930656e-17
      9137.00   2.8934035e-17
      9138.00   2.8937415e-17
      9139.00   2.8940795e-17
      9140.00   2.8944175e-17
      9141.00   2.8947555e-17
      9142.00   2.8950936e-17
      9143.00   2.8954317e-17
      9144.00   2.8957698e-17
      9145.00   2.8961079e-17
      9146.00   2.8964461e-17
      9147.00   2.8967843e-17
      9148.00   2.8971226e-17
      9149.00   2.8974608e-17
      9150.00   2.8977991e-17
      9151.00   2.8981375e-17
      9152.00   2.8984758e-17
      9153.00   2.8988142e-17
      9154.00   2.8991526e-17
      9155.00   2.8994910e-17
      9156.00   2.8998295e-17
      9157.00   2.9001680e-17
      9158.00   2.9005065e-17
      9159.00   2.9008451e-17
      9160.00   2.9011837e-17
      9161.00   2.9015223e-17
      9162.00   2.9018609e-17
      9163.00   2.9021996e-17
      9164.00   2.9025383e-17
      9165.00   2.9028770e-17
      9166.00   2.9032158e-17
      9167.00   2.9035546e-17
      9168.00   2.9038934e-17
      9169.00   2.9042322e-17
      9170.00   2.9045711e-17
      9171.00   2.9049100e-17
      9172.00   2.9052490e-17
      9173.00   2.9055879e-17
      9174.00   2.9059269e-17
      9175.00   2.9062659e-17
      9176.00   2.9066050e-17
      9177.00   2.9069441e-17
      9178.00   2.9072832e-17
      9179.00   2.9076223e-17
      9180.00   2.9079615e-17
      9181.00   2.9083006e-17
      9182.00   2.9086399e-17
      9183.00   2.9089791e-17
      9184.00   2.9093184e-17
      9185.00   2.9096577e-17
      9186.00   2.9099970e-17
      9187.00   2.9103364e-17
      9188.00   2.9106758e-17
      9189.00   2.9110152e-17
      9190.00   2.9113547e-17
      9191.00   2.9116942e-17
      9192.00   2.9120337e-17
      9193.00   2.9123732e-17
      9194.00   2.9127128e-17
      9195.00   2.9130524e-17
      9196.00   2.9133920e-17
      9197.00   2.9137316e-17
      9198.00   2.9140713e-17
      9199.00   2.9144110e-17
      9200.00   2.9147508e-17
      9201.00   2.9150905e-17
      9202.00   2.9154303e-17
      9203.00   2.9157702e-17
      9204.00   2.9161100e-17
      9205.00   2.9164499e-17
      9206.00   2.9167898e-17
      9207.00   2.9171298e-17
      9208.00   2.9174697e-17
      9209.00   2.9178097e-17
      9210.00   2.9181498e-17
      9211.00   2.9184898e-17
      9212.00   2.9188299e-17
      9213.00   2.9191700e-17
      9214.00   2.9195102e-17
      9215.00   2.9198503e-17
      9216.00   2.9201905e-17
      9217.00   2.9205308e-17
      9218.00   2.9208710e-17
      9219.00   2.9212113e-17
      9220.00   2.9215516e-17
      9221.00   2.9218920e-17
      9222.00   2.9222324e-17
      9223.00   2.9225728e-17
      9224.00   2.9229132e-17
      9225.00   2.9232536e-17
      9226.00   2.9235941e-17
      9227.00   2.9239347e-17
      9228.00   2.9242752e-17
      9229.00   2.9246158e-17
      9230.00   2.9249564e-17
      9231.00   2.9252970e-17
      9232.00   2.9256377e-17
      9233.00   2.9259784e-17
      9234.00   2.9263191e-17
      9235.00   2.9266598e-17
      9236.00   2.9270006e-17
      9237.00   2.9273414e-17
      9238.00   2.9276822e-17
      9239.00   2.9280231e-17
      9240.00   2.9283640e-17
      9241.00   2.9287049e-17
      9242.00   2.9290459e-17
      9243.00   2.9293868e-17
      9244.00   2.9297279e-17
      9245.00   2.9300689e-17
      9246.00   2.9304100e-17
      9247.00   2.9307510e-17
      9248.00   2.9310922e-17
      9249.00   2.9314333e-17
      9250.00   2.9317745e-17
      9251.00   2.9321157e-17
      9252.00   2.9324569e-17
      9253.00   2.9327982e-17
      9254.00   2.9331395e-17
      9255.00   2.9334808e-17
      9256.00   2.9338222e-17
      9257.00   2.9341636e-17
      9258.00   2.9345050e-17
      9259.00   2.9348464e-17
      9260.00   2.9351879e-17
      9261.00   2.9355294e-17
      9262.00   2.9358709e-17
      9263.00   2.9362124e-17
      9264.00   2.9365540e-17
      9265.00   2.9368956e-17
      9266.00   2.9372373e-17
      9267.00   2.9375789e-17
      9268.00   2.9379206e-17
      9269.00   2.9382623e-17
      9270.00   2.9386041e-17
      9271.00   2.9389459e-17
      9272.00   2.9392877e-17
      9273.00   2.9396295e-17
      9274.00   2.9399714e-17
      9275.00   2.9403133e-17
      9276.00   2.9406552e-17
      9277.00   2.9409972e-17
      9278.00   2.9413392e-17
      9279.00   2.9416812e-17
      9280.00   2.9420232e-17
      9281.00   2.9423653e-17
      9282.00   2.9427074e-17
      9283.00   2.9430495e-17
      9284.00   2.9433916e-17
      9285.00   2.9437338e-17
      9286.00   2.9440760e-17
      9287.00   2.9444183e-17
      9288.00   2.9447605e-17
      9289.00   2.9451028e-17
      9290.00   2.9454452e-17
      9291.00   2.9457875e-17
      9292.00   2.9461299e-17
      9293.00   2.9464723e-17
      9294.00   2.9468148e-17
      9295.00   2.9471572e-17
      9296.00   2.9474997e-17
      9297.00   2.9478423e-17
      9298.00   2.9481848e-17
      9299.00   2.9485274e-17
      9300.00   2.9488700e-17
      9301.00   2.9492126e-17
      9302.00   2.9495553e-17
      9303.00   2.9498980e-17
      9304.00   2.9502407e-17
      9305.00   2.9505835e-17
      9306.00   2.9509263e-17
      9307.00   2.9512691e-17
      9308.00   2.9516119e-17
      9309.00   2.9519548e-17
      9310.00   2.9522977e-17
      9311.00   2.9526406e-17
      9312.00   2.9529836e-17
      9313.00   2.9533266e-17
      9314.00   2.9536696e-17
      9315.00   2.9540126e-17
      9316.00   2.9543557e-17
      9317.00   2.9546988e-17
      9318.00   2.9550419e-17
      9319.00   2.9553851e-17
      9320.00   2.9557282e-17
      9321.00   2.9560714e-17
      9322.00   2.9564147e-17
      9323.00   2.9567580e-17
      9324.00   2.9571013e-17
      9325.00   2.9574446e-17
      9326.00   2.9577879e-17
      9327.00   2.9581313e-17
      9328.00   2.9584747e-17
      9329.00   2.9588182e-17
      9330.00   2.9591616e-17
      9331.00   2.9595051e-17
      9332.00   2.9598487e-17
      9333.00   2.9601922e-17
      9334.00   2.9605358e-17
      9335.00   2.9608794e-17
      9336.00   2.9612230e-17
      9337.00   2.9615667e-17
      9338.00   2.9619104e-17
      9339.00   2.9622541e-17
      9340.00   2.9625979e-17
      9341.00   2.9629417e-17
      9342.00   2.9632855e-17
      9343.00   2.9636293e-17
      9344.00   2.9639732e-17
      9345.00   2.9643171e-17
      9346.00   2.9646610e-17
      9347.00   2.9650050e-17
      9348.00   2.9653489e-17
      9349.00   2.9656929e-17
      9350.00   2.9660370e-17
      9351.00   2.9663811e-17
      9352.00   2.9667251e-17
      9353.00   2.9670693e-17
      9354.00   2.9674134e-17
      9355.00   2.9677576e-17
      9356.00   2.9681018e-17
      9357.00   2.9684461e-17
      9358.00   2.9687903e-17
      9359.00   2.9691346e-17
      9360.00   2.9694789e-17
      9361.00   2.9698233e-17
      9362.00   2.9701677e-17
      9363.00   2.9705121e-17
      9364.00   2.9708565e-17
      9365.00   2.9712010e-17
      9366.00   2.9715455e-17
      9367.00   2.9718900e-17
      9368.00   2.9722345e-17
      9369.00   2.9725791e-17
      9370.00   2.9729237e-17
      9371.00   2.9732684e-17
      9372.00   2.9736130e-17
      9373.00   2.9739577e-17
      9374.00   2.9743024e-17
      9375.00   2.9746472e-17
      9376.00   2.9749920e-17
      9377.00   2.9753368e-17
      9378.00   2.9756816e-17
      9379.00   2.9760265e-17
      9380.00   2.9763714e-17
      9381.00   2.9767163e-17
      9382.00   2.9770612e-17
      9383.00   2.9774062e-17
      9384.00   2.9777512e-17
      9385.00   2.9780962e-17
      9386.00   2.9784413e-17
      9387.00   2.9787864e-17
      9388.00   2.9791315e-17
      9389.00   2.9794767e-17
      9390.00   2.9798218e-17
      9391.00   2.9801670e-17
      9392.00   2.9805123e-17
      9393.00   2.9808575e-17
      9394.00   2.9812028e-17
      9395.00   2.9815481e-17
      9396.00   2.9818935e-17
      9397.00   2.9822389e-17
      9398.00   2.9825843e-17
      9399.00   2.9829297e-17
      9400.00   2.9832752e-17
      9401.00   2.9836206e-17
      9402.00   2.9839662e-17
      9403.00   2.9843117e-17
      9404.00   2.9846573e-17
      9405.00   2.9850029e-17
      9406.00   2.9853485e-17
      9407.00   2.9856942e-17
      9408.00   2.9860398e-17
      9409.00   2.9863856e-17
      9410.00   2.9867313e-17
      9411.00   2.9870771e-17
      9412.00   2.9874229e-17
      9413.00   2.9877687e-17
      9414.00   2.9881146e-17
      9415.00   2.9884604e-17
      9416.00   2.9888064e-17
      9417.00   2.9891523e-17
      9418.00   2.9894983e-17
      9419.00   2.9898443e-17
      9420.00   2.9901903e-17
      9421.00   2.9905363e-17
      9422.00   2.9908824e-17
      9423.00   2.9912285e-17
      9424.00   2.9915747e-17
      9425.00   2.9919208e-17
      9426.00   2.9922670e-17
      9427.00   2.9926133e-17
      9428.00   2.9929595e-17
      9429.00   2.9933058e-17
      9430.00   2.9936521e-17
      9431.00   2.9939984e-17
      9432.00   2.9943448e-17
      9433.00   2.9946912e-17
      9434.00   2.9950376e-17
      9435.00   2.9953841e-17
      9436.00   2.9957305e-17
      9437.00   2.9960770e-17
      9438.00   2.9964236e-17
      9439.00   2.9967701e-17
      9440.00   2.9971167e-17
      9441.00   2.9974634e-17
      9442.00   2.9978100e-17
      9443.00   2.9981567e-17
      9444.00   2.9985034e-17
      9445.00   2.9988501e-17
      9446.00   2.9991969e-17
      9447.00   2.9995437e-17
      9448.00   2.9998905e-17
      9449.00   3.0002373e-17
      9450.00   3.0005842e-17
      9451.00   3.0009311e-17
      9452.00   3.0012780e-17
      9453.00   3.0016250e-17
      9454.00   3.0019720e-17
      9455.00   3.0023190e-17
      9456.00   3.0026660e-17
      9457.00   3.0030131e-17
      9458.00   3.0033602e-17
      9459.00   3.0037073e-17
      9460.00   3.0040545e-17
      9461.00   3.0044017e-17
      9462.00   3.0047489e-17
      9463.00   3.0050961e-17
      9464.00   3.0054434e-17
      9465.00   3.0057907e-17
      9466.00   3.0061380e-17
      9467.00   3.0064854e-17
      9468.00   3.0068328e-17
      9469.00   3.0071802e-17
      9470.00   3.0075276e-17
      9471.00   3.0078751e-17
      9472.00   3.0082226e-17
      9473.00   3.0085701e-17
      9474.00   3.0089176e-17
      9475.00   3.0092652e-17
      9476.00   3.0096128e-17
      9477.00   3.0099605e-17
      9478.00   3.0103081e-17
      9479.00   3.0106558e-17
      9480.00   3.0110035e-17
      9481.00   3.0113513e-17
      9482.00   3.0116990e-17
      9483.00   3.0120469e-17
      9484.00   3.0123947e-17
      9485.00   3.0127425e-17
      9486.00   3.0130904e-17
      9487.00   3.0134383e-17
      9488.00   3.0137863e-17
      9489.00   3.0141343e-17
      9490.00   3.0144823e-17
      9491.00   3.0148303e-17
      9492.00   3.0151784e-17
      9493.00   3.0155264e-17
      9494.00   3.0158746e-17
      9495.00   3.0162227e-17
      9496.00   3.0165709e-17
      9497.00   3.0169191e-17
      9498.00   3.0172673e-17
      9499.00   3.0176155e-17
      9500.00   3.0179638e-17
      9501.00   3.0183121e-17
      9502.00   3.0186605e-17
      9503.00   3.0190088e-17
      9504.00   3.0193572e-17
      9505.00   3.0197057e-17
      9506.00   3.0200541e-17
      9507.00   3.0204026e-17
      9508.00   3.0207511e-17
      9509.00   3.0210996e-17
      9510.00   3.0214482e-17
      9511.00   3.0217968e-17
      9512.00   3.0221454e-17
      9513.00   3.0224940e-17
      9514.00   3.0228427e-17
      9515.00   3.0231914e-17
      9516.00   3.0235402e-17
      9517.00   3.0238889e-17
      9518.00   3.0242377e-17
      9519.00   3.0245865e-17
      9520.00   3.0249354e-17
      9521.00   3.0252842e-17
      9522.00   3.0256331e-17
      9523.00   3.0259821e-17
      9524.00   3.0263310e-17
      9525.00   3.0266800e-17
      9526.00   3.0270290e-17
      9527.00   3.0273781e-17
      9528.00   3.0277271e-17
      9529.00   3.0280762e-17
      9530.00   3.0284253e-17
      9531.00   3.0287745e-17
      9532.00   3.0291237e-17
      9533.00   3.0294729e-17
      9534.00   3.0298221e-17
      9535.00   3.0301714e-17
      9536.00   3.0305207e-17
      9537.00   3.0308700e-17
      9538.00   3.0312193e-17
      9539.00   3.0315687e-17
      9540.00   3.0319181e-17
      9541.00   3.0322676e-17
      9542.00   3.0326170e-17
      9543.00   3.0329665e-17
      9544.00   3.0333160e-17
      9545.00   3.0336656e-17
      9546.00   3.0340151e-17
      9547.00   3.0343647e-17
      9548.00   3.0347144e-17
      9549.00   3.0350640e-17
      9550.00   3.0354137e-17
      9551.00   3.0357634e-17
      9552.00   3.0361132e-17
      9553.00   3.0364629e-17
      9554.00   3.0368127e-17
      9555.00   3.0371625e-17
      9556.00   3.0375124e-17
      9557.00   3.0378623e-17
      9558.00   3.0382122e-17
      9559.00   3.0385621e-17
      9560.00   3.0389121e-17
      9561.00   3.0392621e-17
      9562.00   3.0396121e-17
      9563.00   3.0399621e-17
      9564.00   3.0403122e-17
      9565.00   3.0406623e-17
      9566.00   3.0410125e-17
      9567.00   3.0413626e-17
      9568.00   3.0417128e-17
      9569.00   3.0420630e-17
      9570.00   3.0424133e-17
      9571.00   3.0427635e-17
      9572.00   3.0431138e-17
      9573.00   3.0434642e-17
      9574.00   3.0438145e-17
      9575.00   3.0441649e-17
      9576.00   3.0445153e-17
      9577.00   3.0448658e-17
      9578.00   3.0452162e-17
      9579.00   3.0455667e-17
      9580.00   3.0459172e-17
      9581.00   3.0462678e-17
      9582.00   3.0466184e-17
      9583.00   3.0469690e-17
      9584.00   3.0473196e-17
      9585.00   3.0476703e-17
      9586.00   3.0480210e-17
      9587.00   3.0483717e-17
      9588.00   3.0487224e-17
      9589.00   3.0490732e-17
      9590.00   3.0494240e-17
      9591.00   3.0497748e-17
      9592.00   3.0501257e-17
      9593.00   3.0504766e-17
      9594.00   3.0508275e-17
      9595.00   3.0511784e-17
      9596.00   3.0515294e-17
      9597.00   3.0518804e-17
      9598.00   3.0522314e-17
      9599.00   3.0525825e-17
      9600.00   3.0529335e-17
      9601.00   3.0532847e-17
      9602.00   3.0536358e-17
      9603.00   3.0539870e-17
      9604.00   3.0543381e-17
      9605.00   3.0546894e-17
      9606.00   3.0550406e-17
      9607.00   3.0553919e-17
      9608.00   3.0557432e-17
      9609.00   3.0560945e-17
      9610.00   3.0564459e-17
      9611.00   3.0567973e-17
      9612.00   3.0571487e-17
      9613.00   3.0575001e-17
      9614.00   3.0578516e-17
      9615.00   3.0582031e-17
      9616.00   3.0585546e-17
      9617.00   3.0589062e-17
      9618.00   3.0592577e-17
      9619.00   3.0596094e-17
      9620.00   3.0599610e-17
      9621.00   3.0603127e-17
      9622.00   3.0606644e-17
      9623.00   3.0610161e-17
      9624.00   3.0613678e-17
      9625.00   3.0617196e-17
      9626.00   3.0620714e-17
      9627.00   3.0624232e-17
      9628.00   3.0627751e-17
      9629.00   3.0631270e-17
      9630.00   3.0634789e-17
      9631.00   3.0638308e-17
      9632.00   3.0641828e-17
      9633.00   3.0645348e-17
      9634.00   3.0648868e-17
      9635.00   3.0652389e-17
      9636.00   3.0655910e-17
      9637.00   3.0659431e-17
      9638.00   3.0662952e-17
      9639.00   3.0666474e-17
      9640.00   3.0669996e-17
      9641.00   3.0673518e-17
      9642.00   3.0677040e-17
      9643.00   3.0680563e-17
      9644.00   3.0684086e-17
      9645.00   3.0687609e-17
      9646.00   3.0691133e-17
      9647.00   3.0694657e-17
      9648.00   3.0698181e-17
      9649.00   3.0701705e-17
      9650.00   3.0705230e-17
      9651.00   3.0708755e-17
      9652.00   3.0712280e-17
      9653.00   3.0715806e-17
      9654.00   3.0719332e-17
      9655.00   3.0722858e-17
      9656.00   3.0726384e-17
      9657.00   3.0729911e-17
      9658.00   3.0733438e-17
      9659.00   3.0736965e-17
      9660.00   3.0740492e-17
      9661.00   3.0744020e-17
      9662.00   3.0747548e-17
      9663.00   3.0751076e-17
      9664.00   3.0754605e-17
      9665.00   3.0758134e-17
      9666.00   3.0761663e-17
      9667.00   3.0765192e-17
      9668.00   3.0768722e-17
      9669.00   3.0772252e-17
      9670.00   3.0775782e-17
      9671.00   3.0779313e-17
      9672.00   3.0782844e-17
      9673.00   3.0786375e-17
      9674.00   3.0789906e-17
      9675.00   3.0793438e-17
      9676.00   3.0796970e-17
      9677.00   3.0800502e-17
      9678.00   3.0804034e-17
      9679.00   3.0807567e-17
      9680.00   3.0811100e-17
      9681.00   3.0814633e-17
      9682.00   3.0818167e-17
      9683.00   3.0821701e-17
      9684.00   3.0825235e-17
      9685.00   3.0828769e-17
      9686.00   3.0832304e-17
      9687.00   3.0835839e-17
      9688.00   3.0839374e-17
      9689.00   3.0842909e-17
      9690.00   3.0846445e-17
      9691.00   3.0849981e-17
      9692.00   3.0853518e-17
      9693.00   3.0857054e-17
      9694.00   3.0860591e-17
      9695.00   3.0864128e-17
      9696.00   3.0867666e-17
      9697.00   3.0871203e-17
      9698.00   3.0874741e-17
      9699.00   3.0878280e-17
      9700.00   3.0881818e-17
      9701.00   3.0885357e-17
      9702.00   3.0888896e-17
      9703.00   3.0892435e-17
      9704.00   3.0895975e-17
      9705.00   3.0899515e-17
      9706.00   3.0903055e-17
      9707.00   3.0906596e-17
      9708.00   3.0910136e-17
      9709.00   3.0913677e-17
      9710.00   3.0917219e-17
      9711.00   3.0920760e-17
      9712.00   3.0924302e-17
      9713.00   3.0927844e-17
      9714.00   3.0931386e-17
      9715.00   3.0934929e-17
      9716.00   3.0938472e-17
      9717.00   3.0942015e-17
      9718.00   3.0945559e-17
      9719.00   3.0949103e-17
      9720.00   3.0952647e-17
      9721.00   3.0956191e-17
      9722.00   3.0959736e-17
      9723.00   3.0963280e-17
      9724.00   3.0966826e-17
      9725.00   3.0970371e-17
      9726.00   3.0973917e-17
      9727.00   3.0977463e-17
      9728.00   3.0981009e-17
      9729.00   3.0984555e-17
      9730.00   3.0988102e-17
      9731.00   3.0991649e-17
      9732.00   3.0995197e-17
      9733.00   3.0998744e-17
      9734.00   3.1002292e-17
      9735.00   3.1005840e-17
      9736.00   3.1009389e-17
      9737.00   3.1012938e-17
      9738.00   3.1016487e-17
      9739.00   3.1020036e-17
      9740.00   3.1023585e-17
      9741.00   3.1027135e-17
      9742.00   3.1030685e-17
      9743.00   3.1034236e-17
      9744.00   3.1037786e-17
      9745.00   3.1041337e-17
      9746.00   3.1044888e-17
      9747.00   3.1048440e-17
      9748.00   3.1051992e-17
      9749.00   3.1055544e-17
      9750.00   3.1059096e-17
      9751.00   3.1062649e-17
      9752.00   3.1066201e-17
      9753.00   3.1069754e-17
      9754.00   3.1073308e-17
      9755.00   3.1076862e-17
      9756.00   3.1080415e-17
      9757.00   3.1083970e-17
      9758.00   3.1087524e-17
      9759.00   3.1091079e-17
      9760.00   3.1094634e-17
      9761.00   3.1098189e-17
      9762.00   3.1101745e-17
      9763.00   3.1105301e-17
      9764.00   3.1108857e-17
      9765.00   3.1112413e-17
      9766.00   3.1115970e-17
      9767.00   3.1119527e-17
      9768.00   3.1123084e-17
      9769.00   3.1126642e-17
      9770.00   3.1130200e-17
      9771.00   3.1133758e-17
      9772.00   3.1137316e-17
      9773.00   3.1140875e-17
      9774.00   3.1144433e-17
      9775.00   3.1147993e-17
      9776.00   3.1151552e-17
      9777.00   3.1155112e-17
      9778.00   3.1158672e-17
      9779.00   3.1162232e-17
      9780.00   3.1165792e-17
      9781.00   3.1169353e-17
      9782.00   3.1172914e-17
      9783.00   3.1176476e-17
      9784.00   3.1180037e-17
      9785.00   3.1183599e-17
      9786.00   3.1187161e-17
      9787.00   3.1190724e-17
      9788.00   3.1194287e-17
      9789.00   3.1197850e-17
      9790.00   3.1201413e-17
      9791.00   3.1204976e-17
      9792.00   3.1208540e-17
      9793.00   3.1212104e-17
      9794.00   3.1215669e-17
      9795.00   3.1219233e-17
      9796.00   3.1222798e-17
      9797.00   3.1226363e-17
      9798.00   3.1229929e-17
      9799.00   3.1233494e-17
      9800.00   3.1237060e-17
      9801.00   3.1240627e-17
      9802.00   3.1244193e-17
      9803.00   3.1247760e-17
      9804.00   3.1251327e-17
      9805.00   3.1254895e-17
      9806.00   3.1258462e-17
      9807.00   3.1262030e-17
      9808.00   3.1265598e-17
      9809.00   3.1269167e-17
      9810.00   3.1272736e-17
      9811.00   3.1276305e-17
      9812.00   3.1279874e-17
      9813.00   3.1283443e-17
      9814.00   3.1287013e-17
      9815.00   3.1290583e-17
      9816.00   3.1294154e-17
      9817.00   3.1297724e-17
      9818.00   3.1301295e-17
      9819.00   3.1304866e-17
      9820.00   3.1308438e-17
      9821.00   3.1312010e-17
      9822.00   3.1315582e-17
      9823.00   3.1319154e-17
      9824.00   3.1322726e-17
      9825.00   3.1326299e-17
      9826.00   3.1329872e-17
      9827.00   3.1333446e-17
      9828.00   3.1337019e-17
      9829.00   3.1340593e-17
      9830.00   3.1344167e-17
      9831.00   3.1347742e-17
      9832.00   3.1351317e-17
      9833.00   3.1354892e-17
      9834.00   3.1358467e-17
      9835.00   3.1362043e-17
      9836.00   3.1365618e-17
      9837.00   3.1369194e-17
      9838.00   3.1372771e-17
      9839.00   3.1376347e-17
      9840.00   3.1379924e-17
      9841.00   3.1383502e-17
      9842.00   3.1387079e-17
      9843.00   3.1390657e-17
      9844.00   3.1394235e-17
      9845.00   3.1397813e-17
      9846.00   3.1401392e-17
      9847.00   3.1404970e-17
      9848.00   3.1408549e-17
      9849.00   3.1412129e-17
      9850.00   3.1415708e-17
      9851.00   3.1419288e-17
      9852.00   3.1422869e-17
      9853.00   3.1426449e-17
      9854.00   3.1430030e-17
      9855.00   3.1433611e-17
      9856.00   3.1437192e-17
      9857.00   3.1440774e-17
      9858.00   3.1444355e-17
      9859.00   3.1447937e-17
      9860.00   3.1451520e-17
      9861.00   3.1455102e-17
      9862.00   3.1458685e-17
      9863.00   3.1462268e-17
      9864.00   3.1465852e-17
      9865.00   3.1469436e-17
      9866.00   3.1473020e-17
      9867.00   3.1476604e-17
      9868.00   3.1480188e-17
      9869.00   3.1483773e-17
      9870.00   3.1487358e-17
      9871.00   3.1490944e-17
      9872.00   3.1494529e-17
      9873.00   3.1498115e-17
      9874.00   3.1501701e-17
      9875.00   3.1505288e-17
      9876.00   3.1508874e-17
      9877.00   3.1512461e-17
      9878.00   3.1516049e-17
      9879.00   3.1519636e-17
      9880.00   3.1523224e-17
      9881.00   3.1526812e-17
      9882.00   3.1530400e-17
      9883.00   3.1533989e-17
      9884.00   3.1537578e-17
      9885.00   3.1541167e-17
      9886.00   3.1544756e-17
      9887.00   3.1548346e-17
      9888.00   3.1551936e-17
      9889.00   3.1555526e-17
      9890.00   3.1559117e-17
      9891.00   3.1562707e-17
      9892.00   3.1566298e-17
      9893.00   3.1569890e-17
      9894.00   3.1573481e-17
      9895.00   3.1577073e-17
      9896.00   3.1580665e-17
      9897.00   3.1584258e-17
      9898.00   3.1587850e-17
      9899.00   3.1591443e-17
      9900.00   3.1595037e-17
      9901.00   3.1598630e-17
      9902.00   3.1602224e-17
      9903.00   3.1605818e-17
      9904.00   3.1609412e-17
      9905.00   3.1613007e-17
      9906.00   3.1616601e-17
      9907.00   3.1620197e-17
      9908.00   3.1623792e-17
      9909.00   3.1627388e-17
      9910.00   3.1630983e-17
      9911.00   3.1634580e-17
      9912.00   3.1638176e-17
      9913.00   3.1641773e-17
      9914.00   3.1645370e-17
      9915.00   3.1648967e-17
      9916.00   3.1652565e-17
      9917.00   3.1656162e-17
      9918.00   3.1659760e-17
      9919.00   3.1663359e-17
      9920.00   3.1666957e-17
      9921.00   3.1670556e-17
      9922.00   3.1674155e-17
      9923.00   3.1677755e-17
      9924.00   3.1681355e-17
      9925.00   3.1684955e-17
      9926.00   3.1688555e-17
      9927.00   3.1692155e-17
      9928.00   3.1695756e-17
      9929.00   3.1699357e-17
      9930.00   3.1702958e-17
      9931.00   3.1706560e-17
      9932.00   3.1710162e-17
      9933.00   3.1713764e-17
      9934.00   3.1717366e-17
      9935.00   3.1720969e-17
      9936.00   3.1724572e-17
      9937.00   3.1728175e-17
      9938.00   3.1731779e-17
      9939.00   3.1735382e-17
      9940.00   3.1738986e-17
      9941.00   3.1742591e-17
      9942.00   3.1746195e-17
      9943.00   3.1749800e-17
      9944.00   3.1753405e-17
      9945.00   3.1757010e-17
      9946.00   3.1760616e-17
      9947.00   3.1764222e-17
      9948.00   3.1767828e-17
      9949.00   3.1771435e-17
      9950.00   3.1775041e-17
      9951.00   3.1778648e-17
      9952.00   3.1782256e-17
      9953.00   3.1785863e-17
      9954.00   3.1789471e-17
      9955.00   3.1793079e-17
      9956.00   3.1796687e-17
      9957.00   3.1800296e-17
      9958.00   3.1803905e-17
      9959.00   3.1807514e-17
      9960.00   3.1811123e-17
      9961.00   3.1814733e-17
      9962.00   3.1818343e-17
      9963.00   3.1821953e-17
      9964.00   3.1825563e-17
      9965.00   3.1829174e-17
      9966.00   3.1832785e-17
      9967.00   3.1836397e-17
      9968.00   3.1840008e-17
      9969.00   3.1843620e-17
      9970.00   3.1847232e-17
      9971.00   3.1850844e-17
      9972.00   3.1854457e-17
      9973.00   3.1858070e-17
      9974.00   3.1861683e-17
      9975.00   3.1865296e-17
      9976.00   3.1868910e-17
      9977.00   3.1872524e-17
      9978.00   3.1876138e-17
      9979.00   3.1879753e-17
      9980.00   3.1883368e-17
      9981.00   3.1886983e-17
      9982.00   3.1890598e-17
      9983.00   3.1894214e-17
      9984.00   3.1897829e-17
      9985.00   3.1901446e-17
      9986.00   3.1905062e-17
      9987.00   3.1908679e-17
      9988.00   3.1912295e-17
      9989.00   3.1915913e-17
      9990.00   3.1919530e-17
      9991.00   3.1923148e-17
      9992.00   3.1926766e-17
      9993.00   3.1930384e-17
      9994.00   3.1934003e-17
      9995.00   3.1937621e-17
      9996.00   3.1941241e-17
      9997.00   3.1944860e-17
      9998.00   3.1948479e-17
      9999.00   3.1952099e-17
      10000.0   3.1955719e-17
